flowdate,hour,period,market,from,to,transit
20251230,1,1,MGP,BSP,COUP,-818.0000
20251230,1,1,MGP,CALA,SICI,1330.9000
20251230,1,1,MGP,CALA,SUD,-1253.0000
20251230,1,1,MGP,CNOR,CORS,0.0000
20251230,1,1,MGP,CNOR,CSUD,1718.6590
20251230,1,1,MGP,CNOR,NORD,-2222.2590
20251230,1,1,MGP,COUP,XAUS,165.0000
20251230,1,1,MGP,COUP,XFRA,-2957.0000
20251230,1,1,MGP,CSUD,MONT,-245.0000
20251230,1,1,MGP,CSUD,SARD,-16.9000
20251230,1,1,MGP,CSUD,SUD,-48.5410
20251230,1,1,MGP,NORD,AUST,0.0000
20251230,1,1,MGP,NORD,COUP,-1974.0000
20251230,1,1,MGP,NORD,FRAN,0.0000
20251230,1,1,MGP,NORD,SLOV,0.0000
20251230,1,1,MGP,NORD,SVIZ,-1150.0000
20251230,1,1,MGP,SARD,COAC,103.0000
20251230,1,1,MGP,SARD,CORS,47.0000
20251230,1,1,MGP,SICI,MALT,124.0000
20251230,1,1,MGP,SUD,GREC,0.0000
20251230,1,1,MGP,SUD,XGRE,-500.0000
20251230,1,2,MGP,SUD,XGRE,-500.0000
20251230,1,2,MGP,SUD,GREC,0.0000
20251230,1,2,MGP,SICI,MALT,119.0000
20251230,1,2,MGP,SARD,CORS,47.0000
20251230,1,2,MGP,SARD,COAC,103.0000
20251230,1,2,MGP,NORD,SVIZ,-1150.0000
20251230,1,2,MGP,NORD,SLOV,0.0000
20251230,1,2,MGP,NORD,FRAN,0.0000
20251230,1,2,MGP,NORD,COUP,-1974.0000
20251230,1,2,MGP,NORD,AUST,0.0000
20251230,1,2,MGP,CSUD,SUD,-215.4410
20251230,1,2,MGP,CSUD,SARD,-40.0000
20251230,1,2,MGP,CSUD,MONT,-245.0000
20251230,1,2,MGP,COUP,XFRA,-2957.0000
20251230,1,2,MGP,COUP,XAUS,165.0000
20251230,1,2,MGP,CNOR,NORD,-2008.4100
20251230,1,2,MGP,CNOR,CSUD,1430.6590
20251230,1,2,MGP,CNOR,CORS,0.0000
20251230,1,2,MGP,CALA,SUD,-1167.2000
20251230,1,2,MGP,CALA,SICI,1272.8000
20251230,1,2,MGP,BSP,COUP,-818.0000
20251230,1,3,MGP,BSP,COUP,-818.0000
20251230,1,3,MGP,CALA,SICI,1184.3000
20251230,1,3,MGP,CALA,SUD,-1047.8000
20251230,1,3,MGP,CNOR,CORS,0.0000
20251230,1,3,MGP,CNOR,CSUD,1015.1590
20251230,1,3,MGP,CNOR,NORD,-1684.1590
20251230,1,3,MGP,COUP,XAUS,165.0000
20251230,1,3,MGP,COUP,XFRA,-2957.0000
20251230,1,3,MGP,CSUD,MONT,-245.0000
20251230,1,3,MGP,CSUD,SARD,-55.6000
20251230,1,3,MGP,CSUD,SUD,-449.3410
20251230,1,3,MGP,NORD,AUST,0.0000
20251230,1,3,MGP,NORD,COUP,-1974.0000
20251230,1,3,MGP,NORD,FRAN,0.0000
20251230,1,3,MGP,NORD,SLOV,0.0000
20251230,1,3,MGP,NORD,SVIZ,-1050.0000
20251230,1,3,MGP,SARD,COAC,103.0000
20251230,1,3,MGP,SARD,CORS,47.0000
20251230,1,3,MGP,SICI,MALT,114.0000
20251230,1,3,MGP,SUD,GREC,0.0000
20251230,1,3,MGP,SUD,XGRE,-500.0000
20251230,1,4,MGP,SUD,XGRE,-500.0000
20251230,1,4,MGP,SUD,GREC,0.0000
20251230,1,4,MGP,SICI,MALT,109.0000
20251230,1,4,MGP,SARD,CORS,47.0000
20251230,1,4,MGP,SARD,COAC,103.0000
20251230,1,4,MGP,NORD,SVIZ,-1050.0000
20251230,1,4,MGP,NORD,SLOV,0.0000
20251230,1,4,MGP,NORD,FRAN,0.0000
20251230,1,4,MGP,NORD,COUP,-1974.0000
20251230,1,4,MGP,NORD,AUST,0.0000
20251230,1,4,MGP,CSUD,SUD,-619.0410
20251230,1,4,MGP,CSUD,SARD,-70.8000
20251230,1,4,MGP,CSUD,MONT,-245.0000
20251230,1,4,MGP,COUP,XFRA,-2957.0000
20251230,1,4,MGP,COUP,XAUS,165.0000
20251230,1,4,MGP,CNOR,NORD,-1356.2590
20251230,1,4,MGP,CNOR,CSUD,775.1590
20251230,1,4,MGP,CNOR,CORS,0.0000
20251230,1,4,MGP,CALA,SUD,-974.4000
20251230,1,4,MGP,CALA,SICI,1131.6000
20251230,1,4,MGP,BSP,COUP,-818.0000
20251230,2,5,MGP,BSP,COUP,-818.0000
20251230,2,5,MGP,CALA,SICI,1132.7000
20251230,2,5,MGP,CALA,SUD,-949.3000
20251230,2,5,MGP,CNOR,CORS,0.0000
20251230,2,5,MGP,CNOR,CSUD,705.7000
20251230,2,5,MGP,CNOR,NORD,-1336.2000
20251230,2,5,MGP,COUP,XAUS,165.0000
20251230,2,5,MGP,COUP,XFRA,-2957.0000
20251230,2,5,MGP,CSUD,MONT,-295.0000
20251230,2,5,MGP,CSUD,SARD,-90.5000
20251230,2,5,MGP,CSUD,SUD,-563.0000
20251230,2,5,MGP,NORD,AUST,0.0000
20251230,2,5,MGP,NORD,COUP,-1974.0000
20251230,2,5,MGP,NORD,FRAN,0.0000
20251230,2,5,MGP,NORD,SLOV,0.0000
20251230,2,5,MGP,NORD,SVIZ,-786.0000
20251230,2,5,MGP,SARD,COAC,99.0000
20251230,2,5,MGP,SARD,CORS,47.0000
20251230,2,5,MGP,SICI,MALT,103.0000
20251230,2,5,MGP,SUD,XGRE,-500.0000
20251230,2,5,MGP,SUD,GREC,0.0000
20251230,2,6,MGP,SUD,GREC,0.0000
20251230,2,6,MGP,SUD,XGRE,-500.0000
20251230,2,6,MGP,SICI,MALT,99.0000
20251230,2,6,MGP,SARD,CORS,47.0000
20251230,2,6,MGP,SARD,COAC,99.0000
20251230,2,6,MGP,NORD,SVIZ,-787.0000
20251230,2,6,MGP,NORD,SLOV,0.0000
20251230,2,6,MGP,NORD,FRAN,0.0000
20251230,2,6,MGP,NORD,COUP,-1974.0000
20251230,2,6,MGP,NORD,AUST,0.0000
20251230,2,6,MGP,CSUD,SUD,-621.8000
20251230,2,6,MGP,CSUD,SARD,-101.8000
20251230,2,6,MGP,CSUD,MONT,-295.0000
20251230,2,6,MGP,COUP,XFRA,-2957.0000
20251230,2,6,MGP,COUP,XAUS,165.0000
20251230,2,6,MGP,CNOR,NORD,-1093.5000
20251230,2,6,MGP,CNOR,CSUD,507.5000
20251230,2,6,MGP,CNOR,CORS,0.0000
20251230,2,6,MGP,CALA,SUD,-915.3000
20251230,2,6,MGP,CALA,SICI,1109.8000
20251230,2,6,MGP,BSP,COUP,-818.0000
20251230,2,7,MGP,BSP,COUP,-818.0000
20251230,2,7,MGP,CALA,SICI,1042.1000
20251230,2,7,MGP,CALA,SUD,-842.7000
20251230,2,7,MGP,CNOR,CORS,0.0000
20251230,2,7,MGP,CNOR,CSUD,377.0000
20251230,2,7,MGP,CNOR,NORD,-972.7000
20251230,2,7,MGP,COUP,XAUS,165.0000
20251230,2,7,MGP,COUP,XFRA,-2957.0000
20251230,2,7,MGP,CSUD,MONT,-295.0000
20251230,2,7,MGP,CSUD,SARD,-111.9000
20251230,2,7,MGP,CSUD,SUD,-707.2000
20251230,2,7,MGP,NORD,AUST,0.0000
20251230,2,7,MGP,NORD,COUP,-1974.0000
20251230,2,7,MGP,NORD,FRAN,0.0000
20251230,2,7,MGP,NORD,SLOV,0.0000
20251230,2,7,MGP,NORD,SVIZ,-787.0000
20251230,2,7,MGP,SARD,COAC,99.0000
20251230,2,7,MGP,SARD,CORS,47.0000
20251230,2,7,MGP,SICI,MALT,95.0000
20251230,2,7,MGP,SUD,XGRE,-500.0000
20251230,2,7,MGP,SUD,GREC,0.0000
20251230,2,8,MGP,SUD,GREC,0.0000
20251230,2,8,MGP,SUD,XGRE,-500.0000
20251230,2,8,MGP,SICI,MALT,92.0000
20251230,2,8,MGP,SARD,CORS,47.0000
20251230,2,8,MGP,SARD,COAC,99.0000
20251230,2,8,MGP,NORD,SVIZ,-786.0000
20251230,2,8,MGP,NORD,SLOV,0.0000
20251230,2,8,MGP,NORD,FRAN,0.0000
20251230,2,8,MGP,NORD,COUP,-1974.0000
20251230,2,8,MGP,NORD,AUST,0.0000
20251230,2,8,MGP,CSUD,SUD,-775.1000
20251230,2,8,MGP,CSUD,SARD,-119.8000
20251230,2,8,MGP,CSUD,MONT,-315.0000
20251230,2,8,MGP,COUP,XFRA,-2957.0000
20251230,2,8,MGP,COUP,XAUS,165.0000
20251230,2,8,MGP,CNOR,NORD,-861.4000
20251230,2,8,MGP,CNOR,CSUD,265.0000
20251230,2,8,MGP,CNOR,CORS,0.0000
20251230,2,8,MGP,CALA,SUD,-820.9000
20251230,2,8,MGP,CALA,SICI,1024.7000
20251230,2,8,MGP,BSP,COUP,-818.0000
20251230,3,9,MGP,BSP,COUP,-818.0000
20251230,3,9,MGP,CALA,SICI,1037.1000
20251230,3,9,MGP,CALA,SUD,-809.7000
20251230,3,9,MGP,CNOR,CORS,0.0000
20251230,3,9,MGP,CNOR,CSUD,97.7000
20251230,3,9,MGP,CNOR,NORD,-687.9000
20251230,3,9,MGP,COUP,XAUS,165.0000
20251230,3,9,MGP,COUP,XFRA,-2903.0000
20251230,3,9,MGP,CSUD,MONT,-432.0000
20251230,3,9,MGP,CSUD,SARD,-139.9000
20251230,3,9,MGP,CSUD,SUD,-772.1000
20251230,3,9,MGP,NORD,AUST,0.0000
20251230,3,9,MGP,NORD,COUP,-1920.0000
20251230,3,9,MGP,NORD,FRAN,0.0000
20251230,3,9,MGP,NORD,SLOV,0.0000
20251230,3,9,MGP,NORD,SVIZ,-823.0000
20251230,3,9,MGP,SARD,COAC,94.0000
20251230,3,9,MGP,SARD,CORS,40.0000
20251230,3,9,MGP,SICI,MALT,89.0000
20251230,3,9,MGP,SUD,GREC,0.0000
20251230,3,9,MGP,SUD,XGRE,-500.0000
20251230,3,10,MGP,SUD,XGRE,-500.0000
20251230,3,10,MGP,SUD,GREC,0.0000
20251230,3,10,MGP,SICI,MALT,87.0000
20251230,3,10,MGP,SARD,CORS,40.0000
20251230,3,10,MGP,SARD,COAC,94.0000
20251230,3,10,MGP,NORD,SVIZ,-824.0000
20251230,3,10,MGP,NORD,SLOV,0.0000
20251230,3,10,MGP,NORD,FRAN,0.0000
20251230,3,10,MGP,NORD,COUP,-1920.0000
20251230,3,10,MGP,NORD,AUST,0.0000
20251230,3,10,MGP,CSUD,SUD,-781.6000
20251230,3,10,MGP,CSUD,SARD,-149.7000
20251230,3,10,MGP,CSUD,MONT,-432.0000
20251230,3,10,MGP,COUP,XFRA,-2903.0000
20251230,3,10,MGP,COUP,XAUS,165.0000
20251230,3,10,MGP,CNOR,NORD,-723.3000
20251230,3,10,MGP,CNOR,CSUD,135.9000
20251230,3,10,MGP,CNOR,CORS,0.0000
20251230,3,10,MGP,CALA,SUD,-790.2000
20251230,3,10,MGP,CALA,SICI,1026.3000
20251230,3,10,MGP,BSP,COUP,-818.0000
20251230,3,11,MGP,BSP,COUP,-818.0000
20251230,3,11,MGP,CALA,SICI,1031.6000
20251230,3,11,MGP,CALA,SUD,-794.8000
20251230,3,11,MGP,CNOR,CORS,0.0000
20251230,3,11,MGP,CNOR,CSUD,182.7000
20251230,3,11,MGP,CNOR,NORD,-763.1000
20251230,3,11,MGP,COUP,XAUS,165.0000
20251230,3,11,MGP,COUP,XFRA,-2903.0000
20251230,3,11,MGP,CSUD,MONT,-432.0000
20251230,3,11,MGP,CSUD,SARD,-154.1000
20251230,3,11,MGP,CSUD,SUD,-751.2000
20251230,3,11,MGP,NORD,AUST,0.0000
20251230,3,11,MGP,NORD,COUP,-1920.0000
20251230,3,11,MGP,NORD,FRAN,0.0000
20251230,3,11,MGP,NORD,SLOV,0.0000
20251230,3,11,MGP,NORD,SVIZ,-824.0000
20251230,3,11,MGP,SARD,COAC,94.0000
20251230,3,11,MGP,SARD,CORS,40.0000
20251230,3,11,MGP,SICI,MALT,86.0000
20251230,3,11,MGP,SUD,GREC,0.0000
20251230,3,11,MGP,SUD,XGRE,-500.0000
20251230,3,12,MGP,SUD,XGRE,-500.0000
20251230,3,12,MGP,SUD,GREC,0.0000
20251230,3,12,MGP,SICI,MALT,84.0000
20251230,3,12,MGP,SARD,CORS,40.0000
20251230,3,12,MGP,SARD,COAC,94.0000
20251230,3,12,MGP,NORD,SVIZ,-823.0000
20251230,3,12,MGP,NORD,SLOV,0.0000
20251230,3,12,MGP,NORD,FRAN,0.0000
20251230,3,12,MGP,NORD,COUP,-1920.0000
20251230,3,12,MGP,NORD,AUST,0.0000
20251230,3,12,MGP,CSUD,SUD,-791.2000
20251230,3,12,MGP,CSUD,SARD,-160.6000
20251230,3,12,MGP,CSUD,MONT,-432.0000
20251230,3,12,MGP,COUP,XFRA,-2903.0000
20251230,3,12,MGP,COUP,XAUS,165.0000
20251230,3,12,MGP,CNOR,NORD,-697.2000
20251230,3,12,MGP,CNOR,CSUD,106.6000
20251230,3,12,MGP,CNOR,CORS,0.0000
20251230,3,12,MGP,CALA,SUD,-765.4000
20251230,3,12,MGP,CALA,SICI,1011.6000
20251230,3,12,MGP,BSP,COUP,-818.0000
20251230,4,13,MGP,BSP,COUP,-680.0000
20251230,4,13,MGP,CALA,SICI,1065.3000
20251230,4,13,MGP,CALA,SUD,-812.5000
20251230,4,13,MGP,CNOR,CORS,0.0000
20251230,4,13,MGP,CNOR,CSUD,163.0000
20251230,4,13,MGP,CNOR,NORD,-743.3000
20251230,4,13,MGP,COUP,XAUS,165.0000
20251230,4,13,MGP,COUP,XFRA,-2864.0000
20251230,4,13,MGP,CSUD,MONT,-460.0000
20251230,4,13,MGP,CSUD,SARD,-163.0000
20251230,4,13,MGP,CSUD,SUD,-723.2000
20251230,4,13,MGP,NORD,AUST,0.0000
20251230,4,13,MGP,NORD,COUP,-2019.0000
20251230,4,13,MGP,NORD,FRAN,0.0000
20251230,4,13,MGP,NORD,SLOV,0.0000
20251230,4,13,MGP,NORD,SVIZ,-857.0000
20251230,4,13,MGP,SARD,COAC,93.0000
20251230,4,13,MGP,SARD,CORS,40.0000
20251230,4,13,MGP,SICI,MALT,82.0000
20251230,4,13,MGP,SUD,XGRE,-500.0000
20251230,4,13,MGP,SUD,GREC,0.0000
20251230,4,14,MGP,SUD,GREC,0.0000
20251230,4,14,MGP,SUD,XGRE,-500.0000
20251230,4,14,MGP,SICI,MALT,104.0000
20251230,4,14,MGP,SARD,CORS,40.0000
20251230,4,14,MGP,SARD,COAC,93.0000
20251230,4,14,MGP,NORD,SVIZ,-857.0000
20251230,4,14,MGP,NORD,SLOV,0.0000
20251230,4,14,MGP,NORD,FRAN,0.0000
20251230,4,14,MGP,NORD,COUP,-2019.0000
20251230,4,14,MGP,NORD,AUST,0.0000
20251230,4,14,MGP,CSUD,SUD,-703.0000
20251230,4,14,MGP,CSUD,SARD,-144.9000
20251230,4,14,MGP,CSUD,MONT,-460.0000
20251230,4,14,MGP,COUP,XFRA,-2864.0000
20251230,4,14,MGP,COUP,XAUS,165.0000
20251230,4,14,MGP,CNOR,NORD,-774.0000
20251230,4,14,MGP,CNOR,CSUD,212.6000
20251230,4,14,MGP,CNOR,CORS,0.0000
20251230,4,14,MGP,CALA,SUD,-825.7000
20251230,4,14,MGP,CALA,SICI,1083.0000
20251230,4,14,MGP,BSP,COUP,-680.0000
20251230,4,15,MGP,BSP,COUP,-680.0000
20251230,4,15,MGP,CALA,SICI,1073.5000
20251230,4,15,MGP,CALA,SUD,-806.6000
20251230,4,15,MGP,CNOR,CORS,0.0000
20251230,4,15,MGP,CNOR,CSUD,86.4000
20251230,4,15,MGP,CNOR,NORD,-617.8000
20251230,4,15,MGP,COUP,XAUS,165.0000
20251230,4,15,MGP,COUP,XFRA,-2864.0000
20251230,4,15,MGP,CSUD,MONT,-460.0000
20251230,4,15,MGP,CSUD,SARD,-150.3000
20251230,4,15,MGP,CSUD,SUD,-757.3000
20251230,4,15,MGP,NORD,AUST,0.0000
20251230,4,15,MGP,NORD,COUP,-2019.0000
20251230,4,15,MGP,NORD,FRAN,0.0000
20251230,4,15,MGP,NORD,SLOV,0.0000
20251230,4,15,MGP,NORD,SVIZ,-857.0000
20251230,4,15,MGP,SARD,COAC,93.0000
20251230,4,15,MGP,SARD,CORS,40.0000
20251230,4,15,MGP,SICI,MALT,103.0000
20251230,4,15,MGP,SUD,XGRE,-500.0000
20251230,4,15,MGP,SUD,GREC,0.0000
20251230,4,16,MGP,SUD,GREC,0.0000
20251230,4,16,MGP,SUD,XGRE,-500.0000
20251230,4,16,MGP,SICI,MALT,103.0000
20251230,4,16,MGP,SARD,CORS,40.0000
20251230,4,16,MGP,SARD,COAC,93.0000
20251230,4,16,MGP,NORD,SVIZ,-856.0000
20251230,4,16,MGP,NORD,SLOV,0.0000
20251230,4,16,MGP,NORD,FRAN,0.0000
20251230,4,16,MGP,NORD,COUP,-2019.0000
20251230,4,16,MGP,NORD,AUST,0.0000
20251230,4,16,MGP,CSUD,SUD,-704.0000
20251230,4,16,MGP,CSUD,SARD,-153.7000
20251230,4,16,MGP,CSUD,MONT,-460.0000
20251230,4,16,MGP,COUP,XFRA,-2864.0000
20251230,4,16,MGP,COUP,XAUS,165.0000
20251230,4,16,MGP,CNOR,NORD,-706.6000
20251230,4,16,MGP,CNOR,CSUD,163.8000
20251230,4,16,MGP,CNOR,CORS,0.0000
20251230,4,16,MGP,CALA,SUD,-807.0000
20251230,4,16,MGP,CALA,SICI,1070.7000
20251230,4,16,MGP,BSP,COUP,-680.0000
20251230,5,17,MGP,BSP,COUP,-680.0000
20251230,5,17,MGP,CALA,SICI,984.8000
20251230,5,17,MGP,CALA,SUD,-720.3000
20251230,5,17,MGP,CNOR,CORS,0.0000
20251230,5,17,MGP,CNOR,CSUD,58.6980
20251230,5,17,MGP,CNOR,NORD,-595.2330
20251230,5,17,MGP,COUP,XAUS,165.0000
20251230,5,17,MGP,COUP,XFRA,-2864.0000
20251230,5,17,MGP,CSUD,MONT,-508.0000
20251230,5,17,MGP,CSUD,SARD,-27.5430
20251230,5,17,MGP,CSUD,SUD,-791.6000
20251230,5,17,MGP,NORD,AUST,0.0000
20251230,5,17,MGP,NORD,COUP,-2019.0000
20251230,5,17,MGP,NORD,FRAN,0.0000
20251230,5,17,MGP,NORD,SLOV,0.0000
20251230,5,17,MGP,NORD,SVIZ,-888.0000
20251230,5,17,MGP,SARD,COAC,92.0000
20251230,5,17,MGP,SARD,CORS,40.0000
20251230,5,17,MGP,SICI,MALT,82.0000
20251230,5,17,MGP,SUD,GREC,0.0000
20251230,5,17,MGP,SUD,XGRE,-500.0000
20251230,5,18,MGP,SUD,XGRE,-500.0000
20251230,5,18,MGP,SUD,GREC,0.0000
20251230,5,18,MGP,SICI,MALT,83.0000
20251230,5,18,MGP,SARD,CORS,40.0000
20251230,5,18,MGP,SARD,COAC,92.0000
20251230,5,18,MGP,NORD,SVIZ,-888.0000
20251230,5,18,MGP,NORD,SLOV,0.0000
20251230,5,18,MGP,NORD,FRAN,0.0000
20251230,5,18,MGP,NORD,COUP,-2019.0000
20251230,5,18,MGP,NORD,AUST,0.0000
20251230,5,18,MGP,CSUD,SUD,-762.2000
20251230,5,18,MGP,CSUD,SARD,-80.6650
20251230,5,18,MGP,CSUD,MONT,-508.0000
20251230,5,18,MGP,COUP,XFRA,-2864.0000
20251230,5,18,MGP,COUP,XAUS,165.0000
20251230,5,18,MGP,CNOR,NORD,-571.6030
20251230,5,18,MGP,CNOR,CSUD,37.8500
20251230,5,18,MGP,CNOR,CORS,0.0000
20251230,5,18,MGP,CALA,SUD,-724.3000
20251230,5,18,MGP,CALA,SICI,987.8000
20251230,5,18,MGP,BSP,COUP,-680.0000
20251230,5,19,MGP,BSP,COUP,-680.0000
20251230,5,19,MGP,CALA,SICI,956.3000
20251230,5,19,MGP,CALA,SUD,-691.1000
20251230,5,19,MGP,CNOR,CORS,0.0000
20251230,5,19,MGP,CNOR,CSUD,-55.3530
20251230,5,19,MGP,CNOR,NORD,-505.4420
20251230,5,19,MGP,COUP,XAUS,165.0000
20251230,5,19,MGP,COUP,XFRA,-2864.0000
20251230,5,19,MGP,CSUD,MONT,-508.0000
20251230,5,19,MGP,CSUD,SARD,-172.8670
20251230,5,19,MGP,CSUD,SUD,-787.8000
20251230,5,19,MGP,NORD,AUST,0.0000
20251230,5,19,MGP,NORD,COUP,-2019.0000
20251230,5,19,MGP,NORD,FRAN,0.0000
20251230,5,19,MGP,NORD,SLOV,0.0000
20251230,5,19,MGP,NORD,SVIZ,-888.0000
20251230,5,19,MGP,SARD,COAC,92.0000
20251230,5,19,MGP,SARD,CORS,40.0000
20251230,5,19,MGP,SICI,MALT,86.0000
20251230,5,19,MGP,SUD,GREC,0.0000
20251230,5,19,MGP,SUD,XGRE,-500.0000
20251230,5,20,MGP,SUD,XGRE,-500.0000
20251230,5,20,MGP,SUD,GREC,0.0000
20251230,5,20,MGP,SICI,MALT,89.0000
20251230,5,20,MGP,SARD,CORS,40.0000
20251230,5,20,MGP,SARD,COAC,92.0000
20251230,5,20,MGP,NORD,SVIZ,-887.0000
20251230,5,20,MGP,NORD,SLOV,0.0000
20251230,5,20,MGP,NORD,FRAN,0.0000
20251230,5,20,MGP,NORD,COUP,-2019.0000
20251230,5,20,MGP,NORD,AUST,0.0000
20251230,5,20,MGP,CSUD,SUD,-744.7000
20251230,5,20,MGP,CSUD,SARD,-63.4160
20251230,5,20,MGP,CSUD,MONT,-508.0000
20251230,5,20,MGP,COUP,XFRA,-2864.0000
20251230,5,20,MGP,COUP,XAUS,165.0000
20251230,5,20,MGP,CNOR,NORD,-581.7220
20251230,5,20,MGP,CNOR,CSUD,64.7810
20251230,5,20,MGP,CNOR,CORS,0.0000
20251230,5,20,MGP,CALA,SUD,-722.8000
20251230,5,20,MGP,CALA,SICI,987.3000
20251230,5,20,MGP,BSP,COUP,-680.0000
20251230,6,21,MGP,BSP,COUP,-680.0000
20251230,6,21,MGP,CALA,SICI,995.1000
20251230,6,21,MGP,CALA,SUD,-743.4000
20251230,6,21,MGP,CNOR,CORS,0.0000
20251230,6,21,MGP,CNOR,CSUD,44.5000
20251230,6,21,MGP,CNOR,NORD,-579.5000
20251230,6,21,MGP,COUP,XAUS,165.0000
20251230,6,21,MGP,COUP,XFRA,-2864.0000
20251230,6,21,MGP,CSUD,MONT,-480.0000
20251230,6,21,MGP,CSUD,SARD,-183.8000
20251230,6,21,MGP,CSUD,SUD,-711.3000
20251230,6,21,MGP,NORD,AUST,0.0000
20251230,6,21,MGP,NORD,COUP,-2019.0000
20251230,6,21,MGP,NORD,FRAN,0.0000
20251230,6,21,MGP,NORD,SLOV,0.0000
20251230,6,21,MGP,NORD,SVIZ,-756.0000
20251230,6,21,MGP,SARD,COAC,91.0000
20251230,6,21,MGP,SARD,CORS,43.0000
20251230,6,21,MGP,SICI,MALT,94.0000
20251230,6,21,MGP,SUD,XGRE,-500.0000
20251230,6,21,MGP,SUD,GREC,0.0000
20251230,6,22,MGP,SUD,GREC,0.0000
20251230,6,22,MGP,SUD,XGRE,-500.0000
20251230,6,22,MGP,SICI,MALT,99.0000
20251230,6,22,MGP,SARD,CORS,43.0000
20251230,6,22,MGP,SARD,COAC,91.0000
20251230,6,22,MGP,NORD,SVIZ,-756.0000
20251230,6,22,MGP,NORD,SLOV,0.0000
20251230,6,22,MGP,NORD,FRAN,0.0000
20251230,6,22,MGP,NORD,COUP,-2019.0000
20251230,6,22,MGP,NORD,AUST,0.0000
20251230,6,22,MGP,CSUD,SUD,-686.5000
20251230,6,22,MGP,CSUD,SARD,-181.6000
20251230,6,22,MGP,CSUD,MONT,-480.0000
20251230,6,22,MGP,COUP,XFRA,-2864.0000
20251230,6,22,MGP,COUP,XAUS,165.0000
20251230,6,22,MGP,CNOR,NORD,-814.4000
20251230,6,22,MGP,CNOR,CSUD,166.5000
20251230,6,22,MGP,CNOR,CORS,0.0000
20251230,6,22,MGP,CALA,SUD,-762.6000
20251230,6,22,MGP,CALA,SICI,1004.5000
20251230,6,22,MGP,BSP,COUP,-680.0000
20251230,6,23,MGP,BSP,COUP,-680.0000
20251230,6,23,MGP,CALA,SICI,1023.4000
20251230,6,23,MGP,CALA,SUD,-785.3000
20251230,6,23,MGP,CNOR,CORS,0.0000
20251230,6,23,MGP,CNOR,CSUD,207.0000
20251230,6,23,MGP,CNOR,NORD,-820.0000
20251230,6,23,MGP,COUP,XAUS,165.0000
20251230,6,23,MGP,COUP,XFRA,-2864.0000
20251230,6,23,MGP,CSUD,MONT,-465.0000
20251230,6,23,MGP,CSUD,SARD,-171.6000
20251230,6,23,MGP,CSUD,SUD,-666.9000
20251230,6,23,MGP,NORD,AUST,0.0000
20251230,6,23,MGP,NORD,COUP,-2019.0000
20251230,6,23,MGP,NORD,FRAN,0.0000
20251230,6,23,MGP,NORD,SLOV,0.0000
20251230,6,23,MGP,NORD,SVIZ,-755.0000
20251230,6,23,MGP,SARD,COAC,91.0000
20251230,6,23,MGP,SARD,CORS,43.0000
20251230,6,23,MGP,SICI,MALT,106.0000
20251230,6,23,MGP,SUD,XGRE,-500.0000
20251230,6,23,MGP,SUD,GREC,0.0000
20251230,6,24,MGP,SUD,GREC,0.0000
20251230,6,24,MGP,SUD,XGRE,-500.0000
20251230,6,24,MGP,SICI,MALT,113.0000
20251230,6,24,MGP,SARD,CORS,43.0000
20251230,6,24,MGP,SARD,COAC,91.0000
20251230,6,24,MGP,NORD,SVIZ,-819.0000
20251230,6,24,MGP,NORD,SLOV,0.0000
20251230,6,24,MGP,NORD,FRAN,0.0000
20251230,6,24,MGP,NORD,COUP,-2019.0000
20251230,6,24,MGP,NORD,AUST,0.0000
20251230,6,24,MGP,CSUD,SUD,-549.1000
20251230,6,24,MGP,CSUD,SARD,-162.5000
20251230,6,24,MGP,CSUD,MONT,-465.0000
20251230,6,24,MGP,COUP,XFRA,-2864.0000
20251230,6,24,MGP,COUP,XAUS,165.0000
20251230,6,24,MGP,CNOR,NORD,-989.8060
20251230,6,24,MGP,CNOR,CSUD,405.7000
20251230,6,24,MGP,CNOR,CORS,0.0000
20251230,6,24,MGP,CALA,SUD,-835.9000
20251230,6,24,MGP,CALA,SICI,1072.9000
20251230,6,24,MGP,BSP,COUP,-680.0000
20251230,7,25,MGP,BSP,COUP,-680.0000
20251230,7,25,MGP,CALA,SICI,1117.7000
20251230,7,25,MGP,CALA,SUD,-855.7000
20251230,7,25,MGP,CNOR,CORS,0.0000
20251230,7,25,MGP,CNOR,CSUD,765.7610
20251230,7,25,MGP,CNOR,NORD,-1367.7610
20251230,7,25,MGP,COUP,XAUS,165.0000
20251230,7,25,MGP,COUP,XFRA,-2864.0000
20251230,7,25,MGP,CSUD,MONT,-385.0000
20251230,7,25,MGP,CSUD,SARD,-155.8000
20251230,7,25,MGP,CSUD,SUD,-304.5390
20251230,7,25,MGP,NORD,AUST,0.0000
20251230,7,25,MGP,NORD,COUP,-2019.0000
20251230,7,25,MGP,NORD,FRAN,0.0000
20251230,7,25,MGP,NORD,SLOV,0.0000
20251230,7,25,MGP,NORD,SVIZ,-917.0000
20251230,7,25,MGP,SARD,COAC,99.0000
20251230,7,25,MGP,SARD,CORS,47.0000
20251230,7,25,MGP,SICI,MALT,122.0000
20251230,7,25,MGP,SUD,GREC,0.0000
20251230,7,25,MGP,SUD,XGRE,-232.8390
20251230,7,26,MGP,SUD,XGRE,-232.8390
20251230,7,26,MGP,SUD,GREC,0.0000
20251230,7,26,MGP,SICI,MALT,130.0000
20251230,7,26,MGP,SARD,CORS,47.0000
20251230,7,26,MGP,SARD,COAC,99.0000
20251230,7,26,MGP,NORD,SVIZ,-915.7610
20251230,7,26,MGP,NORD,SLOV,0.0000
20251230,7,26,MGP,NORD,FRAN,0.0000
20251230,7,26,MGP,NORD,COUP,-2019.0000
20251230,7,26,MGP,NORD,AUST,0.0000
20251230,7,26,MGP,CSUD,SUD,-561.5390
20251230,7,26,MGP,CSUD,SARD,-140.3000
20251230,7,26,MGP,CSUD,MONT,-350.0000
20251230,7,26,MGP,COUP,XFRA,-2864.0000
20251230,7,26,MGP,COUP,XAUS,165.0000
20251230,7,26,MGP,CNOR,NORD,-1431.7610
20251230,7,26,MGP,CNOR,CSUD,737.9610
20251230,7,26,MGP,CNOR,CORS,0.0000
20251230,7,26,MGP,CALA,SUD,-484.7000
20251230,7,26,MGP,CALA,SICI,1208.9000
20251230,7,26,MGP,BSP,COUP,-680.0000
20251230,7,27,MGP,BSP,COUP,-680.0000
20251230,7,27,MGP,CALA,SICI,1281.0000
20251230,7,27,MGP,CALA,SUD,-484.7000
20251230,7,27,MGP,CNOR,CORS,0.0000
20251230,7,27,MGP,CNOR,CSUD,991.2610
20251230,7,27,MGP,CNOR,NORD,-1791.3610
20251230,7,27,MGP,COUP,XAUS,165.0000
20251230,7,27,MGP,COUP,XFRA,-2864.0000
20251230,7,27,MGP,CSUD,MONT,-350.0000
20251230,7,27,MGP,CSUD,SARD,-112.8000
20251230,7,27,MGP,CSUD,SUD,-519.0390
20251230,7,27,MGP,NORD,AUST,0.0000
20251230,7,27,MGP,NORD,COUP,-2019.0000
20251230,7,27,MGP,NORD,FRAN,0.0000
20251230,7,27,MGP,NORD,SLOV,0.0000
20251230,7,27,MGP,NORD,SVIZ,-951.3610
20251230,7,27,MGP,SARD,COAC,99.0000
20251230,7,27,MGP,SARD,CORS,47.0000
20251230,7,27,MGP,SICI,MALT,137.0000
20251230,7,27,MGP,SUD,GREC,0.0000
20251230,7,27,MGP,SUD,XGRE,-232.8390
20251230,7,28,MGP,SUD,XGRE,-232.8390
20251230,7,28,MGP,SUD,GREC,0.0000
20251230,7,28,MGP,SICI,MALT,147.0000
20251230,7,28,MGP,SARD,CORS,47.0000
20251230,7,28,MGP,SARD,COAC,99.0000
20251230,7,28,MGP,NORD,SVIZ,-1006.0000
20251230,7,28,MGP,NORD,SLOV,0.0000
20251230,7,28,MGP,NORD,FRAN,0.0000
20251230,7,28,MGP,NORD,COUP,-2019.0000
20251230,7,28,MGP,NORD,AUST,0.0000
20251230,7,28,MGP,CSUD,SUD,-513.4390
20251230,7,28,MGP,CSUD,SARD,-95.6000
20251230,7,28,MGP,CSUD,MONT,-350.0000
20251230,7,28,MGP,COUP,XFRA,-2864.0000
20251230,7,28,MGP,COUP,XAUS,165.0000
20251230,7,28,MGP,CNOR,NORD,-1789.0000
20251230,7,28,MGP,CNOR,CSUD,1113.2610
20251230,7,28,MGP,CNOR,CORS,0.0000
20251230,7,28,MGP,CALA,SUD,-475.2000
20251230,7,28,MGP,CALA,SICI,1329.9000
20251230,7,28,MGP,BSP,COUP,-680.0000
20251230,8,29,MGP,BSP,COUP,-841.0000
20251230,8,29,MGP,CALA,SICI,1412.0000
20251230,8,29,MGP,CALA,SUD,-475.8000
20251230,8,29,MGP,CNOR,CORS,0.0000
20251230,8,29,MGP,CNOR,CSUD,1206.4000
20251230,8,29,MGP,CNOR,NORD,-1931.4000
20251230,8,29,MGP,COUP,XAUS,120.0000
20251230,8,29,MGP,COUP,XFRA,-2809.0000
20251230,8,29,MGP,CSUD,MONT,-403.0000
20251230,8,29,MGP,CSUD,SARD,-44.8000
20251230,8,29,MGP,CSUD,SUD,-815.9000
20251230,8,29,MGP,NORD,AUST,0.0000
20251230,8,29,MGP,NORD,COUP,-1848.0000
20251230,8,29,MGP,NORD,FRAN,0.0000
20251230,8,29,MGP,NORD,SLOV,0.0000
20251230,8,29,MGP,NORD,SVIZ,-1351.4000
20251230,8,29,MGP,SARD,COAC,99.0000
20251230,8,29,MGP,SARD,CORS,47.0000
20251230,8,29,MGP,SICI,MALT,157.0000
20251230,8,29,MGP,SUD,XGRE,-500.0000
20251230,8,29,MGP,SUD,GREC,0.0000
20251230,8,30,MGP,SUD,GREC,0.0000
20251230,8,30,MGP,SUD,XGRE,-500.0000
20251230,8,30,MGP,SICI,MALT,46.0000
20251230,8,30,MGP,SARD,CORS,47.0000
20251230,8,30,MGP,SARD,COAC,99.0000
20251230,8,30,MGP,NORD,SVIZ,-1538.8000
20251230,8,30,MGP,NORD,SLOV,0.0000
20251230,8,30,MGP,NORD,FRAN,0.0000
20251230,8,30,MGP,NORD,COUP,-1848.0000
20251230,8,30,MGP,NORD,AUST,0.0000
20251230,8,30,MGP,CSUD,SUD,-1339.5000
20251230,8,30,MGP,CSUD,SARD,-22.4000
20251230,8,30,MGP,CSUD,MONT,-383.0000
20251230,8,30,MGP,COUP,XFRA,-2809.0000
20251230,8,30,MGP,COUP,XAUS,120.0000
20251230,8,30,MGP,CNOR,NORD,-1554.6000
20251230,8,30,MGP,CNOR,CSUD,817.7000
20251230,8,30,MGP,CNOR,CORS,0.0000
20251230,8,30,MGP,CALA,SUD,88.8000
20251230,8,30,MGP,CALA,SICI,847.9000
20251230,8,30,MGP,BSP,COUP,-841.0000
20251230,8,31,MGP,BSP,COUP,-841.0000
20251230,8,31,MGP,CALA,SICI,565.3000
20251230,8,31,MGP,CALA,SUD,356.7000
20251230,8,31,MGP,CNOR,CORS,0.0000
20251230,8,31,MGP,CNOR,CSUD,684.3000
20251230,8,31,MGP,CNOR,NORD,-1463.6000
20251230,8,31,MGP,COUP,XAUS,120.0000
20251230,8,31,MGP,COUP,XFRA,-2809.0000
20251230,8,31,MGP,CSUD,MONT,-383.0000
20251230,8,31,MGP,CSUD,SARD,-3.1000
20251230,8,31,MGP,CSUD,SUD,-1577.7000
20251230,8,31,MGP,NORD,AUST,0.0000
20251230,8,31,MGP,NORD,COUP,-1848.0000
20251230,8,31,MGP,NORD,FRAN,0.0000
20251230,8,31,MGP,NORD,SLOV,0.0000
20251230,8,31,MGP,NORD,SVIZ,-1569.0000
20251230,8,31,MGP,SARD,COAC,99.0000
20251230,8,31,MGP,SARD,CORS,47.0000
20251230,8,31,MGP,SICI,MALT,52.0000
20251230,8,31,MGP,SUD,XGRE,-500.0000
20251230,8,31,MGP,SUD,GREC,0.0000
20251230,8,32,MGP,SUD,GREC,0.0000
20251230,8,32,MGP,SUD,XGRE,-500.0000
20251230,8,32,MGP,SICI,MALT,56.0000
20251230,8,32,MGP,SARD,CORS,47.0000
20251230,8,32,MGP,SARD,COAC,99.0000
20251230,8,32,MGP,NORD,SVIZ,-1569.0000
20251230,8,32,MGP,NORD,SLOV,0.0000
20251230,8,32,MGP,NORD,FRAN,0.0000
20251230,8,32,MGP,NORD,COUP,-1848.0000
20251230,8,32,MGP,NORD,AUST,0.0000
20251230,8,32,MGP,CSUD,SUD,-1596.4000
20251230,8,32,MGP,CSUD,SARD,-31.0000
20251230,8,32,MGP,CSUD,MONT,-383.0000
20251230,8,32,MGP,COUP,XFRA,-2809.0000
20251230,8,32,MGP,COUP,XAUS,120.0000
20251230,8,32,MGP,CNOR,NORD,-1503.3000
20251230,8,32,MGP,CNOR,CSUD,675.6000
20251230,8,32,MGP,CNOR,CORS,0.0000
20251230,8,32,MGP,CALA,SUD,352.3000
20251230,8,32,MGP,CALA,SICI,575.0000
20251230,8,32,MGP,BSP,COUP,-841.0000
20251230,9,33,MGP,BSP,COUP,-640.9520
20251230,9,33,MGP,CALA,SICI,547.5000
20251230,9,33,MGP,CALA,SUD,312.4000
20251230,9,33,MGP,CNOR,CORS,0.0000
20251230,9,33,MGP,CNOR,CSUD,829.4000
20251230,9,33,MGP,CNOR,NORD,-1786.1000
20251230,9,33,MGP,COUP,XAUS,0.0000
20251230,9,33,MGP,COUP,XFRA,-2488.9520
20251230,9,33,MGP,CSUD,MONT,-419.0000
20251230,9,33,MGP,CSUD,SARD,-23.7000
20251230,9,33,MGP,CSUD,SUD,-1640.9000
20251230,9,33,MGP,NORD,AUST,0.0000
20251230,9,33,MGP,NORD,COUP,-1848.0000
20251230,9,33,MGP,NORD,FRAN,0.0000
20251230,9,33,MGP,NORD,SLOV,0.0000
20251230,9,33,MGP,NORD,SVIZ,-1697.0000
20251230,9,33,MGP,SARD,COAC,99.0000
20251230,9,33,MGP,SARD,CORS,47.0000
20251230,9,33,MGP,SICI,MALT,56.0000
20251230,9,33,MGP,SUD,GREC,0.0000
20251230,9,33,MGP,SUD,XGRE,-500.0000
20251230,9,34,MGP,SUD,XGRE,-500.0000
20251230,9,34,MGP,SUD,GREC,0.0000
20251230,9,34,MGP,SICI,MALT,61.0000
20251230,9,34,MGP,SARD,CORS,47.0000
20251230,9,34,MGP,SARD,COAC,99.0000
20251230,9,34,MGP,NORD,SVIZ,-1712.0000
20251230,9,34,MGP,NORD,SLOV,0.0000
20251230,9,34,MGP,NORD,FRAN,0.0000
20251230,9,34,MGP,NORD,COUP,-1848.0000
20251230,9,34,MGP,NORD,AUST,0.0000
20251230,9,34,MGP,CSUD,SUD,-1751.3000
20251230,9,34,MGP,CSUD,SARD,-49.8000
20251230,9,34,MGP,CSUD,MONT,-404.0000
20251230,9,34,MGP,COUP,XFRA,-2260.1100
20251230,9,34,MGP,COUP,XAUS,0.0000
20251230,9,34,MGP,CNOR,NORD,-1742.3610
20251230,9,34,MGP,CNOR,CSUD,735.2000
20251230,9,34,MGP,CNOR,CORS,0.0000
20251230,9,34,MGP,CALA,SUD,352.0000
20251230,9,34,MGP,CALA,SICI,509.1000
20251230,9,34,MGP,BSP,COUP,-412.1100
20251230,9,35,MGP,BSP,COUP,-134.0420
20251230,9,35,MGP,CALA,SICI,433.3000
20251230,9,35,MGP,CALA,SUD,437.4000
20251230,9,35,MGP,CNOR,CORS,0.0000
20251230,9,35,MGP,CNOR,CSUD,426.8000
20251230,9,35,MGP,CNOR,NORD,-1387.0000
20251230,9,35,MGP,COUP,XAUS,0.0000
20251230,9,35,MGP,COUP,XFRA,-1982.0420
20251230,9,35,MGP,CSUD,MONT,-404.0000
20251230,9,35,MGP,CSUD,SARD,-67.8000
20251230,9,35,MGP,CSUD,SUD,-1934.4000
20251230,9,35,MGP,NORD,AUST,0.0000
20251230,9,35,MGP,NORD,COUP,-1848.0000
20251230,9,35,MGP,NORD,FRAN,0.0000
20251230,9,35,MGP,NORD,SLOV,0.0000
20251230,9,35,MGP,NORD,SVIZ,-1696.0000
20251230,9,35,MGP,SARD,COAC,99.0000
20251230,9,35,MGP,SARD,CORS,47.0000
20251230,9,35,MGP,SICI,MALT,58.0000
20251230,9,35,MGP,SUD,GREC,0.0000
20251230,9,35,MGP,SUD,XGRE,-500.0000
20251230,9,36,MGP,SUD,XGRE,-500.0000
20251230,9,36,MGP,SUD,GREC,0.0000
20251230,9,36,MGP,SICI,MALT,54.0000
20251230,9,36,MGP,SARD,CORS,47.0000
20251230,9,36,MGP,SARD,COAC,99.0000
20251230,9,36,MGP,NORD,SVIZ,-1696.0000
20251230,9,36,MGP,NORD,SLOV,0.0000
20251230,9,36,MGP,NORD,FRAN,0.0000
20251230,9,36,MGP,NORD,COUP,-1848.0000
20251230,9,36,MGP,NORD,AUST,0.0000
20251230,9,36,MGP,CSUD,SUD,-2141.6000
20251230,9,36,MGP,CSUD,SARD,-110.7000
20251230,9,36,MGP,CSUD,MONT,-424.0000
20251230,9,36,MGP,COUP,XFRA,-1923.1840
20251230,9,36,MGP,COUP,XAUS,0.0000
20251230,9,36,MGP,CNOR,NORD,-1069.2000
20251230,9,36,MGP,CNOR,CSUD,122.6000
20251230,9,36,MGP,CNOR,CORS,0.0000
20251230,9,36,MGP,CALA,SUD,514.0000
20251230,9,36,MGP,CALA,SICI,359.2000
20251230,9,36,MGP,BSP,COUP,-75.1840
20251230,10,37,MGP,BSP,COUP,0.0000
20251230,10,37,MGP,CALA,SICI,231.8000
20251230,10,37,MGP,CALA,SUD,648.2000
20251230,10,37,MGP,CNOR,CORS,0.0000
20251230,10,37,MGP,CNOR,CSUD,153.4000
20251230,10,37,MGP,CNOR,NORD,-1134.1000
20251230,10,37,MGP,COUP,XAUS,0.0000
20251230,10,37,MGP,COUP,XFRA,-1797.0000
20251230,10,37,MGP,CSUD,MONT,-124.0000
20251230,10,37,MGP,CSUD,SARD,-160.5000
20251230,10,37,MGP,CSUD,SUD,-2414.8000
20251230,10,37,MGP,NORD,AUST,0.0000
20251230,10,37,MGP,NORD,COUP,-1797.0000
20251230,10,37,MGP,NORD,FRAN,0.0000
20251230,10,37,MGP,NORD,SLOV,0.0000
20251230,10,37,MGP,NORD,SVIZ,-1454.0000
20251230,10,37,MGP,SARD,COAC,92.0000
20251230,10,37,MGP,SARD,CORS,43.0000
20251230,10,37,MGP,SICI,MALT,53.0000
20251230,10,37,MGP,SUD,XGRE,-500.0000
20251230,10,37,MGP,SUD,GREC,0.0000
20251230,10,38,MGP,SUD,GREC,0.0000
20251230,10,38,MGP,SUD,XGRE,-500.0000
20251230,10,38,MGP,SICI,MALT,47.0000
20251230,10,38,MGP,SARD,CORS,43.0000
20251230,10,38,MGP,SARD,COAC,92.0000
20251230,10,38,MGP,NORD,SVIZ,-1454.0000
20251230,10,38,MGP,NORD,SLOV,0.0000
20251230,10,38,MGP,NORD,FRAN,0.0000
20251230,10,38,MGP,NORD,COUP,-1797.0000
20251230,10,38,MGP,NORD,AUST,0.0000
20251230,10,38,MGP,CSUD,SUD,-2539.1000
20251230,10,38,MGP,CSUD,SARD,-209.4000
20251230,10,38,MGP,CSUD,MONT,-124.0000
20251230,10,38,MGP,COUP,XFRA,-1797.0000
20251230,10,38,MGP,COUP,XAUS,0.0000
20251230,10,38,MGP,CNOR,NORD,-858.6000
20251230,10,38,MGP,CNOR,CSUD,-139.0000
20251230,10,38,MGP,CNOR,CORS,0.0000
20251230,10,38,MGP,CALA,SUD,733.8000
20251230,10,38,MGP,CALA,SICI,164.6000
20251230,10,38,MGP,BSP,COUP,0.0000
20251230,10,39,MGP,BSP,COUP,0.0000
20251230,10,39,MGP,CALA,SICI,443.8000
20251230,10,39,MGP,CALA,SUD,470.1000
20251230,10,39,MGP,CNOR,CORS,0.0000
20251230,10,39,MGP,CNOR,CSUD,-271.1000
20251230,10,39,MGP,CNOR,NORD,-671.5000
20251230,10,39,MGP,COUP,XAUS,0.0000
20251230,10,39,MGP,COUP,XFRA,-1797.0000
20251230,10,39,MGP,CSUD,MONT,-139.0000
20251230,10,39,MGP,CSUD,SARD,-259.7000
20251230,10,39,MGP,CSUD,SUD,-2443.0000
20251230,10,39,MGP,NORD,AUST,0.0000
20251230,10,39,MGP,NORD,COUP,-1797.0000
20251230,10,39,MGP,NORD,FRAN,0.0000
20251230,10,39,MGP,NORD,SLOV,0.0000
20251230,10,39,MGP,NORD,SVIZ,-1454.0000
20251230,10,39,MGP,SARD,COAC,92.0000
20251230,10,39,MGP,SARD,CORS,43.0000
20251230,10,39,MGP,SICI,MALT,41.0000
20251230,10,39,MGP,SUD,XGRE,-500.0000
20251230,10,39,MGP,SUD,GREC,0.0000
20251230,10,40,MGP,SUD,GREC,0.0000
20251230,10,40,MGP,SUD,XGRE,-500.0000
20251230,10,40,MGP,SICI,MALT,33.0000
20251230,10,40,MGP,SARD,CORS,43.0000
20251230,10,40,MGP,SARD,COAC,92.0000
20251230,10,40,MGP,NORD,SVIZ,-1454.0000
20251230,10,40,MGP,NORD,SLOV,0.0000
20251230,10,40,MGP,NORD,FRAN,0.0000
20251230,10,40,MGP,NORD,COUP,-1797.0000
20251230,10,40,MGP,NORD,AUST,0.0000
20251230,10,40,MGP,CSUD,SUD,-2238.7000
20251230,10,40,MGP,CSUD,SARD,-261.2000
20251230,10,40,MGP,CSUD,MONT,-174.0000
20251230,10,40,MGP,COUP,XFRA,-1797.0000
20251230,10,40,MGP,COUP,XAUS,0.0000
20251230,10,40,MGP,CNOR,NORD,-722.8760
20251230,10,40,MGP,CNOR,CSUD,-199.0240
20251230,10,40,MGP,CNOR,CORS,0.0000
20251230,10,40,MGP,CALA,SUD,184.1000
20251230,10,40,MGP,CALA,SICI,750.4000
20251230,10,40,MGP,BSP,COUP,0.0000
20251230,11,41,MGP,BSP,COUP,0.0000
20251230,11,41,MGP,CALA,SICI,628.8000
20251230,11,41,MGP,CALA,SUD,346.4000
20251230,11,41,MGP,CNOR,CORS,0.0000
20251230,11,41,MGP,CNOR,CSUD,-773.9000
20251230,11,41,MGP,CNOR,NORD,-72.1000
20251230,11,41,MGP,COUP,XAUS,-130.6460
20251230,11,41,MGP,COUP,XFRA,-1666.3540
20251230,11,41,MGP,CSUD,MONT,-103.0000
20251230,11,41,MGP,CSUD,SARD,-377.6000
20251230,11,41,MGP,CSUD,SUD,-2605.1000
20251230,11,41,MGP,NORD,AUST,0.0000
20251230,11,41,MGP,NORD,COUP,-1797.0000
20251230,11,41,MGP,NORD,FRAN,0.0000
20251230,11,41,MGP,NORD,SLOV,0.0000
20251230,11,41,MGP,NORD,SVIZ,-615.0000
20251230,11,41,MGP,SARD,COAC,79.0000
20251230,11,41,MGP,SARD,CORS,25.0000
20251230,11,41,MGP,SICI,MALT,25.0000
20251230,11,41,MGP,SUD,GREC,0.0000
20251230,11,41,MGP,SUD,XGRE,-500.0000
20251230,11,42,MGP,SUD,XGRE,-500.0000
20251230,11,42,MGP,SUD,GREC,0.0000
20251230,11,42,MGP,SICI,MALT,138.0000
20251230,11,42,MGP,SARD,CORS,25.0000
20251230,11,42,MGP,SARD,COAC,79.0000
20251230,11,42,MGP,NORD,SVIZ,-517.0000
20251230,11,42,MGP,NORD,SLOV,0.0000
20251230,11,42,MGP,NORD,FRAN,0.0000
20251230,11,42,MGP,NORD,COUP,-1797.0000
20251230,11,42,MGP,NORD,AUST,0.0000
20251230,11,42,MGP,CSUD,SUD,-2625.9000
20251230,11,42,MGP,CSUD,SARD,-412.7000
20251230,11,42,MGP,CSUD,MONT,-133.0000
20251230,11,42,MGP,COUP,XFRA,-1584.4200
20251230,11,42,MGP,COUP,XAUS,-188.0000
20251230,11,42,MGP,CNOR,NORD,-101.3000
20251230,11,42,MGP,CNOR,CSUD,-864.7000
20251230,11,42,MGP,CNOR,CORS,0.0000
20251230,11,42,MGP,CALA,SUD,309.8000
20251230,11,42,MGP,CALA,SICI,708.4000
20251230,11,42,MGP,BSP,COUP,24.5800
20251230,11,43,MGP,BSP,COUP,365.0000
20251230,11,43,MGP,CALA,SICI,682.8000
20251230,11,43,MGP,CALA,SUD,355.3000
20251230,11,43,MGP,CNOR,CORS,0.0000
20251230,11,43,MGP,CNOR,CSUD,-1155.9000
20251230,11,43,MGP,CNOR,NORD,71.2000
20251230,11,43,MGP,COUP,XAUS,-188.0000
20251230,11,43,MGP,COUP,XFRA,-1244.0000
20251230,11,43,MGP,CSUD,MONT,-133.0000
20251230,11,43,MGP,CSUD,SARD,-442.0000
20251230,11,43,MGP,CSUD,SUD,-2750.8000
20251230,11,43,MGP,NORD,AUST,0.0000
20251230,11,43,MGP,NORD,COUP,-1797.0000
20251230,11,43,MGP,NORD,FRAN,0.0000
20251230,11,43,MGP,NORD,SLOV,0.0000
20251230,11,43,MGP,NORD,SVIZ,-517.0000
20251230,11,43,MGP,SARD,COAC,79.0000
20251230,11,43,MGP,SARD,CORS,25.0000
20251230,11,43,MGP,SICI,MALT,130.0000
20251230,11,43,MGP,SUD,GREC,0.0000
20251230,11,43,MGP,SUD,XGRE,-500.0000
20251230,11,44,MGP,SUD,XGRE,-500.0000
20251230,11,44,MGP,SUD,GREC,0.0000
20251230,11,44,MGP,SICI,MALT,125.0000
20251230,11,44,MGP,SARD,CORS,25.0000
20251230,11,44,MGP,SARD,COAC,79.0000
20251230,11,44,MGP,NORD,SVIZ,-498.0000
20251230,11,44,MGP,NORD,SLOV,0.0000
20251230,11,44,MGP,NORD,FRAN,0.0000
20251230,11,44,MGP,NORD,COUP,-1797.0000
20251230,11,44,MGP,NORD,AUST,0.0000
20251230,11,44,MGP,CSUD,SUD,-2866.1000
20251230,11,44,MGP,CSUD,SARD,-472.9000
20251230,11,44,MGP,CSUD,MONT,-153.0000
20251230,11,44,MGP,COUP,XFRA,-1244.0000
20251230,11,44,MGP,COUP,XAUS,-188.0000
20251230,11,44,MGP,CNOR,NORD,250.6000
20251230,11,44,MGP,CNOR,CSUD,-1302.5000
20251230,11,44,MGP,CNOR,CORS,0.0000
20251230,11,44,MGP,CALA,SUD,427.8000
20251230,11,44,MGP,CALA,SICI,623.6000
20251230,11,44,MGP,BSP,COUP,365.0000
20251230,12,45,MGP,BSP,COUP,154.7590
20251230,12,45,MGP,CALA,SICI,544.7000
20251230,12,45,MGP,CALA,SUD,516.8000
20251230,12,45,MGP,CNOR,CORS,0.0000
20251230,12,45,MGP,CNOR,CSUD,-1286.8000
20251230,12,45,MGP,CNOR,NORD,217.1000
20251230,12,45,MGP,COUP,XAUS,-188.0000
20251230,12,45,MGP,COUP,XFRA,-1454.2410
20251230,12,45,MGP,CSUD,MONT,-206.0000
20251230,12,45,MGP,CSUD,SARD,-504.3000
20251230,12,45,MGP,CSUD,SUD,-2733.0000
20251230,12,45,MGP,NORD,AUST,0.0000
20251230,12,45,MGP,NORD,COUP,-1797.0000
20251230,12,45,MGP,NORD,FRAN,0.0000
20251230,12,45,MGP,NORD,SLOV,0.0000
20251230,12,45,MGP,NORD,SVIZ,-478.9000
20251230,12,45,MGP,SARD,COAC,70.0000
20251230,12,45,MGP,SARD,CORS,20.0000
20251230,12,45,MGP,SICI,MALT,119.0000
20251230,12,45,MGP,SUD,XGRE,-500.0000
20251230,12,45,MGP,SUD,GREC,0.0000
20251230,12,46,MGP,SUD,GREC,0.0000
20251230,12,46,MGP,SUD,XGRE,-500.0000
20251230,12,46,MGP,SICI,MALT,115.0000
20251230,12,46,MGP,SARD,CORS,20.0000
20251230,12,46,MGP,SARD,COAC,70.0000
20251230,12,46,MGP,NORD,SVIZ,-448.9000
20251230,12,46,MGP,NORD,SLOV,0.0000
20251230,12,46,MGP,NORD,FRAN,0.0000
20251230,12,46,MGP,NORD,COUP,-1797.0000
20251230,12,46,MGP,NORD,AUST,0.0000
20251230,12,46,MGP,CSUD,SUD,-2846.3000
20251230,12,46,MGP,CSUD,SARD,-529.0000
20251230,12,46,MGP,CSUD,MONT,-206.0000
20251230,12,46,MGP,COUP,XFRA,-1468.7600
20251230,12,46,MGP,COUP,XAUS,-188.0000
20251230,12,46,MGP,CNOR,NORD,438.8000
20251230,12,46,MGP,CNOR,CSUD,-1469.0000
20251230,12,46,MGP,CNOR,CORS,0.0000
20251230,12,46,MGP,CALA,SUD,578.2000
20251230,12,46,MGP,CALA,SICI,505.2000
20251230,12,46,MGP,BSP,COUP,140.2400
20251230,12,47,MGP,BSP,COUP,182.7210
20251230,12,47,MGP,CALA,SICI,461.7000
20251230,12,47,MGP,CALA,SUD,648.6000
20251230,12,47,MGP,CNOR,CORS,0.0000
20251230,12,47,MGP,CNOR,CSUD,-1414.4000
20251230,12,47,MGP,CNOR,NORD,353.5000
20251230,12,47,MGP,COUP,XAUS,-188.0000
20251230,12,47,MGP,COUP,XFRA,-1426.2790
20251230,12,47,MGP,CSUD,MONT,-206.0000
20251230,12,47,MGP,CSUD,SARD,-548.3000
20251230,12,47,MGP,CSUD,SUD,-2991.9000
20251230,12,47,MGP,NORD,AUST,0.0000
20251230,12,47,MGP,NORD,COUP,-1797.0000
20251230,12,47,MGP,NORD,FRAN,0.0000
20251230,12,47,MGP,NORD,SLOV,0.0000
20251230,12,47,MGP,NORD,SVIZ,-343.9000
20251230,12,47,MGP,SARD,COAC,70.0000
20251230,12,47,MGP,SARD,CORS,20.0000
20251230,12,47,MGP,SICI,MALT,112.0000
20251230,12,47,MGP,SUD,XGRE,-500.0000
20251230,12,47,MGP,SUD,GREC,0.0000
20251230,12,48,MGP,SUD,GREC,0.0000
20251230,12,48,MGP,SUD,XGRE,-500.0000
20251230,12,48,MGP,SICI,MALT,108.0000
20251230,12,48,MGP,SARD,CORS,20.0000
20251230,12,48,MGP,SARD,COAC,70.0000
20251230,12,48,MGP,NORD,SVIZ,-343.6000
20251230,12,48,MGP,NORD,SLOV,0.0000
20251230,12,48,MGP,NORD,FRAN,0.0000
20251230,12,48,MGP,NORD,COUP,-1797.0000
20251230,12,48,MGP,NORD,AUST,0.0000
20251230,12,48,MGP,CSUD,SUD,-3035.6000
20251230,12,48,MGP,CSUD,SARD,-564.7000
20251230,12,48,MGP,CSUD,MONT,-226.0000
20251230,12,48,MGP,COUP,XFRA,-1461.4760
20251230,12,48,MGP,COUP,XAUS,-188.0000
20251230,12,48,MGP,CNOR,NORD,457.7000
20251230,12,48,MGP,CNOR,CSUD,-1498.3000
20251230,12,48,MGP,CNOR,CORS,0.0000
20251230,12,48,MGP,CALA,SUD,676.8000
20251230,12,48,MGP,CALA,SICI,443.6000
20251230,12,48,MGP,BSP,COUP,147.5240
20251230,13,49,MGP,BSP,COUP,143.5450
20251230,13,49,MGP,CALA,SICI,317.9000
20251230,13,49,MGP,CALA,SUD,864.9000
20251230,13,49,MGP,CNOR,CORS,0.0000
20251230,13,49,MGP,CNOR,CSUD,-1931.6000
20251230,13,49,MGP,CNOR,NORD,1002.7000
20251230,13,49,MGP,COUP,XAUS,-152.7520
20251230,13,49,MGP,COUP,XFRA,-1494.7030
20251230,13,49,MGP,CSUD,MONT,-201.0000
20251230,13,49,MGP,CSUD,SARD,-637.1000
20251230,13,49,MGP,CSUD,SUD,-3271.2000
20251230,13,49,MGP,NORD,AUST,0.0000
20251230,13,49,MGP,NORD,COUP,-1791.0000
20251230,13,49,MGP,NORD,FRAN,0.0000
20251230,13,49,MGP,NORD,SLOV,0.0000
20251230,13,49,MGP,NORD,SVIZ,-272.4000
20251230,13,49,MGP,SARD,COAC,64.0000
20251230,13,49,MGP,SARD,CORS,20.0000
20251230,13,49,MGP,SICI,MALT,108.0000
20251230,13,49,MGP,SUD,GREC,0.0000
20251230,13,49,MGP,SUD,XGRE,-500.0000
20251230,13,50,MGP,SUD,XGRE,-500.0000
20251230,13,50,MGP,SUD,GREC,0.0000
20251230,13,50,MGP,SICI,MALT,109.0000
20251230,13,50,MGP,SARD,CORS,20.0000
20251230,13,50,MGP,SARD,COAC,64.0000
20251230,13,50,MGP,NORD,SVIZ,-274.3000
20251230,13,50,MGP,NORD,SLOV,0.0000
20251230,13,50,MGP,NORD,FRAN,0.0000
20251230,13,50,MGP,NORD,COUP,-1791.0000
20251230,13,50,MGP,NORD,AUST,0.0000
20251230,13,50,MGP,CSUD,SUD,-3290.2000
20251230,13,50,MGP,CSUD,SARD,-651.8000
20251230,13,50,MGP,CSUD,MONT,-201.0000
20251230,13,50,MGP,COUP,XFRA,-1585.3640
20251230,13,50,MGP,COUP,XAUS,-92.8560
20251230,13,50,MGP,CNOR,NORD,1011.0000
20251230,13,50,MGP,CNOR,CSUD,-1911.0000
20251230,13,50,MGP,CNOR,CORS,0.0000
20251230,13,50,MGP,CALA,SUD,858.0000
20251230,13,50,MGP,CALA,SICI,340.2000
20251230,13,50,MGP,BSP,COUP,112.7800
20251230,13,51,MGP,BSP,COUP,32.6910
20251230,13,51,MGP,CALA,SICI,345.3000
20251230,13,51,MGP,CALA,SUD,863.1000
20251230,13,51,MGP,CNOR,CORS,0.0000
20251230,13,51,MGP,CNOR,CSUD,-1859.6000
20251230,13,51,MGP,CNOR,NORD,961.1000
20251230,13,51,MGP,COUP,XAUS,-26.5990
20251230,13,51,MGP,COUP,XFRA,-1731.7100
20251230,13,51,MGP,CSUD,MONT,-216.0000
20251230,13,51,MGP,CSUD,SARD,-632.2000
20251230,13,51,MGP,CSUD,SUD,-3331.3000
20251230,13,51,MGP,NORD,AUST,0.0000
20251230,13,51,MGP,NORD,COUP,-1791.0000
20251230,13,51,MGP,NORD,FRAN,0.0000
20251230,13,51,MGP,NORD,SLOV,0.0000
20251230,13,51,MGP,NORD,SVIZ,-272.7000
20251230,13,51,MGP,SARD,COAC,64.0000
20251230,13,51,MGP,SARD,CORS,20.0000
20251230,13,51,MGP,SICI,MALT,122.0000
20251230,13,51,MGP,SUD,GREC,0.0000
20251230,13,51,MGP,SUD,XGRE,-500.0000
20251230,13,52,MGP,SUD,XGRE,-500.0000
20251230,13,52,MGP,SUD,GREC,0.0000
20251230,13,52,MGP,SICI,MALT,126.0000
20251230,13,52,MGP,SARD,CORS,20.0000
20251230,13,52,MGP,SARD,COAC,64.0000
20251230,13,52,MGP,NORD,SVIZ,-231.5000
20251230,13,52,MGP,NORD,SLOV,0.0000
20251230,13,52,MGP,NORD,FRAN,0.0000
20251230,13,52,MGP,NORD,COUP,-1791.0000
20251230,13,52,MGP,NORD,AUST,0.0000
20251230,13,52,MGP,CSUD,SUD,-3399.4210
20251230,13,52,MGP,CSUD,SARD,-644.0930
20251230,13,52,MGP,CSUD,MONT,-216.0000
20251230,13,52,MGP,COUP,XFRA,-1787.4760
20251230,13,52,MGP,COUP,XAUS,-2.9830
20251230,13,52,MGP,CNOR,NORD,1013.9000
20251230,13,52,MGP,CNOR,CSUD,-1931.8000
20251230,13,52,MGP,CNOR,CORS,0.0000
20251230,13,52,MGP,CALA,SUD,902.1880
20251230,13,52,MGP,CALA,SICI,321.6460
20251230,13,52,MGP,BSP,COUP,0.5410
20251230,14,53,MGP,BSP,COUP,-110.9080
20251230,14,53,MGP,CALA,SICI,323.3000
20251230,14,53,MGP,CALA,SUD,883.0000
20251230,14,53,MGP,CNOR,CORS,0.0000
20251230,14,53,MGP,CNOR,CSUD,-2009.4000
20251230,14,53,MGP,CNOR,NORD,1128.7000
20251230,14,53,MGP,COUP,XAUS,0.0000
20251230,14,53,MGP,COUP,XFRA,-1901.9080
20251230,14,53,MGP,CSUD,MONT,-260.0000
20251230,14,53,MGP,CSUD,SARD,-675.5000
20251230,14,53,MGP,CSUD,SUD,-3436.7000
20251230,14,53,MGP,NORD,AUST,0.0000
20251230,14,53,MGP,NORD,COUP,-1791.0000
20251230,14,53,MGP,NORD,FRAN,0.0000
20251230,14,53,MGP,NORD,SLOV,0.0000
20251230,14,53,MGP,NORD,SVIZ,-160.3000
20251230,14,53,MGP,SARD,COAC,57.0000
20251230,14,53,MGP,SARD,CORS,20.0000
20251230,14,53,MGP,SICI,MALT,132.0000
20251230,14,53,MGP,SUD,XGRE,-500.0000
20251230,14,53,MGP,SUD,GREC,0.0000
20251230,14,54,MGP,SUD,GREC,0.0000
20251230,14,54,MGP,SUD,XGRE,-500.0000
20251230,14,54,MGP,SICI,MALT,144.0000
20251230,14,54,MGP,SARD,CORS,20.0000
20251230,14,54,MGP,SARD,COAC,57.0000
20251230,14,54,MGP,NORD,SVIZ,-159.7000
20251230,14,54,MGP,NORD,SLOV,0.0000
20251230,14,54,MGP,NORD,FRAN,0.0000
20251230,14,54,MGP,NORD,COUP,-1791.0000
20251230,14,54,MGP,NORD,AUST,0.0000
20251230,14,54,MGP,CSUD,SUD,-3436.5000
20251230,14,54,MGP,CSUD,SARD,-684.0000
20251230,14,54,MGP,CSUD,MONT,-245.0000
20251230,14,54,MGP,COUP,XFRA,-2458.5230
20251230,14,54,MGP,COUP,XAUS,120.0000
20251230,14,54,MGP,CNOR,NORD,1059.7000
20251230,14,54,MGP,CNOR,CSUD,-1949.0000
20251230,14,54,MGP,CNOR,CORS,0.0000
20251230,14,54,MGP,CALA,SUD,898.0000
20251230,14,54,MGP,CALA,SICI,316.4000
20251230,14,54,MGP,BSP,COUP,-547.5230
20251230,14,55,MGP,BSP,COUP,-776.0000
20251230,14,55,MGP,CALA,SICI,302.0000
20251230,14,55,MGP,CALA,SUD,910.3000
20251230,14,55,MGP,CNOR,CORS,0.0000
20251230,14,55,MGP,CNOR,CSUD,-2025.1000
20251230,14,55,MGP,CNOR,NORD,1100.0000
20251230,14,55,MGP,COUP,XAUS,120.0000
20251230,14,55,MGP,COUP,XFRA,-2687.0000
20251230,14,55,MGP,CSUD,MONT,-245.0000
20251230,14,55,MGP,CSUD,SARD,-714.7000
20251230,14,55,MGP,CSUD,SUD,-3440.0000
20251230,14,55,MGP,NORD,AUST,0.0000
20251230,14,55,MGP,NORD,COUP,-1791.0000
20251230,14,55,MGP,NORD,FRAN,0.0000
20251230,14,55,MGP,NORD,SLOV,0.0000
20251230,14,55,MGP,NORD,SVIZ,-167.6000
20251230,14,55,MGP,SARD,COAC,57.0000
20251230,14,55,MGP,SARD,CORS,20.0000
20251230,14,55,MGP,SICI,MALT,146.0000
20251230,14,55,MGP,SUD,XGRE,-500.0000
20251230,14,55,MGP,SUD,GREC,0.0000
20251230,14,56,MGP,SUD,GREC,0.0000
20251230,14,56,MGP,SUD,XGRE,-500.0000
20251230,14,56,MGP,SICI,MALT,145.0000
20251230,14,56,MGP,SARD,CORS,20.0000
20251230,14,56,MGP,SARD,COAC,57.0000
20251230,14,56,MGP,NORD,SVIZ,-152.3000
20251230,14,56,MGP,NORD,SLOV,0.0000
20251230,14,56,MGP,NORD,FRAN,0.0000
20251230,14,56,MGP,NORD,COUP,-1791.0000
20251230,14,56,MGP,NORD,AUST,0.0000
20251230,14,56,MGP,CSUD,SUD,-3496.1000
20251230,14,56,MGP,CSUD,SARD,-725.7000
20251230,14,56,MGP,CSUD,MONT,-245.0000
20251230,14,56,MGP,COUP,XFRA,-2687.0000
20251230,14,56,MGP,COUP,XAUS,120.0000
20251230,14,56,MGP,CNOR,NORD,1173.6770
20251230,14,56,MGP,CNOR,CSUD,-2135.3070
20251230,14,56,MGP,CNOR,CORS,0.0000
20251230,14,56,MGP,CALA,SUD,1002.4000
20251230,14,56,MGP,CALA,SICI,220.2000
20251230,14,56,MGP,BSP,COUP,-776.0000
20251230,15,57,MGP,BSP,COUP,-776.0000
20251230,15,57,MGP,CALA,SICI,319.5000
20251230,15,57,MGP,CALA,SUD,880.8000
20251230,15,57,MGP,CNOR,CORS,0.0000
20251230,15,57,MGP,CNOR,CSUD,-1991.8000
20251230,15,57,MGP,CNOR,NORD,989.6000
20251230,15,57,MGP,COUP,XAUS,120.0000
20251230,15,57,MGP,COUP,XFRA,-2687.0000
20251230,15,57,MGP,CSUD,MONT,-309.0000
20251230,15,57,MGP,CSUD,SARD,-688.6000
20251230,15,57,MGP,CSUD,SUD,-3377.0000
20251230,15,57,MGP,NORD,AUST,0.0000
20251230,15,57,MGP,NORD,COUP,-1791.0000
20251230,15,57,MGP,NORD,FRAN,0.0000
20251230,15,57,MGP,NORD,SLOV,0.0000
20251230,15,57,MGP,NORD,SVIZ,-466.0000
20251230,15,57,MGP,SARD,COAC,74.0000
20251230,15,57,MGP,SARD,CORS,20.0000
20251230,15,57,MGP,SICI,MALT,144.0000
20251230,15,57,MGP,SUD,GREC,0.0000
20251230,15,57,MGP,SUD,XGRE,-500.0000
20251230,15,58,MGP,SUD,XGRE,-500.0000
20251230,15,58,MGP,SUD,GREC,0.0000
20251230,15,58,MGP,SICI,MALT,140.0000
20251230,15,58,MGP,SARD,CORS,20.0000
20251230,15,58,MGP,SARD,COAC,74.0000
20251230,15,58,MGP,NORD,SVIZ,-466.0000
20251230,15,58,MGP,NORD,SLOV,0.0000
20251230,15,58,MGP,NORD,FRAN,0.0000
20251230,15,58,MGP,NORD,COUP,-1791.0000
20251230,15,58,MGP,NORD,AUST,0.0000
20251230,15,58,MGP,CSUD,SUD,-3337.2000
20251230,15,58,MGP,CSUD,SARD,-677.9000
20251230,15,58,MGP,CSUD,MONT,-289.0000
20251230,15,58,MGP,COUP,XFRA,-2687.0000
20251230,15,58,MGP,COUP,XAUS,120.0000
20251230,15,58,MGP,CNOR,NORD,883.2000
20251230,15,58,MGP,CNOR,CSUD,-1910.1000
20251230,15,58,MGP,CNOR,CORS,0.0000
20251230,15,58,MGP,CALA,SUD,906.7000
20251230,15,58,MGP,CALA,SICI,285.5000
20251230,15,58,MGP,BSP,COUP,-776.0000
20251230,15,59,MGP,BSP,COUP,-776.0000
20251230,15,59,MGP,CALA,SICI,322.7000
20251230,15,59,MGP,CALA,SUD,860.3000
20251230,15,59,MGP,CNOR,CORS,0.0000
20251230,15,59,MGP,CNOR,CSUD,-1604.3000
20251230,15,59,MGP,CNOR,NORD,515.7000
20251230,15,59,MGP,COUP,XAUS,120.0000
20251230,15,59,MGP,COUP,XFRA,-2687.0000
20251230,15,59,MGP,CSUD,MONT,-289.0000
20251230,15,59,MGP,CSUD,SARD,-651.3000
20251230,15,59,MGP,CSUD,SUD,-3149.0000
20251230,15,59,MGP,NORD,AUST,0.0000
20251230,15,59,MGP,NORD,COUP,-1791.0000
20251230,15,59,MGP,NORD,FRAN,0.0000
20251230,15,59,MGP,NORD,SLOV,0.0000
20251230,15,59,MGP,NORD,SVIZ,-476.0000
20251230,15,59,MGP,SARD,COAC,74.0000
20251230,15,59,MGP,SARD,CORS,20.0000
20251230,15,59,MGP,SICI,MALT,141.0000
20251230,15,59,MGP,SUD,GREC,0.0000
20251230,15,59,MGP,SUD,XGRE,-500.0000
20251230,15,60,MGP,SUD,XGRE,-500.0000
20251230,15,60,MGP,SUD,GREC,0.0000
20251230,15,60,MGP,SICI,MALT,150.0000
20251230,15,60,MGP,SARD,CORS,20.0000
20251230,15,60,MGP,SARD,COAC,74.0000
20251230,15,60,MGP,NORD,SVIZ,-475.0000
20251230,15,60,MGP,NORD,SLOV,0.0000
20251230,15,60,MGP,NORD,FRAN,0.0000
20251230,15,60,MGP,NORD,COUP,-1791.0000
20251230,15,60,MGP,NORD,AUST,0.0000
20251230,15,60,MGP,CSUD,SUD,-2965.6000
20251230,15,60,MGP,CSUD,SARD,-627.9000
20251230,15,60,MGP,CSUD,MONT,-274.0000
20251230,15,60,MGP,COUP,XFRA,-2687.0000
20251230,15,60,MGP,COUP,XAUS,120.0000
20251230,15,60,MGP,CNOR,NORD,318.5000
20251230,15,60,MGP,CNOR,CSUD,-1442.8000
20251230,15,60,MGP,CNOR,CORS,0.0000
20251230,15,60,MGP,CALA,SUD,827.4000
20251230,15,60,MGP,CALA,SICI,355.7000
20251230,15,60,MGP,BSP,COUP,-776.0000
20251230,16,61,MGP,BSP,COUP,-828.0000
20251230,16,61,MGP,CALA,SICI,519.0000
20251230,16,61,MGP,CALA,SUD,625.5000
20251230,16,61,MGP,CNOR,CORS,0.0000
20251230,16,61,MGP,CNOR,CSUD,-589.6000
20251230,16,61,MGP,CNOR,NORD,-572.4000
20251230,16,61,MGP,COUP,XAUS,120.0000
20251230,16,61,MGP,COUP,XFRA,-2739.0000
20251230,16,61,MGP,CSUD,MONT,-339.0000
20251230,16,61,MGP,CSUD,SARD,-553.3000
20251230,16,61,MGP,CSUD,SUD,-2289.9090
20251230,16,61,MGP,NORD,AUST,0.0000
20251230,16,61,MGP,NORD,COUP,-1791.0000
20251230,16,61,MGP,NORD,FRAN,0.0000
20251230,16,61,MGP,NORD,SLOV,0.0000
20251230,16,61,MGP,NORD,SVIZ,-768.0000
20251230,16,61,MGP,SARD,COAC,94.0000
20251230,16,61,MGP,SARD,CORS,30.0000
20251230,16,61,MGP,SICI,MALT,159.0000
20251230,16,61,MGP,SUD,XGRE,23.7910
20251230,16,61,MGP,SUD,GREC,0.0000
20251230,16,62,MGP,SUD,GREC,0.0000
20251230,16,62,MGP,SUD,XGRE,23.7910
20251230,16,62,MGP,SICI,MALT,167.0000
20251230,16,62,MGP,SARD,CORS,30.0000
20251230,16,62,MGP,SARD,COAC,94.0000
20251230,16,62,MGP,NORD,SVIZ,-903.4000
20251230,16,62,MGP,NORD,SLOV,0.0000
20251230,16,62,MGP,NORD,FRAN,0.0000
20251230,16,62,MGP,NORD,COUP,-1791.0000
20251230,16,62,MGP,NORD,AUST,0.0000
20251230,16,62,MGP,CSUD,SUD,-2092.0090
20251230,16,62,MGP,CSUD,SARD,-504.3000
20251230,16,62,MGP,CSUD,MONT,-304.0000
20251230,16,62,MGP,COUP,XFRA,-2739.0000
20251230,16,62,MGP,COUP,XAUS,120.0000
20251230,16,62,MGP,CNOR,NORD,-897.3000
20251230,16,62,MGP,CNOR,CSUD,-168.7090
20251230,16,62,MGP,CNOR,CORS,0.0000
20251230,16,62,MGP,CALA,SUD,543.2000
20251230,16,62,MGP,CALA,SICI,601.2000
20251230,16,62,MGP,BSP,COUP,-828.0000
20251230,16,63,MGP,BSP,COUP,-828.0000
20251230,16,63,MGP,CALA,SICI,574.4130
20251230,16,63,MGP,CALA,SUD,556.3780
20251230,16,63,MGP,CNOR,CORS,0.0000
20251230,16,63,MGP,CNOR,CSUD,-59.9470
20251230,16,63,MGP,CNOR,NORD,-816.3360
20251230,16,63,MGP,COUP,XAUS,120.0000
20251230,16,63,MGP,COUP,XFRA,-2739.0000
20251230,16,63,MGP,CSUD,MONT,-309.0000
20251230,16,63,MGP,CSUD,SARD,-452.0520
20251230,16,63,MGP,CSUD,SUD,-2005.0920
20251230,16,63,MGP,NORD,AUST,0.0000
20251230,16,63,MGP,NORD,COUP,-1791.0000
20251230,16,63,MGP,NORD,FRAN,0.0000
20251230,16,63,MGP,NORD,SLOV,0.0000
20251230,16,63,MGP,NORD,SVIZ,-989.4000
20251230,16,63,MGP,SARD,COAC,94.0000
20251230,16,63,MGP,SARD,CORS,30.0000
20251230,16,63,MGP,SICI,MALT,55.0000
20251230,16,63,MGP,SUD,XGRE,23.7910
20251230,16,63,MGP,SUD,GREC,0.0000
20251230,16,64,MGP,SUD,GREC,0.0000
20251230,16,64,MGP,SUD,XGRE,23.7910
20251230,16,64,MGP,SICI,MALT,66.0000
20251230,16,64,MGP,SARD,CORS,30.0000
20251230,16,64,MGP,SARD,COAC,94.0000
20251230,16,64,MGP,NORD,SVIZ,-1100.8000
20251230,16,64,MGP,NORD,SLOV,0.0000
20251230,16,64,MGP,NORD,FRAN,0.0000
20251230,16,64,MGP,NORD,COUP,-1791.0000
20251230,16,64,MGP,NORD,AUST,0.0000
20251230,16,64,MGP,CSUD,SUD,-2131.1000
20251230,16,64,MGP,CSUD,SARD,-451.7000
20251230,16,64,MGP,CSUD,MONT,-294.0000
20251230,16,64,MGP,COUP,XFRA,-2739.0000
20251230,16,64,MGP,COUP,XAUS,120.0000
20251230,16,64,MGP,CNOR,NORD,-772.4000
20251230,16,64,MGP,CNOR,CSUD,-170.9000
20251230,16,64,MGP,CNOR,CORS,0.0000
20251230,16,64,MGP,CALA,SUD,635.8910
20251230,16,64,MGP,CALA,SICI,447.9090
20251230,16,64,MGP,BSP,COUP,-828.0000
20251230,17,65,MGP,BSP,COUP,-828.0000
20251230,17,65,MGP,CALA,SICI,930.0000
20251230,17,65,MGP,CALA,SUD,115.9000
20251230,17,65,MGP,CNOR,CORS,0.0000
20251230,17,65,MGP,CNOR,CSUD,933.0730
20251230,17,65,MGP,CNOR,NORD,-1916.3660
20251230,17,65,MGP,COUP,XAUS,120.0000
20251230,17,65,MGP,COUP,XFRA,-2739.0000
20251230,17,65,MGP,CSUD,MONT,220.0000
20251230,17,65,MGP,CSUD,SARD,-618.0950
20251230,17,65,MGP,CSUD,SUD,-1391.3320
20251230,17,65,MGP,NORD,AUST,0.0000
20251230,17,65,MGP,NORD,COUP,-1791.0000
20251230,17,65,MGP,NORD,FRAN,0.0000
20251230,17,65,MGP,NORD,SLOV,0.0000
20251230,17,65,MGP,NORD,SVIZ,-1370.0000
20251230,17,65,MGP,SARD,COAC,99.0000
20251230,17,65,MGP,SARD,CORS,47.0000
20251230,17,65,MGP,SICI,MALT,77.0000
20251230,17,65,MGP,SUD,GREC,0.0000
20251230,17,65,MGP,SUD,XGRE,376.2680
20251230,17,66,MGP,SUD,XGRE,376.2680
20251230,17,66,MGP,SUD,GREC,0.0000
20251230,17,66,MGP,SICI,MALT,89.0000
20251230,17,66,MGP,SARD,CORS,47.0000
20251230,17,66,MGP,SARD,COAC,99.0000
20251230,17,66,MGP,NORD,SVIZ,-1410.0000
20251230,17,66,MGP,NORD,SLOV,0.0000
20251230,17,66,MGP,NORD,FRAN,0.0000
20251230,17,66,MGP,NORD,COUP,-1791.0000
20251230,17,66,MGP,NORD,AUST,0.0000
20251230,17,66,MGP,CSUD,SUD,-1322.6320
20251230,17,66,MGP,CSUD,SARD,-856.7000
20251230,17,66,MGP,CSUD,MONT,240.0000
20251230,17,66,MGP,COUP,XFRA,-2739.0000
20251230,17,66,MGP,COUP,XAUS,120.0000
20251230,17,66,MGP,CNOR,NORD,-1830.2680
20251230,17,66,MGP,CNOR,CSUD,801.9680
20251230,17,66,MGP,CNOR,CORS,0.0000
20251230,17,66,MGP,CALA,SUD,90.1000
20251230,17,66,MGP,CALA,SICI,923.1000
20251230,17,66,MGP,BSP,COUP,-828.0000
20251230,17,67,MGP,BSP,COUP,-828.0000
20251230,17,67,MGP,CALA,SICI,652.5000
20251230,17,67,MGP,CALA,SUD,337.1000
20251230,17,67,MGP,CNOR,CORS,0.0000
20251230,17,67,MGP,CNOR,CSUD,699.7680
20251230,17,67,MGP,CNOR,NORD,-1746.3680
20251230,17,67,MGP,COUP,XAUS,120.0000
20251230,17,67,MGP,COUP,XFRA,-2739.0000
20251230,17,67,MGP,CSUD,MONT,270.0000
20251230,17,67,MGP,CSUD,SARD,-809.6000
20251230,17,67,MGP,CSUD,SUD,-1554.1320
20251230,17,67,MGP,NORD,AUST,0.0000
20251230,17,67,MGP,NORD,COUP,-1791.0000
20251230,17,67,MGP,NORD,FRAN,0.0000
20251230,17,67,MGP,NORD,SLOV,0.0000
20251230,17,67,MGP,NORD,SVIZ,-1493.9000
20251230,17,67,MGP,SARD,COAC,99.0000
20251230,17,67,MGP,SARD,CORS,47.0000
20251230,17,67,MGP,SICI,MALT,102.0000
20251230,17,67,MGP,SUD,GREC,0.0000
20251230,17,67,MGP,SUD,XGRE,376.2680
20251230,17,68,MGP,SUD,XGRE,376.2680
20251230,17,68,MGP,SUD,GREC,0.0000
20251230,17,68,MGP,SICI,MALT,113.0000
20251230,17,68,MGP,SARD,CORS,47.0000
20251230,17,68,MGP,SARD,COAC,99.0000
20251230,17,68,MGP,NORD,SVIZ,-1536.6000
20251230,17,68,MGP,NORD,SLOV,0.0000
20251230,17,68,MGP,NORD,FRAN,0.0000
20251230,17,68,MGP,NORD,COUP,-1791.0000
20251230,17,68,MGP,NORD,AUST,0.0000
20251230,17,68,MGP,CSUD,SUD,-1652.4320
20251230,17,68,MGP,CSUD,SARD,-750.9000
20251230,17,68,MGP,CSUD,MONT,255.0000
20251230,17,68,MGP,COUP,XFRA,-2739.0000
20251230,17,68,MGP,COUP,XAUS,120.0000
20251230,17,68,MGP,CNOR,NORD,-2266.6680
20251230,17,68,MGP,CNOR,CSUD,996.9680
20251230,17,68,MGP,CNOR,CORS,0.0000
20251230,17,68,MGP,CALA,SUD,521.8000
20251230,17,68,MGP,CALA,SICI,393.3000
20251230,17,68,MGP,BSP,COUP,-828.0000
20251230,18,69,MGP,BSP,COUP,-828.0000
20251230,18,69,MGP,CALA,SICI,532.4000
20251230,18,69,MGP,CALA,SUD,364.4000
20251230,18,69,MGP,CNOR,CORS,0.0000
20251230,18,69,MGP,CNOR,CSUD,832.8530
20251230,18,69,MGP,CNOR,NORD,-2046.1530
20251230,18,69,MGP,COUP,XAUS,120.0000
20251230,18,69,MGP,COUP,XFRA,-2739.0000
20251230,18,69,MGP,CSUD,MONT,210.0000
20251230,18,69,MGP,CSUD,SARD,-684.1000
20251230,18,69,MGP,CSUD,SUD,-1781.0470
20251230,18,69,MGP,NORD,AUST,0.0000
20251230,18,69,MGP,NORD,COUP,-1791.0000
20251230,18,69,MGP,NORD,FRAN,0.0000
20251230,18,69,MGP,NORD,SLOV,0.0000
20251230,18,69,MGP,NORD,SVIZ,-1473.9000
20251230,18,69,MGP,SARD,COAC,99.0000
20251230,18,69,MGP,SARD,CORS,47.0000
20251230,18,69,MGP,SICI,MALT,126.0000
20251230,18,69,MGP,SUD,XGRE,242.5530
20251230,18,69,MGP,SUD,GREC,0.0000
20251230,18,70,MGP,SUD,GREC,0.0000
20251230,18,70,MGP,SUD,XGRE,242.5530
20251230,18,70,MGP,SICI,MALT,133.0000
20251230,18,70,MGP,SARD,CORS,47.0000
20251230,18,70,MGP,SARD,COAC,99.0000
20251230,18,70,MGP,NORD,SVIZ,-1488.9000
20251230,18,70,MGP,NORD,SLOV,0.0000
20251230,18,70,MGP,NORD,FRAN,0.0000
20251230,18,70,MGP,NORD,COUP,-1791.0000
20251230,18,70,MGP,NORD,AUST,0.0000
20251230,18,70,MGP,CSUD,SUD,-1795.1470
20251230,18,70,MGP,CSUD,SARD,-652.8000
20251230,18,70,MGP,CSUD,MONT,230.0000
20251230,18,70,MGP,COUP,XFRA,-2739.0000
20251230,18,70,MGP,COUP,XAUS,120.0000
20251230,18,70,MGP,CNOR,NORD,-2107.3530
20251230,18,70,MGP,CNOR,CSUD,878.7530
20251230,18,70,MGP,CNOR,CORS,0.0000
20251230,18,70,MGP,CALA,SUD,340.1000
20251230,18,70,MGP,CALA,SICI,569.0000
20251230,18,70,MGP,BSP,COUP,-828.0000
20251230,18,71,MGP,BSP,COUP,-828.0000
20251230,18,71,MGP,CALA,SICI,610.8000
20251230,18,71,MGP,CALA,SUD,297.8000
20251230,18,71,MGP,CNOR,CORS,0.0000
20251230,18,71,MGP,CNOR,CSUD,822.8530
20251230,18,71,MGP,CNOR,NORD,-2051.3530
20251230,18,71,MGP,COUP,XAUS,120.0000
20251230,18,71,MGP,COUP,XFRA,-2739.0000
20251230,18,71,MGP,CSUD,MONT,215.0000
20251230,18,71,MGP,CSUD,SARD,-638.9000
20251230,18,71,MGP,CSUD,SUD,-1825.2470
20251230,18,71,MGP,NORD,AUST,0.0000
20251230,18,71,MGP,NORD,COUP,-1791.0000
20251230,18,71,MGP,NORD,FRAN,0.0000
20251230,18,71,MGP,NORD,SLOV,0.0000
20251230,18,71,MGP,NORD,SVIZ,-1447.9000
20251230,18,71,MGP,SARD,COAC,99.0000
20251230,18,71,MGP,SARD,CORS,47.0000
20251230,18,71,MGP,SICI,MALT,140.0000
20251230,18,71,MGP,SUD,XGRE,242.5530
20251230,18,71,MGP,SUD,GREC,0.0000
20251230,18,72,MGP,SUD,GREC,0.0000
20251230,18,72,MGP,SUD,XGRE,242.5530
20251230,18,72,MGP,SICI,MALT,145.0000
20251230,18,72,MGP,SARD,CORS,47.0000
20251230,18,72,MGP,SARD,COAC,99.0000
20251230,18,72,MGP,NORD,SVIZ,-1447.9000
20251230,18,72,MGP,NORD,SLOV,0.0000
20251230,18,72,MGP,NORD,FRAN,0.0000
20251230,18,72,MGP,NORD,COUP,-1791.0000
20251230,18,72,MGP,NORD,AUST,0.0000
20251230,18,72,MGP,CSUD,SUD,-1814.1470
20251230,18,72,MGP,CSUD,SARD,-626.8000
20251230,18,72,MGP,CSUD,MONT,215.0000
20251230,18,72,MGP,COUP,XFRA,-2739.0000
20251230,18,72,MGP,COUP,XAUS,120.0000
20251230,18,72,MGP,CNOR,NORD,-2085.5530
20251230,18,72,MGP,CNOR,CSUD,862.3530
20251230,18,72,MGP,CNOR,CORS,0.0000
20251230,18,72,MGP,CALA,SUD,267.4000
20251230,18,72,MGP,CALA,SICI,628.8000
20251230,18,72,MGP,BSP,COUP,-828.0000
20251230,19,73,MGP,BSP,COUP,-809.0000
20251230,19,73,MGP,CALA,SICI,647.0000
20251230,19,73,MGP,CALA,SUD,268.5000
20251230,19,73,MGP,CNOR,CORS,0.0000
20251230,19,73,MGP,CNOR,CSUD,452.2390
20251230,19,73,MGP,CNOR,NORD,-1721.3390
20251230,19,73,MGP,COUP,XAUS,120.0000
20251230,19,73,MGP,COUP,XFRA,-2726.0000
20251230,19,73,MGP,CSUD,MONT,183.0000
20251230,19,73,MGP,CSUD,SARD,-602.3000
20251230,19,73,MGP,CSUD,SUD,-2088.2610
20251230,19,73,MGP,NORD,AUST,0.0000
20251230,19,73,MGP,NORD,COUP,-1797.0000
20251230,19,73,MGP,NORD,FRAN,0.0000
20251230,19,73,MGP,NORD,SLOV,0.0000
20251230,19,73,MGP,NORD,SVIZ,-1426.3390
20251230,19,73,MGP,SARD,COAC,99.0000
20251230,19,73,MGP,SARD,CORS,47.0000
20251230,19,73,MGP,SICI,MALT,148.0000
20251230,19,73,MGP,SUD,GREC,0.0000
20251230,19,73,MGP,SUD,XGRE,105.9390
20251230,19,74,MGP,SUD,XGRE,105.9390
20251230,19,74,MGP,SUD,GREC,0.0000
20251230,19,74,MGP,SICI,MALT,150.0000
20251230,19,74,MGP,SARD,CORS,47.0000
20251230,19,74,MGP,SARD,COAC,99.0000
20251230,19,74,MGP,NORD,SVIZ,-1354.9000
20251230,19,74,MGP,NORD,SLOV,0.0000
20251230,19,74,MGP,NORD,FRAN,0.0000
20251230,19,74,MGP,NORD,COUP,-1797.0000
20251230,19,74,MGP,NORD,AUST,0.0000
20251230,19,74,MGP,CSUD,SUD,-2131.0610
20251230,19,74,MGP,CSUD,SARD,-594.1000
20251230,19,74,MGP,CSUD,MONT,183.0000
20251230,19,74,MGP,COUP,XFRA,-2726.0000
20251230,19,74,MGP,COUP,XAUS,120.0000
20251230,19,74,MGP,CNOR,NORD,-1565.4390
20251230,19,74,MGP,CNOR,CSUD,353.8390
20251230,19,74,MGP,CNOR,CORS,0.0000
20251230,19,74,MGP,CALA,SUD,256.9000
20251230,19,74,MGP,CALA,SICI,656.6000
20251230,19,74,MGP,BSP,COUP,-809.0000
20251230,19,75,MGP,BSP,COUP,-809.0000
20251230,19,75,MGP,CALA,SICI,689.0980
20251230,19,75,MGP,CALA,SUD,203.5380
20251230,19,75,MGP,CNOR,CORS,0.0000
20251230,19,75,MGP,CNOR,CSUD,469.9880
20251230,19,75,MGP,CNOR,NORD,-1737.0850
20251230,19,75,MGP,COUP,XAUS,120.0000
20251230,19,75,MGP,COUP,XFRA,-2726.0000
20251230,19,75,MGP,CSUD,MONT,183.0000
20251230,19,75,MGP,CSUD,SARD,-587.5000
20251230,19,75,MGP,CSUD,SUD,-2032.4160
20251230,19,75,MGP,NORD,AUST,0.0000
20251230,19,75,MGP,NORD,COUP,-1797.0000
20251230,19,75,MGP,NORD,FRAN,0.0000
20251230,19,75,MGP,NORD,SLOV,0.0000
20251230,19,75,MGP,NORD,SVIZ,-1454.9000
20251230,19,75,MGP,SARD,COAC,99.0000
20251230,19,75,MGP,SARD,CORS,47.0000
20251230,19,75,MGP,SICI,MALT,151.0000
20251230,19,75,MGP,SUD,GREC,0.0000
20251230,19,75,MGP,SUD,XGRE,105.9390
20251230,19,76,MGP,SUD,XGRE,105.9390
20251230,19,76,MGP,SUD,GREC,0.0000
20251230,19,76,MGP,SICI,MALT,152.0000
20251230,19,76,MGP,SARD,CORS,47.0000
20251230,19,76,MGP,SARD,COAC,99.0000
20251230,19,76,MGP,NORD,SVIZ,-1626.0000
20251230,19,76,MGP,NORD,SLOV,0.0000
20251230,19,76,MGP,NORD,FRAN,0.0000
20251230,19,76,MGP,NORD,COUP,-1797.0000
20251230,19,76,MGP,NORD,AUST,0.0000
20251230,19,76,MGP,CSUD,SUD,-2035.0610
20251230,19,76,MGP,CSUD,SARD,-342.1000
20251230,19,76,MGP,CSUD,MONT,168.0000
20251230,19,76,MGP,COUP,XFRA,-2726.0000
20251230,19,76,MGP,COUP,XAUS,120.0000
20251230,19,76,MGP,CNOR,NORD,-2012.7390
20251230,19,76,MGP,CNOR,CSUD,796.3390
20251230,19,76,MGP,CNOR,CORS,0.0000
20251230,19,76,MGP,CALA,SUD,151.2000
20251230,19,76,MGP,CALA,SICI,692.0000
20251230,19,76,MGP,BSP,COUP,-809.0000
20251230,20,77,MGP,BSP,COUP,-809.0000
20251230,20,77,MGP,CALA,SICI,710.6000
20251230,20,77,MGP,CALA,SUD,198.1000
20251230,20,77,MGP,CNOR,CORS,0.0000
20251230,20,77,MGP,CNOR,CSUD,778.0190
20251230,20,77,MGP,CNOR,NORD,-1957.0190
20251230,20,77,MGP,COUP,XAUS,120.0000
20251230,20,77,MGP,COUP,XFRA,-2726.0000
20251230,20,77,MGP,CSUD,MONT,48.0000
20251230,20,77,MGP,CSUD,SARD,-37.3000
20251230,20,77,MGP,CSUD,SUD,-2156.7810
20251230,20,77,MGP,NORD,AUST,0.0000
20251230,20,77,MGP,NORD,COUP,-1797.0000
20251230,20,77,MGP,NORD,FRAN,0.0000
20251230,20,77,MGP,NORD,SLOV,0.0000
20251230,20,77,MGP,NORD,SVIZ,-1661.0000
20251230,20,77,MGP,SARD,COAC,99.0000
20251230,20,77,MGP,SARD,CORS,47.0000
20251230,20,77,MGP,SICI,MALT,151.0000
20251230,20,77,MGP,SUD,XGRE,41.3190
20251230,20,77,MGP,SUD,GREC,0.0000
20251230,20,78,MGP,SUD,GREC,0.0000
20251230,20,78,MGP,SUD,XGRE,41.3190
20251230,20,78,MGP,SICI,MALT,148.0000
20251230,20,78,MGP,SARD,CORS,47.0000
20251230,20,78,MGP,SARD,COAC,99.0000
20251230,20,78,MGP,NORD,SVIZ,-1661.0000
20251230,20,78,MGP,NORD,SLOV,0.0000
20251230,20,78,MGP,NORD,FRAN,0.0000
20251230,20,78,MGP,NORD,COUP,-1797.0000
20251230,20,78,MGP,NORD,AUST,0.0000
20251230,20,78,MGP,CSUD,SUD,-2039.6810
20251230,20,78,MGP,CSUD,SARD,5.7000
20251230,20,78,MGP,CSUD,MONT,48.0000
20251230,20,78,MGP,COUP,XFRA,-2726.0000
20251230,20,78,MGP,COUP,XAUS,120.0000
20251230,20,78,MGP,CNOR,NORD,-2207.6190
20251230,20,78,MGP,CNOR,CSUD,980.8190
20251230,20,78,MGP,CNOR,CORS,0.0000
20251230,20,78,MGP,CALA,SUD,138.2000
20251230,20,78,MGP,CALA,SICI,752.5000
20251230,20,78,MGP,BSP,COUP,-809.0000
20251230,20,79,MGP,BSP,COUP,-809.0000
20251230,20,79,MGP,CALA,SICI,781.4000
20251230,20,79,MGP,CALA,SUD,103.0000
20251230,20,79,MGP,CNOR,CORS,0.0000
20251230,20,79,MGP,CNOR,CSUD,1060.3190
20251230,20,79,MGP,CNOR,NORD,-2227.6190
20251230,20,79,MGP,COUP,XAUS,120.0000
20251230,20,79,MGP,COUP,XFRA,-2726.0000
20251230,20,79,MGP,CSUD,MONT,48.0000
20251230,20,79,MGP,CSUD,SARD,34.9000
20251230,20,79,MGP,CSUD,SUD,-1945.2810
20251230,20,79,MGP,NORD,AUST,0.0000
20251230,20,79,MGP,NORD,COUP,-1797.0000
20251230,20,79,MGP,NORD,FRAN,0.0000
20251230,20,79,MGP,NORD,SLOV,0.0000
20251230,20,79,MGP,NORD,SVIZ,-1661.0000
20251230,20,79,MGP,SARD,COAC,99.0000
20251230,20,79,MGP,SARD,CORS,47.0000
20251230,20,79,MGP,SICI,MALT,147.0000
20251230,20,79,MGP,SUD,XGRE,41.3190
20251230,20,79,MGP,SUD,GREC,0.0000
20251230,20,80,MGP,SUD,GREC,0.0000
20251230,20,80,MGP,SUD,XGRE,41.3190
20251230,20,80,MGP,SICI,MALT,146.0000
20251230,20,80,MGP,SARD,CORS,47.0000
20251230,20,80,MGP,SARD,COAC,99.0000
20251230,20,80,MGP,NORD,SVIZ,-1502.6000
20251230,20,80,MGP,NORD,SLOV,0.0000
20251230,20,80,MGP,NORD,FRAN,0.0000
20251230,20,80,MGP,NORD,COUP,-1797.0000
20251230,20,80,MGP,NORD,AUST,0.0000
20251230,20,80,MGP,CSUD,SUD,-1860.7810
20251230,20,80,MGP,CSUD,SARD,69.3000
20251230,20,80,MGP,CSUD,MONT,48.0000
20251230,20,80,MGP,COUP,XFRA,-2726.0000
20251230,20,80,MGP,COUP,XAUS,120.0000
20251230,20,80,MGP,CNOR,NORD,-2322.0190
20251230,20,80,MGP,CNOR,CSUD,1147.4190
20251230,20,80,MGP,CNOR,CORS,0.0000
20251230,20,80,MGP,CALA,SUD,62.9000
20251230,20,80,MGP,CALA,SICI,821.4000
20251230,20,80,MGP,BSP,COUP,-809.0000
20251230,21,81,MGP,BSP,COUP,-809.0000
20251230,21,81,MGP,CALA,SICI,811.4000
20251230,21,81,MGP,CALA,SUD,-27.6000
20251230,21,81,MGP,CNOR,CORS,0.0000
20251230,21,81,MGP,CNOR,CSUD,1002.2000
20251230,21,81,MGP,CNOR,NORD,-2027.4000
20251230,21,81,MGP,COUP,XAUS,120.0000
20251230,21,81,MGP,COUP,XFRA,-2726.0000
20251230,21,81,MGP,CSUD,MONT,-32.0000
20251230,21,81,MGP,CSUD,SARD,42.9000
20251230,21,81,MGP,CSUD,SUD,-1631.8000
20251230,21,81,MGP,NORD,AUST,0.0000
20251230,21,81,MGP,NORD,COUP,-1797.0000
20251230,21,81,MGP,NORD,FRAN,0.0000
20251230,21,81,MGP,NORD,SLOV,0.0000
20251230,21,81,MGP,NORD,SVIZ,-1567.0000
20251230,21,81,MGP,SARD,COAC,99.0000
20251230,21,81,MGP,SARD,CORS,47.0000
20251230,21,81,MGP,SICI,MALT,142.0000
20251230,21,81,MGP,SUD,GREC,0.0000
20251230,21,81,MGP,SUD,XGRE,198.0000
20251230,21,82,MGP,SUD,XGRE,198.0000
20251230,21,82,MGP,SUD,GREC,0.0000
20251230,21,82,MGP,SICI,MALT,138.0000
20251230,21,82,MGP,SARD,CORS,47.0000
20251230,21,82,MGP,SARD,COAC,99.0000
20251230,21,82,MGP,NORD,SVIZ,-1567.0000
20251230,21,82,MGP,NORD,SLOV,0.0000
20251230,21,82,MGP,NORD,FRAN,0.0000
20251230,21,82,MGP,NORD,COUP,-1797.0000
20251230,21,82,MGP,NORD,AUST,0.0000
20251230,21,82,MGP,CSUD,SUD,-1689.5000
20251230,21,82,MGP,CSUD,SARD,36.6000
20251230,21,82,MGP,CSUD,MONT,-32.0000
20251230,21,82,MGP,COUP,XFRA,-2726.0000
20251230,21,82,MGP,COUP,XAUS,120.0000
20251230,21,82,MGP,CNOR,NORD,-1722.5000
20251230,21,82,MGP,CNOR,CSUD,799.1000
20251230,21,82,MGP,CNOR,CORS,0.0000
20251230,21,82,MGP,CALA,SUD,8.0000
20251230,21,82,MGP,CALA,SICI,788.0000
20251230,21,82,MGP,BSP,COUP,-809.0000
20251230,21,83,MGP,BSP,COUP,-809.0000
20251230,21,83,MGP,CALA,SICI,788.3000
20251230,21,83,MGP,CALA,SUD,15.9000
20251230,21,83,MGP,CNOR,CORS,0.0000
20251230,21,83,MGP,CNOR,CSUD,676.4000
20251230,21,83,MGP,CNOR,NORD,-1547.0000
20251230,21,83,MGP,COUP,XAUS,120.0000
20251230,21,83,MGP,COUP,XFRA,-2726.0000
20251230,21,83,MGP,CSUD,MONT,-32.0000
20251230,21,83,MGP,CSUD,SARD,30.2000
20251230,21,83,MGP,CSUD,SUD,-1700.4000
20251230,21,83,MGP,NORD,AUST,0.0000
20251230,21,83,MGP,NORD,COUP,-1797.0000
20251230,21,83,MGP,NORD,FRAN,0.0000
20251230,21,83,MGP,NORD,SLOV,0.0000
20251230,21,83,MGP,NORD,SVIZ,-1568.0000
20251230,21,83,MGP,SARD,COAC,99.0000
20251230,21,83,MGP,SARD,CORS,47.0000
20251230,21,83,MGP,SICI,MALT,134.0000
20251230,21,83,MGP,SUD,GREC,0.0000
20251230,21,83,MGP,SUD,XGRE,198.0000
20251230,21,84,MGP,SUD,XGRE,198.0000
20251230,21,84,MGP,SUD,GREC,0.0000
20251230,21,84,MGP,SICI,MALT,127.0000
20251230,21,84,MGP,SARD,CORS,47.0000
20251230,21,84,MGP,SARD,COAC,99.0000
20251230,21,84,MGP,NORD,SVIZ,-1562.0000
20251230,21,84,MGP,NORD,SLOV,0.0000
20251230,21,84,MGP,NORD,FRAN,0.0000
20251230,21,84,MGP,NORD,COUP,-1797.0000
20251230,21,84,MGP,NORD,AUST,0.0000
20251230,21,84,MGP,CSUD,SUD,-1261.8000
20251230,21,84,MGP,CSUD,SARD,54.5000
20251230,21,84,MGP,CSUD,MONT,-32.0000
20251230,21,84,MGP,COUP,XFRA,-2726.0000
20251230,21,84,MGP,COUP,XAUS,120.0000
20251230,21,84,MGP,CNOR,NORD,-1868.5000
20251230,21,84,MGP,CNOR,CSUD,1020.2000
20251230,21,84,MGP,CNOR,CORS,0.0000
20251230,21,84,MGP,CALA,SUD,-442.9000
20251230,21,84,MGP,CALA,SICI,1258.1000
20251230,21,84,MGP,BSP,COUP,-809.0000
20251230,22,85,MGP,BSP,COUP,-809.0000
20251230,22,85,MGP,CALA,SICI,1329.8000
20251230,22,85,MGP,CALA,SUD,-476.4000
20251230,22,85,MGP,CNOR,CORS,0.0000
20251230,22,85,MGP,CNOR,CSUD,864.3000
20251230,22,85,MGP,CNOR,NORD,-1560.0000
20251230,22,85,MGP,COUP,XAUS,120.0000
20251230,22,85,MGP,COUP,XFRA,-2721.0000
20251230,22,85,MGP,CSUD,MONT,-140.0000
20251230,22,85,MGP,CSUD,SARD,0.8000
20251230,22,85,MGP,CSUD,SUD,-1083.2000
20251230,22,85,MGP,NORD,AUST,0.0000
20251230,22,85,MGP,NORD,COUP,-1792.0000
20251230,22,85,MGP,NORD,FRAN,0.0000
20251230,22,85,MGP,NORD,SLOV,0.0000
20251230,22,85,MGP,NORD,SVIZ,-1499.2000
20251230,22,85,MGP,SARD,COAC,99.0000
20251230,22,85,MGP,SARD,CORS,47.0000
20251230,22,85,MGP,SICI,MALT,120.0000
20251230,22,85,MGP,SUD,XGRE,395.2000
20251230,22,85,MGP,SUD,GREC,0.0000
20251230,22,86,MGP,SUD,GREC,0.0000
20251230,22,86,MGP,SUD,XGRE,395.2000
20251230,22,86,MGP,SICI,MALT,110.0000
20251230,22,86,MGP,SARD,CORS,47.0000
20251230,22,86,MGP,SARD,COAC,99.0000
20251230,22,86,MGP,NORD,SVIZ,-1411.2000
20251230,22,86,MGP,NORD,SLOV,0.0000
20251230,22,86,MGP,NORD,FRAN,0.0000
20251230,22,86,MGP,NORD,COUP,-1792.0000
20251230,22,86,MGP,NORD,AUST,0.0000
20251230,22,86,MGP,CSUD,SUD,-1152.8990
20251230,22,86,MGP,CSUD,SARD,-12.7000
20251230,22,86,MGP,CSUD,MONT,-140.0000
20251230,22,86,MGP,COUP,XFRA,-2721.0000
20251230,22,86,MGP,COUP,XAUS,120.0000
20251230,22,86,MGP,CNOR,NORD,-1360.6000
20251230,22,86,MGP,CNOR,CSUD,697.1010
20251230,22,86,MGP,CNOR,CORS,0.0000
20251230,22,86,MGP,CALA,SUD,-427.1960
20251230,22,86,MGP,CALA,SICI,1292.0960
20251230,22,86,MGP,BSP,COUP,-809.0000
20251230,22,87,MGP,BSP,COUP,-809.0000
20251230,22,87,MGP,CALA,SICI,1251.0910
20251230,22,87,MGP,CALA,SUD,-372.8910
20251230,22,87,MGP,CNOR,CORS,0.0000
20251230,22,87,MGP,CNOR,CSUD,463.1320
20251230,22,87,MGP,CNOR,NORD,-1119.2000
20251230,22,87,MGP,COUP,XAUS,120.0000
20251230,22,87,MGP,COUP,XFRA,-2721.0000
20251230,22,87,MGP,CSUD,MONT,-140.0000
20251230,22,87,MGP,CSUD,SARD,-30.0000
20251230,22,87,MGP,CSUD,SUD,-1293.8350
20251230,22,87,MGP,NORD,AUST,0.0000
20251230,22,87,MGP,NORD,COUP,-1792.0000
20251230,22,87,MGP,NORD,FRAN,0.0000
20251230,22,87,MGP,NORD,SLOV,0.0000
20251230,22,87,MGP,NORD,SVIZ,-1412.2000
20251230,22,87,MGP,SARD,COAC,99.0000
20251230,22,87,MGP,SARD,CORS,47.0000
20251230,22,87,MGP,SICI,MALT,100.0000
20251230,22,87,MGP,SUD,XGRE,395.2000
20251230,22,87,MGP,SUD,GREC,0.0000
20251230,22,88,MGP,SUD,GREC,0.0000
20251230,22,88,MGP,SUD,XGRE,395.2000
20251230,22,88,MGP,SICI,MALT,215.0000
20251230,22,88,MGP,SARD,CORS,47.0000
20251230,22,88,MGP,SARD,COAC,99.0000
20251230,22,88,MGP,NORD,SVIZ,-1399.2000
20251230,22,88,MGP,NORD,SLOV,0.0000
20251230,22,88,MGP,NORD,FRAN,0.0000
20251230,22,88,MGP,NORD,COUP,-1792.0000
20251230,22,88,MGP,NORD,AUST,0.0000
20251230,22,88,MGP,CSUD,SUD,-1262.4000
20251230,22,88,MGP,CSUD,SARD,-43.3000
20251230,22,88,MGP,CSUD,MONT,-160.0000
20251230,22,88,MGP,COUP,XFRA,-2721.0000
20251230,22,88,MGP,COUP,XAUS,120.0000
20251230,22,88,MGP,CNOR,NORD,-1426.8000
20251230,22,88,MGP,CNOR,CSUD,591.5000
20251230,22,88,MGP,CNOR,CORS,0.0000
20251230,22,88,MGP,CALA,SUD,-438.4000
20251230,22,88,MGP,CALA,SICI,1333.7000
20251230,22,88,MGP,BSP,COUP,-809.0000
20251230,23,89,MGP,BSP,COUP,-809.0000
20251230,23,89,MGP,CALA,SICI,1276.0000
20251230,23,89,MGP,CALA,SUD,-365.9000
20251230,23,89,MGP,CNOR,CORS,0.0000
20251230,23,89,MGP,CNOR,CSUD,548.9510
20251230,23,89,MGP,CNOR,NORD,-1232.0000
20251230,23,89,MGP,COUP,XAUS,120.0000
20251230,23,89,MGP,COUP,XFRA,-2721.0000
20251230,23,89,MGP,CSUD,MONT,-90.0000
20251230,23,89,MGP,CSUD,SARD,-67.2000
20251230,23,89,MGP,CSUD,SUD,-1744.9490
20251230,23,89,MGP,NORD,AUST,0.0000
20251230,23,89,MGP,NORD,COUP,-1792.0000
20251230,23,89,MGP,NORD,FRAN,0.0000
20251230,23,89,MGP,NORD,SLOV,0.0000
20251230,23,89,MGP,NORD,SVIZ,-1114.0000
20251230,23,89,MGP,SARD,COAC,99.0000
20251230,23,89,MGP,SARD,CORS,47.0000
20251230,23,89,MGP,SICI,MALT,204.0000
20251230,23,89,MGP,SUD,GREC,0.0000
20251230,23,89,MGP,SUD,XGRE,-298.7490
20251230,23,90,MGP,SUD,XGRE,-298.7490
20251230,23,90,MGP,SUD,GREC,0.0000
20251230,23,90,MGP,SICI,MALT,193.0000
20251230,23,90,MGP,SARD,CORS,47.0000
20251230,23,90,MGP,SARD,COAC,99.0000
20251230,23,90,MGP,NORD,SVIZ,-1114.0000
20251230,23,90,MGP,NORD,SLOV,0.0000
20251230,23,90,MGP,NORD,FRAN,0.0000
20251230,23,90,MGP,NORD,COUP,-1792.0000
20251230,23,90,MGP,NORD,AUST,0.0000
20251230,23,90,MGP,CSUD,SUD,-1709.4490
20251230,23,90,MGP,CSUD,SARD,-86.5000
20251230,23,90,MGP,CSUD,MONT,-90.0000
20251230,23,90,MGP,COUP,XFRA,-2721.0000
20251230,23,90,MGP,COUP,XAUS,120.0000
20251230,23,90,MGP,CNOR,NORD,-1292.2000
20251230,23,90,MGP,CNOR,CSUD,627.5510
20251230,23,90,MGP,CNOR,CORS,0.0000
20251230,23,90,MGP,CALA,SUD,-286.6000
20251230,23,90,MGP,CALA,SICI,1216.3000
20251230,23,90,MGP,BSP,COUP,-809.0000
20251230,23,91,MGP,BSP,COUP,-809.0000
20251230,23,91,MGP,CALA,SICI,1145.2000
20251230,23,91,MGP,CALA,SUD,-198.7000
20251230,23,91,MGP,CNOR,CORS,0.0000
20251230,23,91,MGP,CNOR,CSUD,414.5510
20251230,23,91,MGP,CNOR,NORD,-1314.2510
20251230,23,91,MGP,COUP,XAUS,120.0000
20251230,23,91,MGP,COUP,XFRA,-2721.0000
20251230,23,91,MGP,CSUD,MONT,-90.0000
20251230,23,91,MGP,CSUD,SARD,-105.8000
20251230,23,91,MGP,CSUD,SUD,-1803.6490
20251230,23,91,MGP,NORD,AUST,0.0000
20251230,23,91,MGP,NORD,COUP,-1792.0000
20251230,23,91,MGP,NORD,FRAN,0.0000
20251230,23,91,MGP,NORD,SLOV,0.0000
20251230,23,91,MGP,NORD,SVIZ,-1115.0000
20251230,23,91,MGP,SARD,COAC,99.0000
20251230,23,91,MGP,SARD,CORS,47.0000
20251230,23,91,MGP,SICI,MALT,183.0000
20251230,23,91,MGP,SUD,GREC,0.0000
20251230,23,91,MGP,SUD,XGRE,-298.7490
20251230,23,92,MGP,SUD,XGRE,-298.7490
20251230,23,92,MGP,SUD,GREC,0.0000
20251230,23,92,MGP,SICI,MALT,171.0000
20251230,23,92,MGP,SARD,CORS,47.0000
20251230,23,92,MGP,SARD,COAC,99.0000
20251230,23,92,MGP,NORD,SVIZ,-1114.0000
20251230,23,92,MGP,NORD,SLOV,0.0000
20251230,23,92,MGP,NORD,FRAN,0.0000
20251230,23,92,MGP,NORD,COUP,-1792.0000
20251230,23,92,MGP,NORD,AUST,0.0000
20251230,23,92,MGP,CSUD,SUD,-1571.7490
20251230,23,92,MGP,CSUD,SARD,-129.9000
20251230,23,92,MGP,CSUD,MONT,-110.0000
20251230,23,92,MGP,COUP,XFRA,-2721.0000
20251230,23,92,MGP,COUP,XAUS,120.0000
20251230,23,92,MGP,CNOR,NORD,-1110.2510
20251230,23,92,MGP,CNOR,CSUD,356.1510
20251230,23,92,MGP,CNOR,CORS,0.0000
20251230,23,92,MGP,CALA,SUD,-572.2000
20251230,23,92,MGP,CALA,SICI,1067.2000
20251230,23,92,MGP,BSP,COUP,-809.0000
20251230,24,93,MGP,BSP,COUP,0.0000
20251230,24,93,MGP,CALA,SICI,1006.0000
20251230,24,93,MGP,CALA,SUD,-688.6000
20251230,24,93,MGP,CNOR,CORS,0.0000
20251230,24,93,MGP,CNOR,CSUD,134.1000
20251230,24,93,MGP,CNOR,NORD,-833.4000
20251230,24,93,MGP,COUP,XAUS,0.0000
20251230,24,93,MGP,COUP,XFRA,-1868.0000
20251230,24,93,MGP,CSUD,MONT,-219.0000
20251230,24,93,MGP,CSUD,SARD,-120.6000
20251230,24,93,MGP,CSUD,SUD,-1529.2000
20251230,24,93,MGP,NORD,AUST,0.0000
20251230,24,93,MGP,NORD,COUP,-1868.0000
20251230,24,93,MGP,NORD,FRAN,0.0000
20251230,24,93,MGP,NORD,SLOV,0.0000
20251230,24,93,MGP,NORD,SVIZ,-954.8000
20251230,24,93,MGP,SARD,COAC,103.0000
20251230,24,93,MGP,SARD,CORS,47.0000
20251230,24,93,MGP,SICI,MALT,162.0000
20251230,24,93,MGP,SUD,GREC,0.0000
20251230,24,93,MGP,SUD,XGRE,-500.0000
20251230,24,94,MGP,SUD,XGRE,-500.0000
20251230,24,94,MGP,SUD,GREC,0.0000
20251230,24,94,MGP,SICI,MALT,153.0000
20251230,24,94,MGP,SARD,CORS,47.0000
20251230,24,94,MGP,SARD,COAC,103.0000
20251230,24,94,MGP,NORD,SVIZ,-853.8000
20251230,24,94,MGP,NORD,SLOV,0.0000
20251230,24,94,MGP,NORD,FRAN,0.0000
20251230,24,94,MGP,NORD,COUP,-1868.0000
20251230,24,94,MGP,NORD,AUST,0.0000
20251230,24,94,MGP,CSUD,SUD,-1635.8000
20251230,24,94,MGP,CSUD,SARD,-136.6000
20251230,24,94,MGP,CSUD,MONT,-219.0000
20251230,24,94,MGP,COUP,XFRA,-1868.0000
20251230,24,94,MGP,COUP,XAUS,0.0000
20251230,24,94,MGP,CNOR,NORD,-592.3000
20251230,24,94,MGP,CNOR,CSUD,-66.1000
20251230,24,94,MGP,CNOR,CORS,0.0000
20251230,24,94,MGP,CALA,SUD,-672.5000
20251230,24,94,MGP,CALA,SICI,949.6000
20251230,24,94,MGP,BSP,COUP,0.0000
20251230,24,95,MGP,BSP,COUP,-64.2700
20251230,24,95,MGP,CALA,SICI,955.4000
20251230,24,95,MGP,CALA,SUD,-674.1000
20251230,24,95,MGP,CNOR,CORS,0.0000
20251230,24,95,MGP,CNOR,CSUD,-192.2000
20251230,24,95,MGP,CNOR,NORD,-433.3000
20251230,24,95,MGP,COUP,XAUS,0.0000
20251230,24,95,MGP,COUP,XFRA,-1932.2700
20251230,24,95,MGP,CSUD,MONT,-219.0000
20251230,24,95,MGP,CSUD,SARD,-125.0000
20251230,24,95,MGP,CSUD,SUD,-1686.1000
20251230,24,95,MGP,NORD,AUST,0.0000
20251230,24,95,MGP,NORD,COUP,-1868.0000
20251230,24,95,MGP,NORD,FRAN,0.0000
20251230,24,95,MGP,NORD,SLOV,0.0000
20251230,24,95,MGP,NORD,SVIZ,-844.8000
20251230,24,95,MGP,SARD,COAC,103.0000
20251230,24,95,MGP,SARD,CORS,47.0000
20251230,24,95,MGP,SICI,MALT,144.0000
20251230,24,95,MGP,SUD,GREC,0.0000
20251230,24,95,MGP,SUD,XGRE,-500.0000
20251230,24,96,MGP,SUD,XGRE,-500.0000
20251230,24,96,MGP,SUD,GREC,0.0000
20251230,24,96,MGP,SICI,MALT,136.0000
20251230,24,96,MGP,SARD,CORS,47.0000
20251230,24,96,MGP,SARD,COAC,103.0000
20251230,24,96,MGP,NORD,SVIZ,-803.8000
20251230,24,96,MGP,NORD,SLOV,0.0000
20251230,24,96,MGP,NORD,FRAN,0.0000
20251230,24,96,MGP,NORD,COUP,-1868.0000
20251230,24,96,MGP,NORD,AUST,0.0000
20251230,24,96,MGP,CSUD,SUD,-1846.2000
20251230,24,96,MGP,CSUD,SARD,-119.1000
20251230,24,96,MGP,CSUD,MONT,-254.0000
20251230,24,96,MGP,COUP,XFRA,-2887.0000
20251230,24,96,MGP,COUP,XAUS,165.0000
20251230,24,96,MGP,CNOR,NORD,-59.9000
20251230,24,96,MGP,CNOR,CSUD,-516.9000
20251230,24,96,MGP,CNOR,CORS,0.0000
20251230,24,96,MGP,CALA,SUD,-592.5000
20251230,24,96,MGP,CALA,SICI,885.5000
20251230,24,96,MGP,BSP,COUP,-854.0000
