flowdate,hour,market,zone,price,period
20251230,1,MGP,AUST,109.770000,1
20251230,1,MGP,AUST,106.100000,2
20251230,1,MGP,AUST,104.890000,3
20251230,1,MGP,AUST,99.640000,4
20251230,2,MGP,AUST,100.080000,5
20251230,2,MGP,AUST,99.640000,6
20251230,2,MGP,AUST,99.640000,7
20251230,2,MGP,AUST,99.640000,8
20251230,3,MGP,AUST,99.540000,9
20251230,3,MGP,AUST,99.640000,10
20251230,3,MGP,AUST,98.850000,11
20251230,3,MGP,AUST,98.850000,12
20251230,4,MGP,AUST,96.850000,13
20251230,4,MGP,AUST,94.800000,14
20251230,4,MGP,AUST,94.800000,15
20251230,4,MGP,AUST,94.800000,16
20251230,5,MGP,AUST,98.500000,17
20251230,5,MGP,AUST,98.500000,18
20251230,5,MGP,AUST,98.500000,19
20251230,5,MGP,AUST,98.500000,20
20251230,6,MGP,AUST,99.640000,21
20251230,6,MGP,AUST,99.640000,22
20251230,6,MGP,AUST,99.640000,23
20251230,6,MGP,AUST,106.100000,24
20251230,7,MGP,AUST,99.640000,25
20251230,7,MGP,AUST,105.000000,26
20251230,7,MGP,AUST,105.000000,27
20251230,7,MGP,AUST,109.770000,28
20251230,8,MGP,AUST,109.770000,29
20251230,8,MGP,AUST,117.720000,30
20251230,8,MGP,AUST,120.280000,31
20251230,8,MGP,AUST,120.280000,32
20251230,9,MGP,AUST,124.500000,33
20251230,9,MGP,AUST,128.840000,34
20251230,9,MGP,AUST,122.210000,35
20251230,9,MGP,AUST,120.280000,36
20251230,10,MGP,AUST,125.910000,37
20251230,10,MGP,AUST,122.210000,38
20251230,10,MGP,AUST,117.720000,39
20251230,10,MGP,AUST,115.000000,40
20251230,11,MGP,AUST,113.460000,41
20251230,11,MGP,AUST,109.770000,42
20251230,11,MGP,AUST,109.130000,43
20251230,11,MGP,AUST,99.640000,44
20251230,12,MGP,AUST,109.130000,45
20251230,12,MGP,AUST,106.700000,46
20251230,12,MGP,AUST,100.850000,47
20251230,12,MGP,AUST,99.640000,48
20251230,13,MGP,AUST,99.640000,49
20251230,13,MGP,AUST,97.000000,50
20251230,13,MGP,AUST,92.700000,51
20251230,13,MGP,AUST,91.570000,52
20251230,14,MGP,AUST,92.700000,53
20251230,14,MGP,AUST,93.700000,54
20251230,14,MGP,AUST,96.310000,55
20251230,14,MGP,AUST,97.290000,56
20251230,15,MGP,AUST,97.000000,57
20251230,15,MGP,AUST,99.640000,58
20251230,15,MGP,AUST,100.850000,59
20251230,15,MGP,AUST,104.350000,60
20251230,16,MGP,AUST,105.000000,61
20251230,16,MGP,AUST,109.770000,62
20251230,16,MGP,AUST,111.880000,63
20251230,16,MGP,AUST,117.720000,64
20251230,17,MGP,AUST,112.500000,65
20251230,17,MGP,AUST,117.720000,66
20251230,17,MGP,AUST,117.720000,67
20251230,17,MGP,AUST,124.060000,68
20251230,18,MGP,AUST,122.210000,69
20251230,18,MGP,AUST,122.210000,70
20251230,18,MGP,AUST,122.210000,71
20251230,18,MGP,AUST,122.210000,72
20251230,19,MGP,AUST,120.400000,73
20251230,19,MGP,AUST,120.280000,74
20251230,19,MGP,AUST,120.800000,75
20251230,19,MGP,AUST,129.590000,76
20251230,20,MGP,AUST,132.500000,77
20251230,20,MGP,AUST,138.590000,78
20251230,20,MGP,AUST,131.190000,79
20251230,20,MGP,AUST,122.210000,80
20251230,21,MGP,AUST,123.950000,81
20251230,21,MGP,AUST,120.280000,82
20251230,21,MGP,AUST,119.322140,83
20251230,21,MGP,AUST,117.720000,84
20251230,22,MGP,AUST,115.857180,85
20251230,22,MGP,AUST,112.000000,86
20251230,22,MGP,AUST,112.000000,87
20251230,22,MGP,AUST,109.770000,88
20251230,23,MGP,AUST,109.770000,89
20251230,23,MGP,AUST,109.770000,90
20251230,23,MGP,AUST,109.130000,91
20251230,23,MGP,AUST,109.130000,92
20251230,24,MGP,AUST,109.130000,93
20251230,24,MGP,AUST,102.850000,94
20251230,24,MGP,AUST,99.640000,95
20251230,24,MGP,AUST,95.500000,96
20251230,1,MGP,BSP,109.770000,1
20251230,1,MGP,BSP,106.100000,2
20251230,1,MGP,BSP,104.890000,3
20251230,1,MGP,BSP,99.640000,4
20251230,2,MGP,BSP,100.080000,5
20251230,2,MGP,BSP,99.640000,6
20251230,2,MGP,BSP,99.640000,7
20251230,2,MGP,BSP,99.640000,8
20251230,3,MGP,BSP,99.540000,9
20251230,3,MGP,BSP,99.640000,10
20251230,3,MGP,BSP,98.850000,11
20251230,3,MGP,BSP,98.850000,12
20251230,4,MGP,BSP,96.850000,13
20251230,4,MGP,BSP,94.800000,14
20251230,4,MGP,BSP,94.800000,15
20251230,4,MGP,BSP,94.800000,16
20251230,5,MGP,BSP,98.500000,17
20251230,5,MGP,BSP,98.500000,18
20251230,5,MGP,BSP,98.500000,19
20251230,5,MGP,BSP,98.500000,20
20251230,6,MGP,BSP,99.640000,21
20251230,6,MGP,BSP,99.640000,22
20251230,6,MGP,BSP,99.640000,23
20251230,6,MGP,BSP,106.100000,24
20251230,7,MGP,BSP,99.640000,25
20251230,7,MGP,BSP,105.000000,26
20251230,7,MGP,BSP,105.000000,27
20251230,7,MGP,BSP,109.770000,28
20251230,8,MGP,BSP,109.770000,29
20251230,8,MGP,BSP,117.720000,30
20251230,8,MGP,BSP,120.280000,31
20251230,8,MGP,BSP,120.280000,32
20251230,9,MGP,BSP,124.500000,33
20251230,9,MGP,BSP,128.840000,34
20251230,9,MGP,BSP,122.210000,35
20251230,9,MGP,BSP,120.280000,36
20251230,10,MGP,BSP,125.910000,37
20251230,10,MGP,BSP,122.210000,38
20251230,10,MGP,BSP,117.720000,39
20251230,10,MGP,BSP,115.000000,40
20251230,11,MGP,BSP,113.460000,41
20251230,11,MGP,BSP,109.770000,42
20251230,11,MGP,BSP,109.130000,43
20251230,11,MGP,BSP,99.640000,44
20251230,12,MGP,BSP,109.130000,45
20251230,12,MGP,BSP,106.700000,46
20251230,12,MGP,BSP,100.850000,47
20251230,12,MGP,BSP,99.640000,48
20251230,13,MGP,BSP,99.640000,49
20251230,13,MGP,BSP,97.000000,50
20251230,13,MGP,BSP,92.700000,51
20251230,13,MGP,BSP,91.570000,52
20251230,14,MGP,BSP,92.700000,53
20251230,14,MGP,BSP,93.700000,54
20251230,14,MGP,BSP,96.310000,55
20251230,14,MGP,BSP,97.290000,56
20251230,15,MGP,BSP,97.000000,57
20251230,15,MGP,BSP,99.640000,58
20251230,15,MGP,BSP,100.850000,59
20251230,15,MGP,BSP,104.350000,60
20251230,16,MGP,BSP,105.000000,61
20251230,16,MGP,BSP,109.770000,62
20251230,16,MGP,BSP,111.880000,63
20251230,16,MGP,BSP,117.720000,64
20251230,17,MGP,BSP,112.500000,65
20251230,17,MGP,BSP,117.720000,66
20251230,17,MGP,BSP,117.720000,67
20251230,17,MGP,BSP,124.060000,68
20251230,18,MGP,BSP,122.210000,69
20251230,18,MGP,BSP,122.210000,70
20251230,18,MGP,BSP,122.210000,71
20251230,18,MGP,BSP,122.210000,72
20251230,19,MGP,BSP,120.400000,73
20251230,19,MGP,BSP,120.280000,74
20251230,19,MGP,BSP,120.800000,75
20251230,19,MGP,BSP,129.590000,76
20251230,20,MGP,BSP,132.500000,77
20251230,20,MGP,BSP,138.590000,78
20251230,20,MGP,BSP,131.190000,79
20251230,20,MGP,BSP,122.210000,80
20251230,21,MGP,BSP,123.950000,81
20251230,21,MGP,BSP,120.280000,82
20251230,21,MGP,BSP,119.322140,83
20251230,21,MGP,BSP,117.720000,84
20251230,22,MGP,BSP,115.857180,85
20251230,22,MGP,BSP,112.000000,86
20251230,22,MGP,BSP,112.000000,87
20251230,22,MGP,BSP,109.770000,88
20251230,23,MGP,BSP,109.770000,89
20251230,23,MGP,BSP,109.770000,90
20251230,23,MGP,BSP,109.130000,91
20251230,23,MGP,BSP,109.130000,92
20251230,24,MGP,BSP,109.130000,93
20251230,24,MGP,BSP,102.850000,94
20251230,24,MGP,BSP,99.640000,95
20251230,24,MGP,BSP,95.500000,96
20251230,1,MGP,CALA,109.770000,1
20251230,1,MGP,CALA,106.100000,2
20251230,1,MGP,CALA,104.890000,3
20251230,1,MGP,CALA,99.640000,4
20251230,2,MGP,CALA,100.080000,5
20251230,2,MGP,CALA,99.640000,6
20251230,2,MGP,CALA,99.640000,7
20251230,2,MGP,CALA,99.640000,8
20251230,3,MGP,CALA,99.540000,9
20251230,3,MGP,CALA,99.640000,10
20251230,3,MGP,CALA,98.850000,11
20251230,3,MGP,CALA,98.850000,12
20251230,4,MGP,CALA,96.850000,13
20251230,4,MGP,CALA,94.800000,14
20251230,4,MGP,CALA,94.800000,15
20251230,4,MGP,CALA,94.800000,16
20251230,5,MGP,CALA,98.500000,17
20251230,5,MGP,CALA,98.500000,18
20251230,5,MGP,CALA,98.500000,19
20251230,5,MGP,CALA,98.500000,20
20251230,6,MGP,CALA,99.640000,21
20251230,6,MGP,CALA,99.640000,22
20251230,6,MGP,CALA,99.640000,23
20251230,6,MGP,CALA,106.100000,24
20251230,7,MGP,CALA,99.640000,25
20251230,7,MGP,CALA,105.000000,26
20251230,7,MGP,CALA,105.000000,27
20251230,7,MGP,CALA,109.770000,28
20251230,8,MGP,CALA,109.770000,29
20251230,8,MGP,CALA,117.720000,30
20251230,8,MGP,CALA,120.280000,31
20251230,8,MGP,CALA,120.280000,32
20251230,9,MGP,CALA,124.500000,33
20251230,9,MGP,CALA,128.840000,34
20251230,9,MGP,CALA,122.210000,35
20251230,9,MGP,CALA,120.280000,36
20251230,10,MGP,CALA,125.910000,37
20251230,10,MGP,CALA,122.210000,38
20251230,10,MGP,CALA,117.720000,39
20251230,10,MGP,CALA,115.000000,40
20251230,11,MGP,CALA,113.460000,41
20251230,11,MGP,CALA,109.770000,42
20251230,11,MGP,CALA,109.130000,43
20251230,11,MGP,CALA,99.640000,44
20251230,12,MGP,CALA,109.130000,45
20251230,12,MGP,CALA,106.700000,46
20251230,12,MGP,CALA,100.850000,47
20251230,12,MGP,CALA,99.640000,48
20251230,13,MGP,CALA,99.640000,49
20251230,13,MGP,CALA,97.000000,50
20251230,13,MGP,CALA,92.700000,51
20251230,13,MGP,CALA,91.570000,52
20251230,14,MGP,CALA,92.700000,53
20251230,14,MGP,CALA,93.700000,54
20251230,14,MGP,CALA,96.310000,55
20251230,14,MGP,CALA,97.290000,56
20251230,15,MGP,CALA,97.000000,57
20251230,15,MGP,CALA,99.640000,58
20251230,15,MGP,CALA,100.850000,59
20251230,15,MGP,CALA,104.350000,60
20251230,16,MGP,CALA,105.000000,61
20251230,16,MGP,CALA,109.770000,62
20251230,16,MGP,CALA,111.880000,63
20251230,16,MGP,CALA,117.720000,64
20251230,17,MGP,CALA,112.500000,65
20251230,17,MGP,CALA,117.720000,66
20251230,17,MGP,CALA,117.720000,67
20251230,17,MGP,CALA,124.060000,68
20251230,18,MGP,CALA,122.210000,69
20251230,18,MGP,CALA,122.210000,70
20251230,18,MGP,CALA,122.210000,71
20251230,18,MGP,CALA,122.210000,72
20251230,19,MGP,CALA,120.400000,73
20251230,19,MGP,CALA,120.280000,74
20251230,19,MGP,CALA,120.800000,75
20251230,19,MGP,CALA,129.590000,76
20251230,20,MGP,CALA,132.500000,77
20251230,20,MGP,CALA,138.590000,78
20251230,20,MGP,CALA,131.190000,79
20251230,20,MGP,CALA,122.210000,80
20251230,21,MGP,CALA,123.950000,81
20251230,21,MGP,CALA,120.280000,82
20251230,21,MGP,CALA,119.322140,83
20251230,21,MGP,CALA,117.720000,84
20251230,22,MGP,CALA,115.857180,85
20251230,22,MGP,CALA,112.000000,86
20251230,22,MGP,CALA,112.000000,87
20251230,22,MGP,CALA,109.770000,88
20251230,23,MGP,CALA,109.770000,89
20251230,23,MGP,CALA,109.770000,90
20251230,23,MGP,CALA,109.130000,91
20251230,23,MGP,CALA,109.130000,92
20251230,24,MGP,CALA,109.130000,93
20251230,24,MGP,CALA,102.850000,94
20251230,24,MGP,CALA,99.640000,95
20251230,24,MGP,CALA,95.500000,96
20251230,1,MGP,CNOR,109.770000,1
20251230,1,MGP,CNOR,106.100000,2
20251230,1,MGP,CNOR,104.890000,3
20251230,1,MGP,CNOR,99.640000,4
20251230,2,MGP,CNOR,100.080000,5
20251230,2,MGP,CNOR,99.640000,6
20251230,2,MGP,CNOR,99.640000,7
20251230,2,MGP,CNOR,99.640000,8
20251230,3,MGP,CNOR,99.540000,9
20251230,3,MGP,CNOR,99.640000,10
20251230,3,MGP,CNOR,98.850000,11
20251230,3,MGP,CNOR,98.850000,12
20251230,4,MGP,CNOR,96.850000,13
20251230,4,MGP,CNOR,94.800000,14
20251230,4,MGP,CNOR,94.800000,15
20251230,4,MGP,CNOR,94.800000,16
20251230,5,MGP,CNOR,98.500000,17
20251230,5,MGP,CNOR,98.500000,18
20251230,5,MGP,CNOR,98.500000,19
20251230,5,MGP,CNOR,98.500000,20
20251230,6,MGP,CNOR,99.640000,21
20251230,6,MGP,CNOR,99.640000,22
20251230,6,MGP,CNOR,99.640000,23
20251230,6,MGP,CNOR,106.100000,24
20251230,7,MGP,CNOR,99.640000,25
20251230,7,MGP,CNOR,105.000000,26
20251230,7,MGP,CNOR,105.000000,27
20251230,7,MGP,CNOR,109.770000,28
20251230,8,MGP,CNOR,109.770000,29
20251230,8,MGP,CNOR,117.720000,30
20251230,8,MGP,CNOR,120.280000,31
20251230,8,MGP,CNOR,120.280000,32
20251230,9,MGP,CNOR,124.500000,33
20251230,9,MGP,CNOR,128.840000,34
20251230,9,MGP,CNOR,122.210000,35
20251230,9,MGP,CNOR,120.280000,36
20251230,10,MGP,CNOR,125.910000,37
20251230,10,MGP,CNOR,122.210000,38
20251230,10,MGP,CNOR,117.720000,39
20251230,10,MGP,CNOR,115.000000,40
20251230,11,MGP,CNOR,113.460000,41
20251230,11,MGP,CNOR,109.770000,42
20251230,11,MGP,CNOR,109.130000,43
20251230,11,MGP,CNOR,99.640000,44
20251230,12,MGP,CNOR,109.130000,45
20251230,12,MGP,CNOR,106.700000,46
20251230,12,MGP,CNOR,100.850000,47
20251230,12,MGP,CNOR,99.640000,48
20251230,13,MGP,CNOR,99.640000,49
20251230,13,MGP,CNOR,97.000000,50
20251230,13,MGP,CNOR,92.700000,51
20251230,13,MGP,CNOR,91.570000,52
20251230,14,MGP,CNOR,92.700000,53
20251230,14,MGP,CNOR,93.700000,54
20251230,14,MGP,CNOR,96.310000,55
20251230,14,MGP,CNOR,97.290000,56
20251230,15,MGP,CNOR,97.000000,57
20251230,15,MGP,CNOR,99.640000,58
20251230,15,MGP,CNOR,100.850000,59
20251230,15,MGP,CNOR,104.350000,60
20251230,16,MGP,CNOR,105.000000,61
20251230,16,MGP,CNOR,109.770000,62
20251230,16,MGP,CNOR,111.880000,63
20251230,16,MGP,CNOR,117.720000,64
20251230,17,MGP,CNOR,112.500000,65
20251230,17,MGP,CNOR,117.720000,66
20251230,17,MGP,CNOR,117.720000,67
20251230,17,MGP,CNOR,124.060000,68
20251230,18,MGP,CNOR,122.210000,69
20251230,18,MGP,CNOR,122.210000,70
20251230,18,MGP,CNOR,122.210000,71
20251230,18,MGP,CNOR,122.210000,72
20251230,19,MGP,CNOR,120.400000,73
20251230,19,MGP,CNOR,120.280000,74
20251230,19,MGP,CNOR,120.800000,75
20251230,19,MGP,CNOR,129.590000,76
20251230,20,MGP,CNOR,132.500000,77
20251230,20,MGP,CNOR,138.590000,78
20251230,20,MGP,CNOR,131.190000,79
20251230,20,MGP,CNOR,122.210000,80
20251230,21,MGP,CNOR,123.950000,81
20251230,21,MGP,CNOR,120.280000,82
20251230,21,MGP,CNOR,119.322140,83
20251230,21,MGP,CNOR,117.720000,84
20251230,22,MGP,CNOR,115.857180,85
20251230,22,MGP,CNOR,112.000000,86
20251230,22,MGP,CNOR,112.000000,87
20251230,22,MGP,CNOR,109.770000,88
20251230,23,MGP,CNOR,109.770000,89
20251230,23,MGP,CNOR,109.770000,90
20251230,23,MGP,CNOR,109.130000,91
20251230,23,MGP,CNOR,109.130000,92
20251230,24,MGP,CNOR,109.130000,93
20251230,24,MGP,CNOR,102.850000,94
20251230,24,MGP,CNOR,99.640000,95
20251230,24,MGP,CNOR,95.500000,96
20251230,1,MGP,COAC,109.770000,1
20251230,1,MGP,COAC,106.100000,2
20251230,1,MGP,COAC,104.890000,3
20251230,1,MGP,COAC,99.640000,4
20251230,2,MGP,COAC,100.080000,5
20251230,2,MGP,COAC,99.640000,6
20251230,2,MGP,COAC,99.640000,7
20251230,2,MGP,COAC,99.640000,8
20251230,3,MGP,COAC,99.540000,9
20251230,3,MGP,COAC,99.640000,10
20251230,3,MGP,COAC,98.850000,11
20251230,3,MGP,COAC,98.850000,12
20251230,4,MGP,COAC,96.850000,13
20251230,4,MGP,COAC,94.800000,14
20251230,4,MGP,COAC,94.800000,15
20251230,4,MGP,COAC,94.800000,16
20251230,5,MGP,COAC,98.500000,17
20251230,5,MGP,COAC,98.500000,18
20251230,5,MGP,COAC,98.500000,19
20251230,5,MGP,COAC,98.500000,20
20251230,6,MGP,COAC,99.640000,21
20251230,6,MGP,COAC,99.640000,22
20251230,6,MGP,COAC,99.640000,23
20251230,6,MGP,COAC,106.100000,24
20251230,7,MGP,COAC,99.640000,25
20251230,7,MGP,COAC,105.000000,26
20251230,7,MGP,COAC,105.000000,27
20251230,7,MGP,COAC,109.770000,28
20251230,8,MGP,COAC,109.770000,29
20251230,8,MGP,COAC,117.720000,30
20251230,8,MGP,COAC,120.280000,31
20251230,8,MGP,COAC,120.280000,32
20251230,9,MGP,COAC,124.500000,33
20251230,9,MGP,COAC,128.840000,34
20251230,9,MGP,COAC,122.210000,35
20251230,9,MGP,COAC,120.280000,36
20251230,10,MGP,COAC,125.910000,37
20251230,10,MGP,COAC,122.210000,38
20251230,10,MGP,COAC,117.720000,39
20251230,10,MGP,COAC,115.000000,40
20251230,11,MGP,COAC,113.460000,41
20251230,11,MGP,COAC,109.770000,42
20251230,11,MGP,COAC,109.130000,43
20251230,11,MGP,COAC,99.640000,44
20251230,12,MGP,COAC,109.130000,45
20251230,12,MGP,COAC,106.700000,46
20251230,12,MGP,COAC,100.850000,47
20251230,12,MGP,COAC,99.640000,48
20251230,13,MGP,COAC,99.640000,49
20251230,13,MGP,COAC,97.000000,50
20251230,13,MGP,COAC,92.700000,51
20251230,13,MGP,COAC,91.570000,52
20251230,14,MGP,COAC,92.700000,53
20251230,14,MGP,COAC,93.700000,54
20251230,14,MGP,COAC,96.310000,55
20251230,14,MGP,COAC,97.290000,56
20251230,15,MGP,COAC,97.000000,57
20251230,15,MGP,COAC,99.640000,58
20251230,15,MGP,COAC,100.850000,59
20251230,15,MGP,COAC,104.350000,60
20251230,16,MGP,COAC,105.000000,61
20251230,16,MGP,COAC,109.770000,62
20251230,16,MGP,COAC,111.880000,63
20251230,16,MGP,COAC,117.720000,64
20251230,17,MGP,COAC,112.500000,65
20251230,17,MGP,COAC,117.720000,66
20251230,17,MGP,COAC,117.720000,67
20251230,17,MGP,COAC,124.060000,68
20251230,18,MGP,COAC,122.210000,69
20251230,18,MGP,COAC,122.210000,70
20251230,18,MGP,COAC,122.210000,71
20251230,18,MGP,COAC,122.210000,72
20251230,19,MGP,COAC,120.400000,73
20251230,19,MGP,COAC,120.280000,74
20251230,19,MGP,COAC,120.800000,75
20251230,19,MGP,COAC,129.590000,76
20251230,20,MGP,COAC,132.500000,77
20251230,20,MGP,COAC,138.590000,78
20251230,20,MGP,COAC,131.190000,79
20251230,20,MGP,COAC,122.210000,80
20251230,21,MGP,COAC,123.950000,81
20251230,21,MGP,COAC,120.280000,82
20251230,21,MGP,COAC,119.322140,83
20251230,21,MGP,COAC,117.720000,84
20251230,22,MGP,COAC,115.857180,85
20251230,22,MGP,COAC,112.000000,86
20251230,22,MGP,COAC,112.000000,87
20251230,22,MGP,COAC,109.770000,88
20251230,23,MGP,COAC,109.770000,89
20251230,23,MGP,COAC,109.770000,90
20251230,23,MGP,COAC,109.130000,91
20251230,23,MGP,COAC,109.130000,92
20251230,24,MGP,COAC,109.130000,93
20251230,24,MGP,COAC,102.850000,94
20251230,24,MGP,COAC,99.640000,95
20251230,24,MGP,COAC,95.500000,96
20251230,1,MGP,CORS,105.100000,1
20251230,1,MGP,CORS,105.100000,2
20251230,1,MGP,CORS,105.100000,3
20251230,1,MGP,CORS,105.100000,4
20251230,2,MGP,CORS,99.750000,5
20251230,2,MGP,CORS,99.750000,6
20251230,2,MGP,CORS,99.750000,7
20251230,2,MGP,CORS,99.750000,8
20251230,3,MGP,CORS,99.220000,9
20251230,3,MGP,CORS,99.220000,10
20251230,3,MGP,CORS,99.220000,11
20251230,3,MGP,CORS,99.220000,12
20251230,4,MGP,CORS,95.312500,13
20251230,4,MGP,CORS,95.312500,14
20251230,4,MGP,CORS,95.312500,15
20251230,4,MGP,CORS,95.312500,16
20251230,5,MGP,CORS,98.500000,17
20251230,5,MGP,CORS,98.500000,18
20251230,5,MGP,CORS,98.500000,19
20251230,5,MGP,CORS,98.500000,20
20251230,6,MGP,CORS,101.255000,21
20251230,6,MGP,CORS,101.255000,22
20251230,6,MGP,CORS,101.255000,23
20251230,6,MGP,CORS,101.255000,24
20251230,7,MGP,CORS,104.852500,25
20251230,7,MGP,CORS,104.852500,26
20251230,7,MGP,CORS,104.852500,27
20251230,7,MGP,CORS,104.852500,28
20251230,8,MGP,CORS,117.012500,29
20251230,8,MGP,CORS,117.012500,30
20251230,8,MGP,CORS,117.012500,31
20251230,8,MGP,CORS,117.012500,32
20251230,9,MGP,CORS,123.957500,33
20251230,9,MGP,CORS,123.957500,34
20251230,9,MGP,CORS,123.957500,35
20251230,9,MGP,CORS,123.957500,36
20251230,10,MGP,CORS,120.210000,37
20251230,10,MGP,CORS,120.210000,38
20251230,10,MGP,CORS,120.210000,39
20251230,10,MGP,CORS,120.210000,40
20251230,11,MGP,CORS,108.000000,41
20251230,11,MGP,CORS,108.000000,42
20251230,11,MGP,CORS,108.000000,43
20251230,11,MGP,CORS,108.000000,44
20251230,12,MGP,CORS,104.080000,45
20251230,12,MGP,CORS,104.080000,46
20251230,12,MGP,CORS,104.080000,47
20251230,12,MGP,CORS,104.080000,48
20251230,13,MGP,CORS,95.227500,49
20251230,13,MGP,CORS,95.227500,50
20251230,13,MGP,CORS,95.227500,51
20251230,13,MGP,CORS,95.227500,52
20251230,14,MGP,CORS,95.000000,53
20251230,14,MGP,CORS,95.000000,54
20251230,14,MGP,CORS,95.000000,55
20251230,14,MGP,CORS,95.000000,56
20251230,15,MGP,CORS,100.460000,57
20251230,15,MGP,CORS,100.460000,58
20251230,15,MGP,CORS,100.460000,59
20251230,15,MGP,CORS,100.460000,60
20251230,16,MGP,CORS,111.092500,61
20251230,16,MGP,CORS,111.092500,62
20251230,16,MGP,CORS,111.092500,63
20251230,16,MGP,CORS,111.092500,64
20251230,17,MGP,CORS,118.000000,65
20251230,17,MGP,CORS,118.000000,66
20251230,17,MGP,CORS,118.000000,67
20251230,17,MGP,CORS,118.000000,68
20251230,18,MGP,CORS,122.210000,69
20251230,18,MGP,CORS,122.210000,70
20251230,18,MGP,CORS,122.210000,71
20251230,18,MGP,CORS,122.210000,72
20251230,19,MGP,CORS,122.767500,73
20251230,19,MGP,CORS,122.767500,74
20251230,19,MGP,CORS,122.767500,75
20251230,19,MGP,CORS,122.767500,76
20251230,20,MGP,CORS,131.122500,77
20251230,20,MGP,CORS,131.122500,78
20251230,20,MGP,CORS,131.122500,79
20251230,20,MGP,CORS,131.122500,80
20251230,21,MGP,CORS,120.318040,81
20251230,21,MGP,CORS,120.318040,82
20251230,21,MGP,CORS,120.318040,83
20251230,21,MGP,CORS,120.318040,84
20251230,22,MGP,CORS,112.406800,85
20251230,22,MGP,CORS,112.406800,86
20251230,22,MGP,CORS,112.406800,87
20251230,22,MGP,CORS,112.406800,88
20251230,23,MGP,CORS,109.450000,89
20251230,23,MGP,CORS,109.450000,90
20251230,23,MGP,CORS,109.450000,91
20251230,23,MGP,CORS,109.450000,92
20251230,24,MGP,CORS,101.780000,93
20251230,24,MGP,CORS,101.780000,94
20251230,24,MGP,CORS,101.780000,95
20251230,24,MGP,CORS,101.780000,96
20251230,1,MGP,COUP,109.770000,1
20251230,1,MGP,COUP,106.100000,2
20251230,1,MGP,COUP,104.890000,3
20251230,1,MGP,COUP,99.640000,4
20251230,2,MGP,COUP,100.080000,5
20251230,2,MGP,COUP,99.640000,6
20251230,2,MGP,COUP,99.640000,7
20251230,2,MGP,COUP,99.640000,8
20251230,3,MGP,COUP,99.540000,9
20251230,3,MGP,COUP,99.640000,10
20251230,3,MGP,COUP,98.850000,11
20251230,3,MGP,COUP,98.850000,12
20251230,4,MGP,COUP,96.850000,13
20251230,4,MGP,COUP,94.800000,14
20251230,4,MGP,COUP,94.800000,15
20251230,4,MGP,COUP,94.800000,16
20251230,5,MGP,COUP,98.500000,17
20251230,5,MGP,COUP,98.500000,18
20251230,5,MGP,COUP,98.500000,19
20251230,5,MGP,COUP,98.500000,20
20251230,6,MGP,COUP,99.640000,21
20251230,6,MGP,COUP,99.640000,22
20251230,6,MGP,COUP,99.640000,23
20251230,6,MGP,COUP,106.100000,24
20251230,7,MGP,COUP,99.640000,25
20251230,7,MGP,COUP,105.000000,26
20251230,7,MGP,COUP,105.000000,27
20251230,7,MGP,COUP,109.770000,28
20251230,8,MGP,COUP,109.770000,29
20251230,8,MGP,COUP,117.720000,30
20251230,8,MGP,COUP,120.280000,31
20251230,8,MGP,COUP,120.280000,32
20251230,9,MGP,COUP,124.500000,33
20251230,9,MGP,COUP,128.840000,34
20251230,9,MGP,COUP,122.210000,35
20251230,9,MGP,COUP,120.280000,36
20251230,10,MGP,COUP,125.910000,37
20251230,10,MGP,COUP,122.210000,38
20251230,10,MGP,COUP,117.720000,39
20251230,10,MGP,COUP,115.000000,40
20251230,11,MGP,COUP,113.460000,41
20251230,11,MGP,COUP,109.770000,42
20251230,11,MGP,COUP,109.130000,43
20251230,11,MGP,COUP,99.640000,44
20251230,12,MGP,COUP,109.130000,45
20251230,12,MGP,COUP,106.700000,46
20251230,12,MGP,COUP,100.850000,47
20251230,12,MGP,COUP,99.640000,48
20251230,13,MGP,COUP,99.640000,49
20251230,13,MGP,COUP,97.000000,50
20251230,13,MGP,COUP,92.700000,51
20251230,13,MGP,COUP,91.570000,52
20251230,14,MGP,COUP,92.700000,53
20251230,14,MGP,COUP,93.700000,54
20251230,14,MGP,COUP,96.310000,55
20251230,14,MGP,COUP,97.290000,56
20251230,15,MGP,COUP,97.000000,57
20251230,15,MGP,COUP,99.640000,58
20251230,15,MGP,COUP,100.850000,59
20251230,15,MGP,COUP,104.350000,60
20251230,16,MGP,COUP,105.000000,61
20251230,16,MGP,COUP,109.770000,62
20251230,16,MGP,COUP,111.880000,63
20251230,16,MGP,COUP,117.720000,64
20251230,17,MGP,COUP,112.500000,65
20251230,17,MGP,COUP,117.720000,66
20251230,17,MGP,COUP,117.720000,67
20251230,17,MGP,COUP,124.060000,68
20251230,18,MGP,COUP,122.210000,69
20251230,18,MGP,COUP,122.210000,70
20251230,18,MGP,COUP,122.210000,71
20251230,18,MGP,COUP,122.210000,72
20251230,19,MGP,COUP,120.400000,73
20251230,19,MGP,COUP,120.280000,74
20251230,19,MGP,COUP,120.800000,75
20251230,19,MGP,COUP,129.590000,76
20251230,20,MGP,COUP,132.500000,77
20251230,20,MGP,COUP,138.590000,78
20251230,20,MGP,COUP,131.190000,79
20251230,20,MGP,COUP,122.210000,80
20251230,21,MGP,COUP,123.950000,81
20251230,21,MGP,COUP,120.280000,82
20251230,21,MGP,COUP,119.322140,83
20251230,21,MGP,COUP,117.720000,84
20251230,22,MGP,COUP,115.857180,85
20251230,22,MGP,COUP,112.000000,86
20251230,22,MGP,COUP,112.000000,87
20251230,22,MGP,COUP,109.770000,88
20251230,23,MGP,COUP,109.770000,89
20251230,23,MGP,COUP,109.770000,90
20251230,23,MGP,COUP,109.130000,91
20251230,23,MGP,COUP,109.130000,92
20251230,24,MGP,COUP,109.130000,93
20251230,24,MGP,COUP,102.850000,94
20251230,24,MGP,COUP,99.640000,95
20251230,24,MGP,COUP,95.500000,96
20251230,1,MGP,CSUD,109.770000,1
20251230,1,MGP,CSUD,106.100000,2
20251230,1,MGP,CSUD,104.890000,3
20251230,1,MGP,CSUD,99.640000,4
20251230,2,MGP,CSUD,100.080000,5
20251230,2,MGP,CSUD,99.640000,6
20251230,2,MGP,CSUD,99.640000,7
20251230,2,MGP,CSUD,99.640000,8
20251230,3,MGP,CSUD,99.540000,9
20251230,3,MGP,CSUD,99.640000,10
20251230,3,MGP,CSUD,98.850000,11
20251230,3,MGP,CSUD,98.850000,12
20251230,4,MGP,CSUD,96.850000,13
20251230,4,MGP,CSUD,94.800000,14
20251230,4,MGP,CSUD,94.800000,15
20251230,4,MGP,CSUD,94.800000,16
20251230,5,MGP,CSUD,98.500000,17
20251230,5,MGP,CSUD,98.500000,18
20251230,5,MGP,CSUD,98.500000,19
20251230,5,MGP,CSUD,98.500000,20
20251230,6,MGP,CSUD,99.640000,21
20251230,6,MGP,CSUD,99.640000,22
20251230,6,MGP,CSUD,99.640000,23
20251230,6,MGP,CSUD,106.100000,24
20251230,7,MGP,CSUD,99.640000,25
20251230,7,MGP,CSUD,105.000000,26
20251230,7,MGP,CSUD,105.000000,27
20251230,7,MGP,CSUD,109.770000,28
20251230,8,MGP,CSUD,109.770000,29
20251230,8,MGP,CSUD,117.720000,30
20251230,8,MGP,CSUD,120.280000,31
20251230,8,MGP,CSUD,120.280000,32
20251230,9,MGP,CSUD,124.500000,33
20251230,9,MGP,CSUD,128.840000,34
20251230,9,MGP,CSUD,122.210000,35
20251230,9,MGP,CSUD,120.280000,36
20251230,10,MGP,CSUD,125.910000,37
20251230,10,MGP,CSUD,122.210000,38
20251230,10,MGP,CSUD,117.720000,39
20251230,10,MGP,CSUD,115.000000,40
20251230,11,MGP,CSUD,113.460000,41
20251230,11,MGP,CSUD,109.770000,42
20251230,11,MGP,CSUD,109.130000,43
20251230,11,MGP,CSUD,99.640000,44
20251230,12,MGP,CSUD,109.130000,45
20251230,12,MGP,CSUD,106.700000,46
20251230,12,MGP,CSUD,100.850000,47
20251230,12,MGP,CSUD,99.640000,48
20251230,13,MGP,CSUD,99.640000,49
20251230,13,MGP,CSUD,97.000000,50
20251230,13,MGP,CSUD,92.700000,51
20251230,13,MGP,CSUD,91.570000,52
20251230,14,MGP,CSUD,92.700000,53
20251230,14,MGP,CSUD,93.700000,54
20251230,14,MGP,CSUD,96.310000,55
20251230,14,MGP,CSUD,97.290000,56
20251230,15,MGP,CSUD,97.000000,57
20251230,15,MGP,CSUD,99.640000,58
20251230,15,MGP,CSUD,100.850000,59
20251230,15,MGP,CSUD,104.350000,60
20251230,16,MGP,CSUD,105.000000,61
20251230,16,MGP,CSUD,109.770000,62
20251230,16,MGP,CSUD,111.880000,63
20251230,16,MGP,CSUD,117.720000,64
20251230,17,MGP,CSUD,112.500000,65
20251230,17,MGP,CSUD,117.720000,66
20251230,17,MGP,CSUD,117.720000,67
20251230,17,MGP,CSUD,124.060000,68
20251230,18,MGP,CSUD,122.210000,69
20251230,18,MGP,CSUD,122.210000,70
20251230,18,MGP,CSUD,122.210000,71
20251230,18,MGP,CSUD,122.210000,72
20251230,19,MGP,CSUD,120.400000,73
20251230,19,MGP,CSUD,120.280000,74
20251230,19,MGP,CSUD,120.800000,75
20251230,19,MGP,CSUD,129.590000,76
20251230,20,MGP,CSUD,132.500000,77
20251230,20,MGP,CSUD,138.590000,78
20251230,20,MGP,CSUD,131.190000,79
20251230,20,MGP,CSUD,122.210000,80
20251230,21,MGP,CSUD,123.950000,81
20251230,21,MGP,CSUD,120.280000,82
20251230,21,MGP,CSUD,119.322140,83
20251230,21,MGP,CSUD,117.720000,84
20251230,22,MGP,CSUD,115.857180,85
20251230,22,MGP,CSUD,112.000000,86
20251230,22,MGP,CSUD,112.000000,87
20251230,22,MGP,CSUD,109.770000,88
20251230,23,MGP,CSUD,109.770000,89
20251230,23,MGP,CSUD,109.770000,90
20251230,23,MGP,CSUD,109.130000,91
20251230,23,MGP,CSUD,109.130000,92
20251230,24,MGP,CSUD,109.130000,93
20251230,24,MGP,CSUD,102.850000,94
20251230,24,MGP,CSUD,99.640000,95
20251230,24,MGP,CSUD,95.500000,96
20251230,1,MGP,FRAN,109.770000,1
20251230,1,MGP,FRAN,106.100000,2
20251230,1,MGP,FRAN,104.890000,3
20251230,1,MGP,FRAN,99.640000,4
20251230,2,MGP,FRAN,100.080000,5
20251230,2,MGP,FRAN,99.640000,6
20251230,2,MGP,FRAN,99.640000,7
20251230,2,MGP,FRAN,99.640000,8
20251230,3,MGP,FRAN,99.540000,9
20251230,3,MGP,FRAN,99.640000,10
20251230,3,MGP,FRAN,98.850000,11
20251230,3,MGP,FRAN,98.850000,12
20251230,4,MGP,FRAN,96.850000,13
20251230,4,MGP,FRAN,94.800000,14
20251230,4,MGP,FRAN,94.800000,15
20251230,4,MGP,FRAN,94.800000,16
20251230,5,MGP,FRAN,98.500000,17
20251230,5,MGP,FRAN,98.500000,18
20251230,5,MGP,FRAN,98.500000,19
20251230,5,MGP,FRAN,98.500000,20
20251230,6,MGP,FRAN,99.640000,21
20251230,6,MGP,FRAN,99.640000,22
20251230,6,MGP,FRAN,99.640000,23
20251230,6,MGP,FRAN,106.100000,24
20251230,7,MGP,FRAN,99.640000,25
20251230,7,MGP,FRAN,105.000000,26
20251230,7,MGP,FRAN,105.000000,27
20251230,7,MGP,FRAN,109.770000,28
20251230,8,MGP,FRAN,109.770000,29
20251230,8,MGP,FRAN,117.720000,30
20251230,8,MGP,FRAN,120.280000,31
20251230,8,MGP,FRAN,120.280000,32
20251230,9,MGP,FRAN,124.500000,33
20251230,9,MGP,FRAN,128.840000,34
20251230,9,MGP,FRAN,122.210000,35
20251230,9,MGP,FRAN,120.280000,36
20251230,10,MGP,FRAN,125.910000,37
20251230,10,MGP,FRAN,122.210000,38
20251230,10,MGP,FRAN,117.720000,39
20251230,10,MGP,FRAN,115.000000,40
20251230,11,MGP,FRAN,113.460000,41
20251230,11,MGP,FRAN,109.770000,42
20251230,11,MGP,FRAN,109.130000,43
20251230,11,MGP,FRAN,99.640000,44
20251230,12,MGP,FRAN,109.130000,45
20251230,12,MGP,FRAN,106.700000,46
20251230,12,MGP,FRAN,100.850000,47
20251230,12,MGP,FRAN,99.640000,48
20251230,13,MGP,FRAN,99.640000,49
20251230,13,MGP,FRAN,97.000000,50
20251230,13,MGP,FRAN,92.700000,51
20251230,13,MGP,FRAN,91.570000,52
20251230,14,MGP,FRAN,92.700000,53
20251230,14,MGP,FRAN,93.700000,54
20251230,14,MGP,FRAN,96.310000,55
20251230,14,MGP,FRAN,97.290000,56
20251230,15,MGP,FRAN,97.000000,57
20251230,15,MGP,FRAN,99.640000,58
20251230,15,MGP,FRAN,100.850000,59
20251230,15,MGP,FRAN,104.350000,60
20251230,16,MGP,FRAN,105.000000,61
20251230,16,MGP,FRAN,109.770000,62
20251230,16,MGP,FRAN,111.880000,63
20251230,16,MGP,FRAN,117.720000,64
20251230,17,MGP,FRAN,112.500000,65
20251230,17,MGP,FRAN,117.720000,66
20251230,17,MGP,FRAN,117.720000,67
20251230,17,MGP,FRAN,124.060000,68
20251230,18,MGP,FRAN,122.210000,69
20251230,18,MGP,FRAN,122.210000,70
20251230,18,MGP,FRAN,122.210000,71
20251230,18,MGP,FRAN,122.210000,72
20251230,19,MGP,FRAN,120.400000,73
20251230,19,MGP,FRAN,120.280000,74
20251230,19,MGP,FRAN,120.800000,75
20251230,19,MGP,FRAN,129.590000,76
20251230,20,MGP,FRAN,132.500000,77
20251230,20,MGP,FRAN,138.590000,78
20251230,20,MGP,FRAN,131.190000,79
20251230,20,MGP,FRAN,122.210000,80
20251230,21,MGP,FRAN,123.950000,81
20251230,21,MGP,FRAN,120.280000,82
20251230,21,MGP,FRAN,119.322140,83
20251230,21,MGP,FRAN,117.720000,84
20251230,22,MGP,FRAN,115.857180,85
20251230,22,MGP,FRAN,112.000000,86
20251230,22,MGP,FRAN,112.000000,87
20251230,22,MGP,FRAN,109.770000,88
20251230,23,MGP,FRAN,109.770000,89
20251230,23,MGP,FRAN,109.770000,90
20251230,23,MGP,FRAN,109.130000,91
20251230,23,MGP,FRAN,109.130000,92
20251230,24,MGP,FRAN,109.130000,93
20251230,24,MGP,FRAN,102.850000,94
20251230,24,MGP,FRAN,99.640000,95
20251230,24,MGP,FRAN,95.500000,96
20251230,1,MGP,GREC,109.770000,1
20251230,1,MGP,GREC,106.100000,2
20251230,1,MGP,GREC,104.890000,3
20251230,1,MGP,GREC,99.640000,4
20251230,2,MGP,GREC,100.080000,5
20251230,2,MGP,GREC,99.640000,6
20251230,2,MGP,GREC,99.640000,7
20251230,2,MGP,GREC,99.640000,8
20251230,3,MGP,GREC,99.540000,9
20251230,3,MGP,GREC,99.640000,10
20251230,3,MGP,GREC,98.850000,11
20251230,3,MGP,GREC,98.850000,12
20251230,4,MGP,GREC,96.850000,13
20251230,4,MGP,GREC,94.800000,14
20251230,4,MGP,GREC,94.800000,15
20251230,4,MGP,GREC,94.800000,16
20251230,5,MGP,GREC,98.500000,17
20251230,5,MGP,GREC,98.500000,18
20251230,5,MGP,GREC,98.500000,19
20251230,5,MGP,GREC,98.500000,20
20251230,6,MGP,GREC,99.640000,21
20251230,6,MGP,GREC,99.640000,22
20251230,6,MGP,GREC,99.640000,23
20251230,6,MGP,GREC,106.100000,24
20251230,7,MGP,GREC,99.640000,25
20251230,7,MGP,GREC,105.000000,26
20251230,7,MGP,GREC,105.000000,27
20251230,7,MGP,GREC,109.770000,28
20251230,8,MGP,GREC,109.770000,29
20251230,8,MGP,GREC,117.720000,30
20251230,8,MGP,GREC,120.280000,31
20251230,8,MGP,GREC,120.280000,32
20251230,9,MGP,GREC,124.500000,33
20251230,9,MGP,GREC,128.840000,34
20251230,9,MGP,GREC,122.210000,35
20251230,9,MGP,GREC,120.280000,36
20251230,10,MGP,GREC,125.910000,37
20251230,10,MGP,GREC,122.210000,38
20251230,10,MGP,GREC,117.720000,39
20251230,10,MGP,GREC,115.000000,40
20251230,11,MGP,GREC,113.460000,41
20251230,11,MGP,GREC,109.770000,42
20251230,11,MGP,GREC,109.130000,43
20251230,11,MGP,GREC,99.640000,44
20251230,12,MGP,GREC,109.130000,45
20251230,12,MGP,GREC,106.700000,46
20251230,12,MGP,GREC,100.850000,47
20251230,12,MGP,GREC,99.640000,48
20251230,13,MGP,GREC,99.640000,49
20251230,13,MGP,GREC,97.000000,50
20251230,13,MGP,GREC,92.700000,51
20251230,13,MGP,GREC,91.570000,52
20251230,14,MGP,GREC,92.700000,53
20251230,14,MGP,GREC,93.700000,54
20251230,14,MGP,GREC,96.310000,55
20251230,14,MGP,GREC,97.290000,56
20251230,15,MGP,GREC,97.000000,57
20251230,15,MGP,GREC,99.640000,58
20251230,15,MGP,GREC,100.850000,59
20251230,15,MGP,GREC,104.350000,60
20251230,16,MGP,GREC,105.000000,61
20251230,16,MGP,GREC,109.770000,62
20251230,16,MGP,GREC,111.880000,63
20251230,16,MGP,GREC,117.720000,64
20251230,17,MGP,GREC,112.500000,65
20251230,17,MGP,GREC,117.720000,66
20251230,17,MGP,GREC,117.720000,67
20251230,17,MGP,GREC,124.060000,68
20251230,18,MGP,GREC,122.210000,69
20251230,18,MGP,GREC,122.210000,70
20251230,18,MGP,GREC,122.210000,71
20251230,18,MGP,GREC,122.210000,72
20251230,19,MGP,GREC,120.400000,73
20251230,19,MGP,GREC,120.280000,74
20251230,19,MGP,GREC,120.800000,75
20251230,19,MGP,GREC,129.590000,76
20251230,20,MGP,GREC,132.500000,77
20251230,20,MGP,GREC,138.590000,78
20251230,20,MGP,GREC,131.190000,79
20251230,20,MGP,GREC,122.210000,80
20251230,21,MGP,GREC,123.950000,81
20251230,21,MGP,GREC,120.280000,82
20251230,21,MGP,GREC,119.322140,83
20251230,21,MGP,GREC,117.720000,84
20251230,22,MGP,GREC,115.857180,85
20251230,22,MGP,GREC,112.000000,86
20251230,22,MGP,GREC,112.000000,87
20251230,22,MGP,GREC,109.770000,88
20251230,23,MGP,GREC,109.770000,89
20251230,23,MGP,GREC,109.770000,90
20251230,23,MGP,GREC,109.130000,91
20251230,23,MGP,GREC,109.130000,92
20251230,24,MGP,GREC,109.130000,93
20251230,24,MGP,GREC,102.850000,94
20251230,24,MGP,GREC,99.640000,95
20251230,24,MGP,GREC,95.500000,96
20251230,1,MGP,MALT,109.770000,1
20251230,1,MGP,MALT,106.100000,2
20251230,1,MGP,MALT,104.890000,3
20251230,1,MGP,MALT,99.640000,4
20251230,2,MGP,MALT,100.080000,5
20251230,2,MGP,MALT,99.640000,6
20251230,2,MGP,MALT,99.640000,7
20251230,2,MGP,MALT,99.640000,8
20251230,3,MGP,MALT,99.540000,9
20251230,3,MGP,MALT,99.640000,10
20251230,3,MGP,MALT,98.850000,11
20251230,3,MGP,MALT,98.850000,12
20251230,4,MGP,MALT,96.850000,13
20251230,4,MGP,MALT,94.800000,14
20251230,4,MGP,MALT,94.800000,15
20251230,4,MGP,MALT,94.800000,16
20251230,5,MGP,MALT,98.500000,17
20251230,5,MGP,MALT,98.500000,18
20251230,5,MGP,MALT,98.500000,19
20251230,5,MGP,MALT,98.500000,20
20251230,6,MGP,MALT,99.640000,21
20251230,6,MGP,MALT,99.640000,22
20251230,6,MGP,MALT,99.640000,23
20251230,6,MGP,MALT,106.100000,24
20251230,7,MGP,MALT,99.640000,25
20251230,7,MGP,MALT,105.000000,26
20251230,7,MGP,MALT,105.000000,27
20251230,7,MGP,MALT,109.770000,28
20251230,8,MGP,MALT,109.770000,29
20251230,8,MGP,MALT,117.720000,30
20251230,8,MGP,MALT,120.280000,31
20251230,8,MGP,MALT,120.280000,32
20251230,9,MGP,MALT,124.500000,33
20251230,9,MGP,MALT,128.840000,34
20251230,9,MGP,MALT,122.210000,35
20251230,9,MGP,MALT,120.280000,36
20251230,10,MGP,MALT,125.910000,37
20251230,10,MGP,MALT,122.210000,38
20251230,10,MGP,MALT,117.720000,39
20251230,10,MGP,MALT,115.000000,40
20251230,11,MGP,MALT,113.460000,41
20251230,11,MGP,MALT,109.770000,42
20251230,11,MGP,MALT,109.130000,43
20251230,11,MGP,MALT,99.640000,44
20251230,12,MGP,MALT,109.130000,45
20251230,12,MGP,MALT,106.700000,46
20251230,12,MGP,MALT,100.850000,47
20251230,12,MGP,MALT,99.640000,48
20251230,13,MGP,MALT,99.640000,49
20251230,13,MGP,MALT,97.000000,50
20251230,13,MGP,MALT,92.700000,51
20251230,13,MGP,MALT,91.570000,52
20251230,14,MGP,MALT,92.700000,53
20251230,14,MGP,MALT,93.700000,54
20251230,14,MGP,MALT,96.310000,55
20251230,14,MGP,MALT,97.290000,56
20251230,15,MGP,MALT,97.000000,57
20251230,15,MGP,MALT,99.640000,58
20251230,15,MGP,MALT,100.850000,59
20251230,15,MGP,MALT,104.350000,60
20251230,16,MGP,MALT,105.000000,61
20251230,16,MGP,MALT,109.770000,62
20251230,16,MGP,MALT,111.880000,63
20251230,16,MGP,MALT,117.720000,64
20251230,17,MGP,MALT,112.500000,65
20251230,17,MGP,MALT,117.720000,66
20251230,17,MGP,MALT,117.720000,67
20251230,17,MGP,MALT,124.060000,68
20251230,18,MGP,MALT,122.210000,69
20251230,18,MGP,MALT,122.210000,70
20251230,18,MGP,MALT,122.210000,71
20251230,18,MGP,MALT,122.210000,72
20251230,19,MGP,MALT,120.400000,73
20251230,19,MGP,MALT,120.280000,74
20251230,19,MGP,MALT,120.800000,75
20251230,19,MGP,MALT,129.590000,76
20251230,20,MGP,MALT,132.500000,77
20251230,20,MGP,MALT,138.590000,78
20251230,20,MGP,MALT,131.190000,79
20251230,20,MGP,MALT,122.210000,80
20251230,21,MGP,MALT,123.950000,81
20251230,21,MGP,MALT,120.280000,82
20251230,21,MGP,MALT,119.322140,83
20251230,21,MGP,MALT,117.720000,84
20251230,22,MGP,MALT,115.857180,85
20251230,22,MGP,MALT,112.000000,86
20251230,22,MGP,MALT,112.000000,87
20251230,22,MGP,MALT,109.770000,88
20251230,23,MGP,MALT,109.770000,89
20251230,23,MGP,MALT,109.770000,90
20251230,23,MGP,MALT,109.130000,91
20251230,23,MGP,MALT,109.130000,92
20251230,24,MGP,MALT,109.130000,93
20251230,24,MGP,MALT,102.850000,94
20251230,24,MGP,MALT,99.640000,95
20251230,24,MGP,MALT,95.500000,96
20251230,1,MGP,MONT,109.770000,1
20251230,1,MGP,MONT,106.100000,2
20251230,1,MGP,MONT,104.890000,3
20251230,1,MGP,MONT,99.640000,4
20251230,2,MGP,MONT,100.080000,5
20251230,2,MGP,MONT,99.640000,6
20251230,2,MGP,MONT,99.640000,7
20251230,2,MGP,MONT,99.640000,8
20251230,3,MGP,MONT,99.540000,9
20251230,3,MGP,MONT,99.640000,10
20251230,3,MGP,MONT,98.850000,11
20251230,3,MGP,MONT,98.850000,12
20251230,4,MGP,MONT,96.850000,13
20251230,4,MGP,MONT,94.800000,14
20251230,4,MGP,MONT,94.800000,15
20251230,4,MGP,MONT,94.800000,16
20251230,5,MGP,MONT,98.500000,17
20251230,5,MGP,MONT,98.500000,18
20251230,5,MGP,MONT,98.500000,19
20251230,5,MGP,MONT,98.500000,20
20251230,6,MGP,MONT,99.640000,21
20251230,6,MGP,MONT,99.640000,22
20251230,6,MGP,MONT,99.640000,23
20251230,6,MGP,MONT,106.100000,24
20251230,7,MGP,MONT,99.640000,25
20251230,7,MGP,MONT,105.000000,26
20251230,7,MGP,MONT,105.000000,27
20251230,7,MGP,MONT,109.770000,28
20251230,8,MGP,MONT,109.770000,29
20251230,8,MGP,MONT,117.720000,30
20251230,8,MGP,MONT,120.280000,31
20251230,8,MGP,MONT,120.280000,32
20251230,9,MGP,MONT,124.500000,33
20251230,9,MGP,MONT,128.840000,34
20251230,9,MGP,MONT,122.210000,35
20251230,9,MGP,MONT,120.280000,36
20251230,10,MGP,MONT,125.910000,37
20251230,10,MGP,MONT,122.210000,38
20251230,10,MGP,MONT,117.720000,39
20251230,10,MGP,MONT,115.000000,40
20251230,11,MGP,MONT,113.460000,41
20251230,11,MGP,MONT,109.770000,42
20251230,11,MGP,MONT,109.130000,43
20251230,11,MGP,MONT,99.640000,44
20251230,12,MGP,MONT,109.130000,45
20251230,12,MGP,MONT,106.700000,46
20251230,12,MGP,MONT,100.850000,47
20251230,12,MGP,MONT,99.640000,48
20251230,13,MGP,MONT,99.640000,49
20251230,13,MGP,MONT,97.000000,50
20251230,13,MGP,MONT,92.700000,51
20251230,13,MGP,MONT,91.570000,52
20251230,14,MGP,MONT,92.700000,53
20251230,14,MGP,MONT,93.700000,54
20251230,14,MGP,MONT,96.310000,55
20251230,14,MGP,MONT,97.290000,56
20251230,15,MGP,MONT,97.000000,57
20251230,15,MGP,MONT,99.640000,58
20251230,15,MGP,MONT,100.850000,59
20251230,15,MGP,MONT,104.350000,60
20251230,16,MGP,MONT,105.000000,61
20251230,16,MGP,MONT,109.770000,62
20251230,16,MGP,MONT,111.880000,63
20251230,16,MGP,MONT,117.720000,64
20251230,17,MGP,MONT,112.500000,65
20251230,17,MGP,MONT,117.720000,66
20251230,17,MGP,MONT,117.720000,67
20251230,17,MGP,MONT,124.060000,68
20251230,18,MGP,MONT,122.210000,69
20251230,18,MGP,MONT,122.210000,70
20251230,18,MGP,MONT,122.210000,71
20251230,18,MGP,MONT,122.210000,72
20251230,19,MGP,MONT,120.400000,73
20251230,19,MGP,MONT,120.280000,74
20251230,19,MGP,MONT,120.800000,75
20251230,19,MGP,MONT,129.590000,76
20251230,20,MGP,MONT,132.500000,77
20251230,20,MGP,MONT,138.590000,78
20251230,20,MGP,MONT,131.190000,79
20251230,20,MGP,MONT,122.210000,80
20251230,21,MGP,MONT,123.950000,81
20251230,21,MGP,MONT,120.280000,82
20251230,21,MGP,MONT,119.322140,83
20251230,21,MGP,MONT,117.720000,84
20251230,22,MGP,MONT,115.857180,85
20251230,22,MGP,MONT,112.000000,86
20251230,22,MGP,MONT,112.000000,87
20251230,22,MGP,MONT,109.770000,88
20251230,23,MGP,MONT,109.770000,89
20251230,23,MGP,MONT,109.770000,90
20251230,23,MGP,MONT,109.130000,91
20251230,23,MGP,MONT,109.130000,92
20251230,24,MGP,MONT,109.130000,93
20251230,24,MGP,MONT,102.850000,94
20251230,24,MGP,MONT,99.640000,95
20251230,24,MGP,MONT,95.500000,96
20251230,1,MGP,NAT,105.830000,1
20251230,1,MGP,NAT,105.280000,2
20251230,1,MGP,NAT,105.100000,3
20251230,1,MGP,NAT,104.240000,4
20251230,2,MGP,NAT,104.240000,5
20251230,2,MGP,NAT,101.710000,6
20251230,2,MGP,NAT,101.200000,7
20251230,2,MGP,NAT,101.200000,8
20251230,3,MGP,NAT,101.200000,9
20251230,3,MGP,NAT,101.200000,10
20251230,3,MGP,NAT,101.200000,11
20251230,3,MGP,NAT,101.200000,12
20251230,4,MGP,NAT,99.770000,13
20251230,4,MGP,NAT,99.770000,14
20251230,4,MGP,NAT,99.770000,15
20251230,4,MGP,NAT,99.770000,16
20251230,5,MGP,NAT,99.770000,17
20251230,5,MGP,NAT,99.770000,18
20251230,5,MGP,NAT,100.730000,19
20251230,5,MGP,NAT,99.770000,20
20251230,6,MGP,NAT,101.200000,21
20251230,6,MGP,NAT,103.010000,22
20251230,6,MGP,NAT,104.240000,23
20251230,6,MGP,NAT,105.100000,24
20251230,7,MGP,NAT,105.280000,25
20251230,7,MGP,NAT,105.830000,26
20251230,7,MGP,NAT,109.130000,27
20251230,7,MGP,NAT,109.770000,28
20251230,8,MGP,NAT,111.300000,29
20251230,8,MGP,NAT,112.110000,30
20251230,8,MGP,NAT,113.000000,31
20251230,8,MGP,NAT,113.000000,32
20251230,9,MGP,NAT,115.610000,33
20251230,9,MGP,NAT,115.960000,34
20251230,9,MGP,NAT,114.600000,35
20251230,9,MGP,NAT,113.990000,36
20251230,10,MGP,NAT,115.210000,37
20251230,10,MGP,NAT,113.990000,38
20251230,10,MGP,NAT,113.000000,39
20251230,10,MGP,NAT,112.000000,40
20251230,11,MGP,NAT,110.030000,41
20251230,11,MGP,NAT,109.950000,42
20251230,11,MGP,NAT,109.770000,43
20251230,11,MGP,NAT,109.130000,44
20251230,12,MGP,NAT,109.130000,45
20251230,12,MGP,NAT,108.330000,46
20251230,12,MGP,NAT,105.830000,47
20251230,12,MGP,NAT,105.830000,48
20251230,13,MGP,NAT,105.100000,49
20251230,13,MGP,NAT,105.100000,50
20251230,13,MGP,NAT,105.000000,51
20251230,13,MGP,NAT,105.000000,52
20251230,14,MGP,NAT,105.000000,53
20251230,14,MGP,NAT,105.000000,54
20251230,14,MGP,NAT,105.000000,55
20251230,14,MGP,NAT,105.100000,56
20251230,15,MGP,NAT,105.100000,57
20251230,15,MGP,NAT,105.150000,58
20251230,15,MGP,NAT,106.810000,59
20251230,15,MGP,NAT,109.130000,60
20251230,16,MGP,NAT,111.890000,61
20251230,16,MGP,NAT,113.000000,62
20251230,16,MGP,NAT,113.460000,63
20251230,16,MGP,NAT,117.250000,64
20251230,17,MGP,NAT,117.660000,65
20251230,17,MGP,NAT,117.790000,66
20251230,17,MGP,NAT,117.790000,67
20251230,17,MGP,NAT,119.300000,68
20251230,18,MGP,NAT,119.300000,69
20251230,18,MGP,NAT,119.300000,70
20251230,18,MGP,NAT,119.590000,71
20251230,18,MGP,NAT,119.300000,72
20251230,19,MGP,NAT,119.300000,73
20251230,19,MGP,NAT,119.300000,74
20251230,19,MGP,NAT,119.300000,75
20251230,19,MGP,NAT,120.300000,76
20251230,20,MGP,NAT,120.300000,77
20251230,20,MGP,NAT,120.300000,78
20251230,20,MGP,NAT,120.300000,79
20251230,20,MGP,NAT,120.280000,80
20251230,21,MGP,NAT,119.300000,81
20251230,21,MGP,NAT,119.130000,82
20251230,21,MGP,NAT,118.230000,83
20251230,21,MGP,NAT,118.130000,84
20251230,22,MGP,NAT,117.720000,85
20251230,22,MGP,NAT,117.720000,86
20251230,22,MGP,NAT,117.720000,87
20251230,22,MGP,NAT,116.660000,88
20251230,23,MGP,NAT,114.000000,89
20251230,23,MGP,NAT,112.000000,90
20251230,23,MGP,NAT,110.030000,91
20251230,23,MGP,NAT,109.130000,92
20251230,24,MGP,NAT,107.000000,93
20251230,24,MGP,NAT,105.280000,94
20251230,24,MGP,NAT,105.100000,95
20251230,24,MGP,NAT,102.000000,96
20251230,1,MGP,NORD,109.770000,1
20251230,1,MGP,NORD,106.100000,2
20251230,1,MGP,NORD,104.890000,3
20251230,1,MGP,NORD,99.640000,4
20251230,2,MGP,NORD,100.080000,5
20251230,2,MGP,NORD,99.640000,6
20251230,2,MGP,NORD,99.640000,7
20251230,2,MGP,NORD,99.640000,8
20251230,3,MGP,NORD,99.540000,9
20251230,3,MGP,NORD,99.640000,10
20251230,3,MGP,NORD,98.850000,11
20251230,3,MGP,NORD,98.850000,12
20251230,4,MGP,NORD,96.850000,13
20251230,4,MGP,NORD,94.800000,14
20251230,4,MGP,NORD,94.800000,15
20251230,4,MGP,NORD,94.800000,16
20251230,5,MGP,NORD,98.500000,17
20251230,5,MGP,NORD,98.500000,18
20251230,5,MGP,NORD,98.500000,19
20251230,5,MGP,NORD,98.500000,20
20251230,6,MGP,NORD,99.640000,21
20251230,6,MGP,NORD,99.640000,22
20251230,6,MGP,NORD,99.640000,23
20251230,6,MGP,NORD,106.100000,24
20251230,7,MGP,NORD,99.640000,25
20251230,7,MGP,NORD,105.000000,26
20251230,7,MGP,NORD,105.000000,27
20251230,7,MGP,NORD,109.770000,28
20251230,8,MGP,NORD,109.770000,29
20251230,8,MGP,NORD,117.720000,30
20251230,8,MGP,NORD,120.280000,31
20251230,8,MGP,NORD,120.280000,32
20251230,9,MGP,NORD,124.500000,33
20251230,9,MGP,NORD,128.840000,34
20251230,9,MGP,NORD,122.210000,35
20251230,9,MGP,NORD,120.280000,36
20251230,10,MGP,NORD,125.910000,37
20251230,10,MGP,NORD,122.210000,38
20251230,10,MGP,NORD,117.720000,39
20251230,10,MGP,NORD,115.000000,40
20251230,11,MGP,NORD,113.460000,41
20251230,11,MGP,NORD,109.770000,42
20251230,11,MGP,NORD,109.130000,43
20251230,11,MGP,NORD,99.640000,44
20251230,12,MGP,NORD,109.130000,45
20251230,12,MGP,NORD,106.700000,46
20251230,12,MGP,NORD,100.850000,47
20251230,12,MGP,NORD,99.640000,48
20251230,13,MGP,NORD,99.640000,49
20251230,13,MGP,NORD,97.000000,50
20251230,13,MGP,NORD,92.700000,51
20251230,13,MGP,NORD,91.570000,52
20251230,14,MGP,NORD,92.700000,53
20251230,14,MGP,NORD,93.700000,54
20251230,14,MGP,NORD,96.310000,55
20251230,14,MGP,NORD,97.290000,56
20251230,15,MGP,NORD,97.000000,57
20251230,15,MGP,NORD,99.640000,58
20251230,15,MGP,NORD,100.850000,59
20251230,15,MGP,NORD,104.350000,60
20251230,16,MGP,NORD,105.000000,61
20251230,16,MGP,NORD,109.770000,62
20251230,16,MGP,NORD,111.880000,63
20251230,16,MGP,NORD,117.720000,64
20251230,17,MGP,NORD,112.500000,65
20251230,17,MGP,NORD,117.720000,66
20251230,17,MGP,NORD,117.720000,67
20251230,17,MGP,NORD,124.060000,68
20251230,18,MGP,NORD,122.210000,69
20251230,18,MGP,NORD,122.210000,70
20251230,18,MGP,NORD,122.210000,71
20251230,18,MGP,NORD,122.210000,72
20251230,19,MGP,NORD,120.400000,73
20251230,19,MGP,NORD,120.280000,74
20251230,19,MGP,NORD,120.800000,75
20251230,19,MGP,NORD,129.590000,76
20251230,20,MGP,NORD,132.500000,77
20251230,20,MGP,NORD,138.590000,78
20251230,20,MGP,NORD,131.190000,79
20251230,20,MGP,NORD,122.210000,80
20251230,21,MGP,NORD,123.950000,81
20251230,21,MGP,NORD,120.280000,82
20251230,21,MGP,NORD,119.322140,83
20251230,21,MGP,NORD,117.720000,84
20251230,22,MGP,NORD,115.857180,85
20251230,22,MGP,NORD,112.000000,86
20251230,22,MGP,NORD,112.000000,87
20251230,22,MGP,NORD,109.770000,88
20251230,23,MGP,NORD,109.770000,89
20251230,23,MGP,NORD,109.770000,90
20251230,23,MGP,NORD,109.130000,91
20251230,23,MGP,NORD,109.130000,92
20251230,24,MGP,NORD,109.130000,93
20251230,24,MGP,NORD,102.850000,94
20251230,24,MGP,NORD,99.640000,95
20251230,24,MGP,NORD,95.500000,96
20251230,1,MGP,PUN,109.770000,1
20251230,1,MGP,PUN,106.100000,2
20251230,1,MGP,PUN,104.890000,3
20251230,1,MGP,PUN,99.640000,4
20251230,2,MGP,PUN,100.080000,5
20251230,2,MGP,PUN,99.640000,6
20251230,2,MGP,PUN,99.640000,7
20251230,2,MGP,PUN,99.640000,8
20251230,3,MGP,PUN,99.540000,9
20251230,3,MGP,PUN,99.640000,10
20251230,3,MGP,PUN,98.850000,11
20251230,3,MGP,PUN,98.850000,12
20251230,4,MGP,PUN,96.850000,13
20251230,4,MGP,PUN,94.800000,14
20251230,4,MGP,PUN,94.800000,15
20251230,4,MGP,PUN,94.800000,16
20251230,5,MGP,PUN,98.500000,17
20251230,5,MGP,PUN,98.500000,18
20251230,5,MGP,PUN,98.500000,19
20251230,5,MGP,PUN,98.500000,20
20251230,6,MGP,PUN,99.640000,21
20251230,6,MGP,PUN,99.640000,22
20251230,6,MGP,PUN,99.640000,23
20251230,6,MGP,PUN,106.100000,24
20251230,7,MGP,PUN,99.640000,25
20251230,7,MGP,PUN,105.000000,26
20251230,7,MGP,PUN,105.000000,27
20251230,7,MGP,PUN,109.770000,28
20251230,8,MGP,PUN,109.770000,29
20251230,8,MGP,PUN,117.720000,30
20251230,8,MGP,PUN,120.280000,31
20251230,8,MGP,PUN,120.280000,32
20251230,9,MGP,PUN,124.500000,33
20251230,9,MGP,PUN,128.840000,34
20251230,9,MGP,PUN,122.210000,35
20251230,9,MGP,PUN,120.280000,36
20251230,10,MGP,PUN,125.910000,37
20251230,10,MGP,PUN,122.210000,38
20251230,10,MGP,PUN,117.720000,39
20251230,10,MGP,PUN,115.000000,40
20251230,11,MGP,PUN,113.460000,41
20251230,11,MGP,PUN,109.770000,42
20251230,11,MGP,PUN,109.130000,43
20251230,11,MGP,PUN,99.640000,44
20251230,12,MGP,PUN,109.130000,45
20251230,12,MGP,PUN,106.700000,46
20251230,12,MGP,PUN,100.850000,47
20251230,12,MGP,PUN,99.640000,48
20251230,13,MGP,PUN,99.640000,49
20251230,13,MGP,PUN,97.000000,50
20251230,13,MGP,PUN,92.700000,51
20251230,13,MGP,PUN,91.570000,52
20251230,14,MGP,PUN,92.700000,53
20251230,14,MGP,PUN,93.700000,54
20251230,14,MGP,PUN,96.310000,55
20251230,14,MGP,PUN,97.290000,56
20251230,15,MGP,PUN,97.000000,57
20251230,15,MGP,PUN,99.640000,58
20251230,15,MGP,PUN,100.850000,59
20251230,15,MGP,PUN,104.350000,60
20251230,16,MGP,PUN,105.000000,61
20251230,16,MGP,PUN,109.770000,62
20251230,16,MGP,PUN,111.880000,63
20251230,16,MGP,PUN,117.720000,64
20251230,17,MGP,PUN,112.500000,65
20251230,17,MGP,PUN,117.720000,66
20251230,17,MGP,PUN,117.720000,67
20251230,17,MGP,PUN,124.060000,68
20251230,18,MGP,PUN,122.210000,69
20251230,18,MGP,PUN,122.210000,70
20251230,18,MGP,PUN,122.210000,71
20251230,18,MGP,PUN,122.210000,72
20251230,19,MGP,PUN,120.400000,73
20251230,19,MGP,PUN,120.280000,74
20251230,19,MGP,PUN,120.800000,75
20251230,19,MGP,PUN,129.590000,76
20251230,20,MGP,PUN,132.500000,77
20251230,20,MGP,PUN,138.590000,78
20251230,20,MGP,PUN,131.190000,79
20251230,20,MGP,PUN,122.210000,80
20251230,21,MGP,PUN,123.950000,81
20251230,21,MGP,PUN,120.280000,82
20251230,21,MGP,PUN,119.322140,83
20251230,21,MGP,PUN,117.720000,84
20251230,22,MGP,PUN,115.857180,85
20251230,22,MGP,PUN,112.000000,86
20251230,22,MGP,PUN,112.000000,87
20251230,22,MGP,PUN,109.770000,88
20251230,23,MGP,PUN,109.770000,89
20251230,23,MGP,PUN,109.770000,90
20251230,23,MGP,PUN,109.130000,91
20251230,23,MGP,PUN,109.130000,92
20251230,24,MGP,PUN,109.130000,93
20251230,24,MGP,PUN,102.850000,94
20251230,24,MGP,PUN,99.640000,95
20251230,24,MGP,PUN,95.500000,96
20251230,1,MGP,SARD,109.770000,1
20251230,1,MGP,SARD,106.100000,2
20251230,1,MGP,SARD,104.890000,3
20251230,1,MGP,SARD,99.640000,4
20251230,2,MGP,SARD,100.080000,5
20251230,2,MGP,SARD,99.640000,6
20251230,2,MGP,SARD,99.640000,7
20251230,2,MGP,SARD,99.640000,8
20251230,3,MGP,SARD,99.540000,9
20251230,3,MGP,SARD,99.640000,10
20251230,3,MGP,SARD,98.850000,11
20251230,3,MGP,SARD,98.850000,12
20251230,4,MGP,SARD,96.850000,13
20251230,4,MGP,SARD,94.800000,14
20251230,4,MGP,SARD,94.800000,15
20251230,4,MGP,SARD,94.800000,16
20251230,5,MGP,SARD,98.500000,17
20251230,5,MGP,SARD,98.500000,18
20251230,5,MGP,SARD,98.500000,19
20251230,5,MGP,SARD,98.500000,20
20251230,6,MGP,SARD,99.640000,21
20251230,6,MGP,SARD,99.640000,22
20251230,6,MGP,SARD,99.640000,23
20251230,6,MGP,SARD,106.100000,24
20251230,7,MGP,SARD,99.640000,25
20251230,7,MGP,SARD,105.000000,26
20251230,7,MGP,SARD,105.000000,27
20251230,7,MGP,SARD,109.770000,28
20251230,8,MGP,SARD,109.770000,29
20251230,8,MGP,SARD,117.720000,30
20251230,8,MGP,SARD,120.280000,31
20251230,8,MGP,SARD,120.280000,32
20251230,9,MGP,SARD,124.500000,33
20251230,9,MGP,SARD,128.840000,34
20251230,9,MGP,SARD,122.210000,35
20251230,9,MGP,SARD,120.280000,36
20251230,10,MGP,SARD,125.910000,37
20251230,10,MGP,SARD,122.210000,38
20251230,10,MGP,SARD,117.720000,39
20251230,10,MGP,SARD,115.000000,40
20251230,11,MGP,SARD,113.460000,41
20251230,11,MGP,SARD,109.770000,42
20251230,11,MGP,SARD,109.130000,43
20251230,11,MGP,SARD,99.640000,44
20251230,12,MGP,SARD,109.130000,45
20251230,12,MGP,SARD,106.700000,46
20251230,12,MGP,SARD,100.850000,47
20251230,12,MGP,SARD,99.640000,48
20251230,13,MGP,SARD,99.640000,49
20251230,13,MGP,SARD,97.000000,50
20251230,13,MGP,SARD,92.700000,51
20251230,13,MGP,SARD,91.570000,52
20251230,14,MGP,SARD,92.700000,53
20251230,14,MGP,SARD,93.700000,54
20251230,14,MGP,SARD,96.310000,55
20251230,14,MGP,SARD,97.290000,56
20251230,15,MGP,SARD,97.000000,57
20251230,15,MGP,SARD,99.640000,58
20251230,15,MGP,SARD,100.850000,59
20251230,15,MGP,SARD,104.350000,60
20251230,16,MGP,SARD,105.000000,61
20251230,16,MGP,SARD,109.770000,62
20251230,16,MGP,SARD,111.880000,63
20251230,16,MGP,SARD,117.720000,64
20251230,17,MGP,SARD,112.500000,65
20251230,17,MGP,SARD,117.720000,66
20251230,17,MGP,SARD,117.720000,67
20251230,17,MGP,SARD,124.060000,68
20251230,18,MGP,SARD,122.210000,69
20251230,18,MGP,SARD,122.210000,70
20251230,18,MGP,SARD,122.210000,71
20251230,18,MGP,SARD,122.210000,72
20251230,19,MGP,SARD,120.400000,73
20251230,19,MGP,SARD,120.280000,74
20251230,19,MGP,SARD,120.800000,75
20251230,19,MGP,SARD,129.590000,76
20251230,20,MGP,SARD,132.500000,77
20251230,20,MGP,SARD,138.590000,78
20251230,20,MGP,SARD,131.190000,79
20251230,20,MGP,SARD,122.210000,80
20251230,21,MGP,SARD,123.950000,81
20251230,21,MGP,SARD,120.280000,82
20251230,21,MGP,SARD,119.322140,83
20251230,21,MGP,SARD,117.720000,84
20251230,22,MGP,SARD,115.857180,85
20251230,22,MGP,SARD,112.000000,86
20251230,22,MGP,SARD,112.000000,87
20251230,22,MGP,SARD,109.770000,88
20251230,23,MGP,SARD,109.770000,89
20251230,23,MGP,SARD,109.770000,90
20251230,23,MGP,SARD,109.130000,91
20251230,23,MGP,SARD,109.130000,92
20251230,24,MGP,SARD,109.130000,93
20251230,24,MGP,SARD,102.850000,94
20251230,24,MGP,SARD,99.640000,95
20251230,24,MGP,SARD,95.500000,96
20251230,1,MGP,SICI,109.770000,1
20251230,1,MGP,SICI,106.100000,2
20251230,1,MGP,SICI,104.890000,3
20251230,1,MGP,SICI,99.640000,4
20251230,2,MGP,SICI,100.080000,5
20251230,2,MGP,SICI,99.640000,6
20251230,2,MGP,SICI,99.640000,7
20251230,2,MGP,SICI,99.640000,8
20251230,3,MGP,SICI,99.540000,9
20251230,3,MGP,SICI,99.640000,10
20251230,3,MGP,SICI,98.850000,11
20251230,3,MGP,SICI,98.850000,12
20251230,4,MGP,SICI,96.850000,13
20251230,4,MGP,SICI,94.800000,14
20251230,4,MGP,SICI,94.800000,15
20251230,4,MGP,SICI,94.800000,16
20251230,5,MGP,SICI,98.500000,17
20251230,5,MGP,SICI,98.500000,18
20251230,5,MGP,SICI,98.500000,19
20251230,5,MGP,SICI,98.500000,20
20251230,6,MGP,SICI,99.640000,21
20251230,6,MGP,SICI,99.640000,22
20251230,6,MGP,SICI,99.640000,23
20251230,6,MGP,SICI,106.100000,24
20251230,7,MGP,SICI,99.640000,25
20251230,7,MGP,SICI,105.000000,26
20251230,7,MGP,SICI,105.000000,27
20251230,7,MGP,SICI,109.770000,28
20251230,8,MGP,SICI,109.770000,29
20251230,8,MGP,SICI,117.720000,30
20251230,8,MGP,SICI,120.280000,31
20251230,8,MGP,SICI,120.280000,32
20251230,9,MGP,SICI,124.500000,33
20251230,9,MGP,SICI,128.840000,34
20251230,9,MGP,SICI,122.210000,35
20251230,9,MGP,SICI,120.280000,36
20251230,10,MGP,SICI,125.910000,37
20251230,10,MGP,SICI,122.210000,38
20251230,10,MGP,SICI,117.720000,39
20251230,10,MGP,SICI,115.000000,40
20251230,11,MGP,SICI,113.460000,41
20251230,11,MGP,SICI,109.770000,42
20251230,11,MGP,SICI,109.130000,43
20251230,11,MGP,SICI,99.640000,44
20251230,12,MGP,SICI,109.130000,45
20251230,12,MGP,SICI,106.700000,46
20251230,12,MGP,SICI,100.850000,47
20251230,12,MGP,SICI,99.640000,48
20251230,13,MGP,SICI,99.640000,49
20251230,13,MGP,SICI,97.000000,50
20251230,13,MGP,SICI,92.700000,51
20251230,13,MGP,SICI,91.570000,52
20251230,14,MGP,SICI,92.700000,53
20251230,14,MGP,SICI,93.700000,54
20251230,14,MGP,SICI,96.310000,55
20251230,14,MGP,SICI,97.290000,56
20251230,15,MGP,SICI,97.000000,57
20251230,15,MGP,SICI,99.640000,58
20251230,15,MGP,SICI,100.850000,59
20251230,15,MGP,SICI,104.350000,60
20251230,16,MGP,SICI,105.000000,61
20251230,16,MGP,SICI,109.770000,62
20251230,16,MGP,SICI,111.880000,63
20251230,16,MGP,SICI,117.720000,64
20251230,17,MGP,SICI,112.500000,65
20251230,17,MGP,SICI,117.720000,66
20251230,17,MGP,SICI,117.720000,67
20251230,17,MGP,SICI,124.060000,68
20251230,18,MGP,SICI,122.210000,69
20251230,18,MGP,SICI,122.210000,70
20251230,18,MGP,SICI,122.210000,71
20251230,18,MGP,SICI,122.210000,72
20251230,19,MGP,SICI,120.400000,73
20251230,19,MGP,SICI,120.280000,74
20251230,19,MGP,SICI,120.800000,75
20251230,19,MGP,SICI,129.590000,76
20251230,20,MGP,SICI,132.500000,77
20251230,20,MGP,SICI,138.590000,78
20251230,20,MGP,SICI,131.190000,79
20251230,20,MGP,SICI,122.210000,80
20251230,21,MGP,SICI,123.950000,81
20251230,21,MGP,SICI,120.280000,82
20251230,21,MGP,SICI,119.322140,83
20251230,21,MGP,SICI,117.720000,84
20251230,22,MGP,SICI,115.857180,85
20251230,22,MGP,SICI,112.000000,86
20251230,22,MGP,SICI,112.000000,87
20251230,22,MGP,SICI,109.770000,88
20251230,23,MGP,SICI,109.770000,89
20251230,23,MGP,SICI,109.770000,90
20251230,23,MGP,SICI,109.130000,91
20251230,23,MGP,SICI,109.130000,92
20251230,24,MGP,SICI,109.130000,93
20251230,24,MGP,SICI,102.850000,94
20251230,24,MGP,SICI,99.640000,95
20251230,24,MGP,SICI,95.500000,96
20251230,1,MGP,SLOV,109.770000,1
20251230,1,MGP,SLOV,106.100000,2
20251230,1,MGP,SLOV,104.890000,3
20251230,1,MGP,SLOV,99.640000,4
20251230,2,MGP,SLOV,100.080000,5
20251230,2,MGP,SLOV,99.640000,6
20251230,2,MGP,SLOV,99.640000,7
20251230,2,MGP,SLOV,99.640000,8
20251230,3,MGP,SLOV,99.540000,9
20251230,3,MGP,SLOV,99.640000,10
20251230,3,MGP,SLOV,98.850000,11
20251230,3,MGP,SLOV,98.850000,12
20251230,4,MGP,SLOV,96.850000,13
20251230,4,MGP,SLOV,94.800000,14
20251230,4,MGP,SLOV,94.800000,15
20251230,4,MGP,SLOV,94.800000,16
20251230,5,MGP,SLOV,98.500000,17
20251230,5,MGP,SLOV,98.500000,18
20251230,5,MGP,SLOV,98.500000,19
20251230,5,MGP,SLOV,98.500000,20
20251230,6,MGP,SLOV,99.640000,21
20251230,6,MGP,SLOV,99.640000,22
20251230,6,MGP,SLOV,99.640000,23
20251230,6,MGP,SLOV,106.100000,24
20251230,7,MGP,SLOV,99.640000,25
20251230,7,MGP,SLOV,105.000000,26
20251230,7,MGP,SLOV,105.000000,27
20251230,7,MGP,SLOV,109.770000,28
20251230,8,MGP,SLOV,109.770000,29
20251230,8,MGP,SLOV,117.720000,30
20251230,8,MGP,SLOV,120.280000,31
20251230,8,MGP,SLOV,120.280000,32
20251230,9,MGP,SLOV,124.500000,33
20251230,9,MGP,SLOV,128.840000,34
20251230,9,MGP,SLOV,122.210000,35
20251230,9,MGP,SLOV,120.280000,36
20251230,10,MGP,SLOV,125.910000,37
20251230,10,MGP,SLOV,122.210000,38
20251230,10,MGP,SLOV,117.720000,39
20251230,10,MGP,SLOV,115.000000,40
20251230,11,MGP,SLOV,113.460000,41
20251230,11,MGP,SLOV,109.770000,42
20251230,11,MGP,SLOV,109.130000,43
20251230,11,MGP,SLOV,99.640000,44
20251230,12,MGP,SLOV,109.130000,45
20251230,12,MGP,SLOV,106.700000,46
20251230,12,MGP,SLOV,100.850000,47
20251230,12,MGP,SLOV,99.640000,48
20251230,13,MGP,SLOV,99.640000,49
20251230,13,MGP,SLOV,97.000000,50
20251230,13,MGP,SLOV,92.700000,51
20251230,13,MGP,SLOV,91.570000,52
20251230,14,MGP,SLOV,92.700000,53
20251230,14,MGP,SLOV,93.700000,54
20251230,14,MGP,SLOV,96.310000,55
20251230,14,MGP,SLOV,97.290000,56
20251230,15,MGP,SLOV,97.000000,57
20251230,15,MGP,SLOV,99.640000,58
20251230,15,MGP,SLOV,100.850000,59
20251230,15,MGP,SLOV,104.350000,60
20251230,16,MGP,SLOV,105.000000,61
20251230,16,MGP,SLOV,109.770000,62
20251230,16,MGP,SLOV,111.880000,63
20251230,16,MGP,SLOV,117.720000,64
20251230,17,MGP,SLOV,112.500000,65
20251230,17,MGP,SLOV,117.720000,66
20251230,17,MGP,SLOV,117.720000,67
20251230,17,MGP,SLOV,124.060000,68
20251230,18,MGP,SLOV,122.210000,69
20251230,18,MGP,SLOV,122.210000,70
20251230,18,MGP,SLOV,122.210000,71
20251230,18,MGP,SLOV,122.210000,72
20251230,19,MGP,SLOV,120.400000,73
20251230,19,MGP,SLOV,120.280000,74
20251230,19,MGP,SLOV,120.800000,75
20251230,19,MGP,SLOV,129.590000,76
20251230,20,MGP,SLOV,132.500000,77
20251230,20,MGP,SLOV,138.590000,78
20251230,20,MGP,SLOV,131.190000,79
20251230,20,MGP,SLOV,122.210000,80
20251230,21,MGP,SLOV,123.950000,81
20251230,21,MGP,SLOV,120.280000,82
20251230,21,MGP,SLOV,119.322140,83
20251230,21,MGP,SLOV,117.720000,84
20251230,22,MGP,SLOV,115.857180,85
20251230,22,MGP,SLOV,112.000000,86
20251230,22,MGP,SLOV,112.000000,87
20251230,22,MGP,SLOV,109.770000,88
20251230,23,MGP,SLOV,109.770000,89
20251230,23,MGP,SLOV,109.770000,90
20251230,23,MGP,SLOV,109.130000,91
20251230,23,MGP,SLOV,109.130000,92
20251230,24,MGP,SLOV,109.130000,93
20251230,24,MGP,SLOV,102.850000,94
20251230,24,MGP,SLOV,99.640000,95
20251230,24,MGP,SLOV,95.500000,96
20251230,1,MGP,SUD,109.770000,1
20251230,1,MGP,SUD,106.100000,2
20251230,1,MGP,SUD,104.890000,3
20251230,1,MGP,SUD,99.640000,4
20251230,2,MGP,SUD,100.080000,5
20251230,2,MGP,SUD,99.640000,6
20251230,2,MGP,SUD,99.640000,7
20251230,2,MGP,SUD,99.640000,8
20251230,3,MGP,SUD,99.540000,9
20251230,3,MGP,SUD,99.640000,10
20251230,3,MGP,SUD,98.850000,11
20251230,3,MGP,SUD,98.850000,12
20251230,4,MGP,SUD,96.850000,13
20251230,4,MGP,SUD,94.800000,14
20251230,4,MGP,SUD,94.800000,15
20251230,4,MGP,SUD,94.800000,16
20251230,5,MGP,SUD,98.500000,17
20251230,5,MGP,SUD,98.500000,18
20251230,5,MGP,SUD,98.500000,19
20251230,5,MGP,SUD,98.500000,20
20251230,6,MGP,SUD,99.640000,21
20251230,6,MGP,SUD,99.640000,22
20251230,6,MGP,SUD,99.640000,23
20251230,6,MGP,SUD,106.100000,24
20251230,7,MGP,SUD,99.640000,25
20251230,7,MGP,SUD,105.000000,26
20251230,7,MGP,SUD,105.000000,27
20251230,7,MGP,SUD,109.770000,28
20251230,8,MGP,SUD,109.770000,29
20251230,8,MGP,SUD,117.720000,30
20251230,8,MGP,SUD,120.280000,31
20251230,8,MGP,SUD,120.280000,32
20251230,9,MGP,SUD,124.500000,33
20251230,9,MGP,SUD,128.840000,34
20251230,9,MGP,SUD,122.210000,35
20251230,9,MGP,SUD,120.280000,36
20251230,10,MGP,SUD,125.910000,37
20251230,10,MGP,SUD,122.210000,38
20251230,10,MGP,SUD,117.720000,39
20251230,10,MGP,SUD,115.000000,40
20251230,11,MGP,SUD,113.460000,41
20251230,11,MGP,SUD,109.770000,42
20251230,11,MGP,SUD,109.130000,43
20251230,11,MGP,SUD,99.640000,44
20251230,12,MGP,SUD,109.130000,45
20251230,12,MGP,SUD,106.700000,46
20251230,12,MGP,SUD,100.850000,47
20251230,12,MGP,SUD,99.640000,48
20251230,13,MGP,SUD,99.640000,49
20251230,13,MGP,SUD,97.000000,50
20251230,13,MGP,SUD,92.700000,51
20251230,13,MGP,SUD,91.570000,52
20251230,14,MGP,SUD,92.700000,53
20251230,14,MGP,SUD,93.700000,54
20251230,14,MGP,SUD,96.310000,55
20251230,14,MGP,SUD,97.290000,56
20251230,15,MGP,SUD,97.000000,57
20251230,15,MGP,SUD,99.640000,58
20251230,15,MGP,SUD,100.850000,59
20251230,15,MGP,SUD,104.350000,60
20251230,16,MGP,SUD,105.000000,61
20251230,16,MGP,SUD,109.770000,62
20251230,16,MGP,SUD,111.880000,63
20251230,16,MGP,SUD,117.720000,64
20251230,17,MGP,SUD,112.500000,65
20251230,17,MGP,SUD,117.720000,66
20251230,17,MGP,SUD,117.720000,67
20251230,17,MGP,SUD,124.060000,68
20251230,18,MGP,SUD,122.210000,69
20251230,18,MGP,SUD,122.210000,70
20251230,18,MGP,SUD,122.210000,71
20251230,18,MGP,SUD,122.210000,72
20251230,19,MGP,SUD,120.400000,73
20251230,19,MGP,SUD,120.280000,74
20251230,19,MGP,SUD,120.800000,75
20251230,19,MGP,SUD,129.590000,76
20251230,20,MGP,SUD,132.500000,77
20251230,20,MGP,SUD,138.590000,78
20251230,20,MGP,SUD,131.190000,79
20251230,20,MGP,SUD,122.210000,80
20251230,21,MGP,SUD,123.950000,81
20251230,21,MGP,SUD,120.280000,82
20251230,21,MGP,SUD,119.322140,83
20251230,21,MGP,SUD,117.720000,84
20251230,22,MGP,SUD,115.857180,85
20251230,22,MGP,SUD,112.000000,86
20251230,22,MGP,SUD,112.000000,87
20251230,22,MGP,SUD,109.770000,88
20251230,23,MGP,SUD,109.770000,89
20251230,23,MGP,SUD,109.770000,90
20251230,23,MGP,SUD,109.130000,91
20251230,23,MGP,SUD,109.130000,92
20251230,24,MGP,SUD,109.130000,93
20251230,24,MGP,SUD,102.850000,94
20251230,24,MGP,SUD,99.640000,95
20251230,24,MGP,SUD,95.500000,96
20251230,1,MGP,SVIZ,109.770000,1
20251230,1,MGP,SVIZ,106.100000,2
20251230,1,MGP,SVIZ,104.890000,3
20251230,1,MGP,SVIZ,99.640000,4
20251230,2,MGP,SVIZ,100.080000,5
20251230,2,MGP,SVIZ,99.640000,6
20251230,2,MGP,SVIZ,99.640000,7
20251230,2,MGP,SVIZ,99.640000,8
20251230,3,MGP,SVIZ,99.540000,9
20251230,3,MGP,SVIZ,99.640000,10
20251230,3,MGP,SVIZ,98.850000,11
20251230,3,MGP,SVIZ,98.850000,12
20251230,4,MGP,SVIZ,96.850000,13
20251230,4,MGP,SVIZ,94.800000,14
20251230,4,MGP,SVIZ,94.800000,15
20251230,4,MGP,SVIZ,94.800000,16
20251230,5,MGP,SVIZ,98.500000,17
20251230,5,MGP,SVIZ,98.500000,18
20251230,5,MGP,SVIZ,98.500000,19
20251230,5,MGP,SVIZ,98.500000,20
20251230,6,MGP,SVIZ,99.640000,21
20251230,6,MGP,SVIZ,99.640000,22
20251230,6,MGP,SVIZ,99.640000,23
20251230,6,MGP,SVIZ,106.100000,24
20251230,7,MGP,SVIZ,99.640000,25
20251230,7,MGP,SVIZ,105.000000,26
20251230,7,MGP,SVIZ,105.000000,27
20251230,7,MGP,SVIZ,109.770000,28
20251230,8,MGP,SVIZ,109.770000,29
20251230,8,MGP,SVIZ,117.720000,30
20251230,8,MGP,SVIZ,120.280000,31
20251230,8,MGP,SVIZ,120.280000,32
20251230,9,MGP,SVIZ,124.500000,33
20251230,9,MGP,SVIZ,128.840000,34
20251230,9,MGP,SVIZ,122.210000,35
20251230,9,MGP,SVIZ,120.280000,36
20251230,10,MGP,SVIZ,125.910000,37
20251230,10,MGP,SVIZ,122.210000,38
20251230,10,MGP,SVIZ,117.720000,39
20251230,10,MGP,SVIZ,115.000000,40
20251230,11,MGP,SVIZ,113.460000,41
20251230,11,MGP,SVIZ,109.770000,42
20251230,11,MGP,SVIZ,109.130000,43
20251230,11,MGP,SVIZ,99.640000,44
20251230,12,MGP,SVIZ,109.130000,45
20251230,12,MGP,SVIZ,106.700000,46
20251230,12,MGP,SVIZ,100.850000,47
20251230,12,MGP,SVIZ,99.640000,48
20251230,13,MGP,SVIZ,99.640000,49
20251230,13,MGP,SVIZ,97.000000,50
20251230,13,MGP,SVIZ,92.700000,51
20251230,13,MGP,SVIZ,91.570000,52
20251230,14,MGP,SVIZ,92.700000,53
20251230,14,MGP,SVIZ,93.700000,54
20251230,14,MGP,SVIZ,96.310000,55
20251230,14,MGP,SVIZ,97.290000,56
20251230,15,MGP,SVIZ,97.000000,57
20251230,15,MGP,SVIZ,99.640000,58
20251230,15,MGP,SVIZ,100.850000,59
20251230,15,MGP,SVIZ,104.350000,60
20251230,16,MGP,SVIZ,105.000000,61
20251230,16,MGP,SVIZ,109.770000,62
20251230,16,MGP,SVIZ,111.880000,63
20251230,16,MGP,SVIZ,117.720000,64
20251230,17,MGP,SVIZ,112.500000,65
20251230,17,MGP,SVIZ,117.720000,66
20251230,17,MGP,SVIZ,117.720000,67
20251230,17,MGP,SVIZ,124.060000,68
20251230,18,MGP,SVIZ,122.210000,69
20251230,18,MGP,SVIZ,122.210000,70
20251230,18,MGP,SVIZ,122.210000,71
20251230,18,MGP,SVIZ,122.210000,72
20251230,19,MGP,SVIZ,120.400000,73
20251230,19,MGP,SVIZ,120.280000,74
20251230,19,MGP,SVIZ,120.800000,75
20251230,19,MGP,SVIZ,129.590000,76
20251230,20,MGP,SVIZ,132.500000,77
20251230,20,MGP,SVIZ,138.590000,78
20251230,20,MGP,SVIZ,131.190000,79
20251230,20,MGP,SVIZ,122.210000,80
20251230,21,MGP,SVIZ,123.950000,81
20251230,21,MGP,SVIZ,120.280000,82
20251230,21,MGP,SVIZ,119.322140,83
20251230,21,MGP,SVIZ,117.720000,84
20251230,22,MGP,SVIZ,115.857180,85
20251230,22,MGP,SVIZ,112.000000,86
20251230,22,MGP,SVIZ,112.000000,87
20251230,22,MGP,SVIZ,109.770000,88
20251230,23,MGP,SVIZ,109.770000,89
20251230,23,MGP,SVIZ,109.770000,90
20251230,23,MGP,SVIZ,109.130000,91
20251230,23,MGP,SVIZ,109.130000,92
20251230,24,MGP,SVIZ,109.130000,93
20251230,24,MGP,SVIZ,102.850000,94
20251230,24,MGP,SVIZ,99.640000,95
20251230,24,MGP,SVIZ,95.500000,96
20251230,1,MGP,XAUS,109.770000,1
20251230,1,MGP,XAUS,106.100000,2
20251230,1,MGP,XAUS,104.890000,3
20251230,1,MGP,XAUS,99.640000,4
20251230,2,MGP,XAUS,100.080000,5
20251230,2,MGP,XAUS,99.640000,6
20251230,2,MGP,XAUS,99.640000,7
20251230,2,MGP,XAUS,99.640000,8
20251230,3,MGP,XAUS,99.540000,9
20251230,3,MGP,XAUS,99.640000,10
20251230,3,MGP,XAUS,98.850000,11
20251230,3,MGP,XAUS,98.850000,12
20251230,4,MGP,XAUS,96.850000,13
20251230,4,MGP,XAUS,94.800000,14
20251230,4,MGP,XAUS,94.800000,15
20251230,4,MGP,XAUS,94.800000,16
20251230,5,MGP,XAUS,98.500000,17
20251230,5,MGP,XAUS,98.500000,18
20251230,5,MGP,XAUS,98.500000,19
20251230,5,MGP,XAUS,98.500000,20
20251230,6,MGP,XAUS,99.640000,21
20251230,6,MGP,XAUS,99.640000,22
20251230,6,MGP,XAUS,99.640000,23
20251230,6,MGP,XAUS,106.100000,24
20251230,7,MGP,XAUS,99.640000,25
20251230,7,MGP,XAUS,105.000000,26
20251230,7,MGP,XAUS,105.000000,27
20251230,7,MGP,XAUS,109.770000,28
20251230,8,MGP,XAUS,109.770000,29
20251230,8,MGP,XAUS,117.720000,30
20251230,8,MGP,XAUS,120.280000,31
20251230,8,MGP,XAUS,120.280000,32
20251230,9,MGP,XAUS,124.500000,33
20251230,9,MGP,XAUS,128.840000,34
20251230,9,MGP,XAUS,122.210000,35
20251230,9,MGP,XAUS,120.280000,36
20251230,10,MGP,XAUS,125.910000,37
20251230,10,MGP,XAUS,122.210000,38
20251230,10,MGP,XAUS,117.720000,39
20251230,10,MGP,XAUS,115.000000,40
20251230,11,MGP,XAUS,113.460000,41
20251230,11,MGP,XAUS,109.770000,42
20251230,11,MGP,XAUS,109.130000,43
20251230,11,MGP,XAUS,99.640000,44
20251230,12,MGP,XAUS,109.130000,45
20251230,12,MGP,XAUS,106.700000,46
20251230,12,MGP,XAUS,100.850000,47
20251230,12,MGP,XAUS,99.640000,48
20251230,13,MGP,XAUS,99.640000,49
20251230,13,MGP,XAUS,97.000000,50
20251230,13,MGP,XAUS,92.700000,51
20251230,13,MGP,XAUS,91.570000,52
20251230,14,MGP,XAUS,92.700000,53
20251230,14,MGP,XAUS,93.700000,54
20251230,14,MGP,XAUS,96.310000,55
20251230,14,MGP,XAUS,97.290000,56
20251230,15,MGP,XAUS,97.000000,57
20251230,15,MGP,XAUS,99.640000,58
20251230,15,MGP,XAUS,100.850000,59
20251230,15,MGP,XAUS,104.350000,60
20251230,16,MGP,XAUS,105.000000,61
20251230,16,MGP,XAUS,109.770000,62
20251230,16,MGP,XAUS,111.880000,63
20251230,16,MGP,XAUS,117.720000,64
20251230,17,MGP,XAUS,112.500000,65
20251230,17,MGP,XAUS,117.720000,66
20251230,17,MGP,XAUS,117.720000,67
20251230,17,MGP,XAUS,124.060000,68
20251230,18,MGP,XAUS,122.210000,69
20251230,18,MGP,XAUS,122.210000,70
20251230,18,MGP,XAUS,122.210000,71
20251230,18,MGP,XAUS,122.210000,72
20251230,19,MGP,XAUS,120.400000,73
20251230,19,MGP,XAUS,120.280000,74
20251230,19,MGP,XAUS,120.800000,75
20251230,19,MGP,XAUS,129.590000,76
20251230,20,MGP,XAUS,132.500000,77
20251230,20,MGP,XAUS,138.590000,78
20251230,20,MGP,XAUS,131.190000,79
20251230,20,MGP,XAUS,122.210000,80
20251230,21,MGP,XAUS,123.950000,81
20251230,21,MGP,XAUS,120.280000,82
20251230,21,MGP,XAUS,119.322140,83
20251230,21,MGP,XAUS,117.720000,84
20251230,22,MGP,XAUS,115.857180,85
20251230,22,MGP,XAUS,112.000000,86
20251230,22,MGP,XAUS,112.000000,87
20251230,22,MGP,XAUS,109.770000,88
20251230,23,MGP,XAUS,109.770000,89
20251230,23,MGP,XAUS,109.770000,90
20251230,23,MGP,XAUS,109.130000,91
20251230,23,MGP,XAUS,109.130000,92
20251230,24,MGP,XAUS,109.130000,93
20251230,24,MGP,XAUS,102.850000,94
20251230,24,MGP,XAUS,99.640000,95
20251230,24,MGP,XAUS,95.500000,96
20251230,1,MGP,XFRA,109.770000,1
20251230,1,MGP,XFRA,106.100000,2
20251230,1,MGP,XFRA,104.890000,3
20251230,1,MGP,XFRA,99.640000,4
20251230,2,MGP,XFRA,100.080000,5
20251230,2,MGP,XFRA,99.640000,6
20251230,2,MGP,XFRA,99.640000,7
20251230,2,MGP,XFRA,99.640000,8
20251230,3,MGP,XFRA,99.540000,9
20251230,3,MGP,XFRA,99.640000,10
20251230,3,MGP,XFRA,98.850000,11
20251230,3,MGP,XFRA,98.850000,12
20251230,4,MGP,XFRA,96.850000,13
20251230,4,MGP,XFRA,94.800000,14
20251230,4,MGP,XFRA,94.800000,15
20251230,4,MGP,XFRA,94.800000,16
20251230,5,MGP,XFRA,98.500000,17
20251230,5,MGP,XFRA,98.500000,18
20251230,5,MGP,XFRA,98.500000,19
20251230,5,MGP,XFRA,98.500000,20
20251230,6,MGP,XFRA,99.640000,21
20251230,6,MGP,XFRA,99.640000,22
20251230,6,MGP,XFRA,99.640000,23
20251230,6,MGP,XFRA,106.100000,24
20251230,7,MGP,XFRA,99.640000,25
20251230,7,MGP,XFRA,105.000000,26
20251230,7,MGP,XFRA,105.000000,27
20251230,7,MGP,XFRA,109.770000,28
20251230,8,MGP,XFRA,109.770000,29
20251230,8,MGP,XFRA,117.720000,30
20251230,8,MGP,XFRA,120.280000,31
20251230,8,MGP,XFRA,120.280000,32
20251230,9,MGP,XFRA,124.500000,33
20251230,9,MGP,XFRA,128.840000,34
20251230,9,MGP,XFRA,122.210000,35
20251230,9,MGP,XFRA,120.280000,36
20251230,10,MGP,XFRA,125.910000,37
20251230,10,MGP,XFRA,122.210000,38
20251230,10,MGP,XFRA,117.720000,39
20251230,10,MGP,XFRA,115.000000,40
20251230,11,MGP,XFRA,113.460000,41
20251230,11,MGP,XFRA,109.770000,42
20251230,11,MGP,XFRA,109.130000,43
20251230,11,MGP,XFRA,99.640000,44
20251230,12,MGP,XFRA,109.130000,45
20251230,12,MGP,XFRA,106.700000,46
20251230,12,MGP,XFRA,100.850000,47
20251230,12,MGP,XFRA,99.640000,48
20251230,13,MGP,XFRA,99.640000,49
20251230,13,MGP,XFRA,97.000000,50
20251230,13,MGP,XFRA,92.700000,51
20251230,13,MGP,XFRA,91.570000,52
20251230,14,MGP,XFRA,92.700000,53
20251230,14,MGP,XFRA,93.700000,54
20251230,14,MGP,XFRA,96.310000,55
20251230,14,MGP,XFRA,97.290000,56
20251230,15,MGP,XFRA,97.000000,57
20251230,15,MGP,XFRA,99.640000,58
20251230,15,MGP,XFRA,100.850000,59
20251230,15,MGP,XFRA,104.350000,60
20251230,16,MGP,XFRA,105.000000,61
20251230,16,MGP,XFRA,109.770000,62
20251230,16,MGP,XFRA,111.880000,63
20251230,16,MGP,XFRA,117.720000,64
20251230,17,MGP,XFRA,112.500000,65
20251230,17,MGP,XFRA,117.720000,66
20251230,17,MGP,XFRA,117.720000,67
20251230,17,MGP,XFRA,124.060000,68
20251230,18,MGP,XFRA,122.210000,69
20251230,18,MGP,XFRA,122.210000,70
20251230,18,MGP,XFRA,122.210000,71
20251230,18,MGP,XFRA,122.210000,72
20251230,19,MGP,XFRA,120.400000,73
20251230,19,MGP,XFRA,120.280000,74
20251230,19,MGP,XFRA,120.800000,75
20251230,19,MGP,XFRA,129.590000,76
20251230,20,MGP,XFRA,132.500000,77
20251230,20,MGP,XFRA,138.590000,78
20251230,20,MGP,XFRA,131.190000,79
20251230,20,MGP,XFRA,122.210000,80
20251230,21,MGP,XFRA,123.950000,81
20251230,21,MGP,XFRA,120.280000,82
20251230,21,MGP,XFRA,119.322140,83
20251230,21,MGP,XFRA,117.720000,84
20251230,22,MGP,XFRA,115.857180,85
20251230,22,MGP,XFRA,112.000000,86
20251230,22,MGP,XFRA,112.000000,87
20251230,22,MGP,XFRA,109.770000,88
20251230,23,MGP,XFRA,109.770000,89
20251230,23,MGP,XFRA,109.770000,90
20251230,23,MGP,XFRA,109.130000,91
20251230,23,MGP,XFRA,109.130000,92
20251230,24,MGP,XFRA,109.130000,93
20251230,24,MGP,XFRA,102.850000,94
20251230,24,MGP,XFRA,99.640000,95
20251230,24,MGP,XFRA,95.500000,96
20251230,1,MGP,XGRE,109.770000,1
20251230,1,MGP,XGRE,106.100000,2
20251230,1,MGP,XGRE,104.890000,3
20251230,1,MGP,XGRE,99.640000,4
20251230,2,MGP,XGRE,100.080000,5
20251230,2,MGP,XGRE,99.640000,6
20251230,2,MGP,XGRE,99.640000,7
20251230,2,MGP,XGRE,99.640000,8
20251230,3,MGP,XGRE,99.540000,9
20251230,3,MGP,XGRE,99.640000,10
20251230,3,MGP,XGRE,98.850000,11
20251230,3,MGP,XGRE,98.850000,12
20251230,4,MGP,XGRE,96.850000,13
20251230,4,MGP,XGRE,94.800000,14
20251230,4,MGP,XGRE,94.800000,15
20251230,4,MGP,XGRE,94.800000,16
20251230,5,MGP,XGRE,98.500000,17
20251230,5,MGP,XGRE,98.500000,18
20251230,5,MGP,XGRE,98.500000,19
20251230,5,MGP,XGRE,98.500000,20
20251230,6,MGP,XGRE,99.640000,21
20251230,6,MGP,XGRE,99.640000,22
20251230,6,MGP,XGRE,99.640000,23
20251230,6,MGP,XGRE,106.100000,24
20251230,7,MGP,XGRE,99.640000,25
20251230,7,MGP,XGRE,105.000000,26
20251230,7,MGP,XGRE,105.000000,27
20251230,7,MGP,XGRE,109.770000,28
20251230,8,MGP,XGRE,109.770000,29
20251230,8,MGP,XGRE,117.720000,30
20251230,8,MGP,XGRE,120.280000,31
20251230,8,MGP,XGRE,120.280000,32
20251230,9,MGP,XGRE,124.500000,33
20251230,9,MGP,XGRE,128.840000,34
20251230,9,MGP,XGRE,122.210000,35
20251230,9,MGP,XGRE,120.280000,36
20251230,10,MGP,XGRE,125.910000,37
20251230,10,MGP,XGRE,122.210000,38
20251230,10,MGP,XGRE,117.720000,39
20251230,10,MGP,XGRE,115.000000,40
20251230,11,MGP,XGRE,113.460000,41
20251230,11,MGP,XGRE,109.770000,42
20251230,11,MGP,XGRE,109.130000,43
20251230,11,MGP,XGRE,99.640000,44
20251230,12,MGP,XGRE,109.130000,45
20251230,12,MGP,XGRE,106.700000,46
20251230,12,MGP,XGRE,100.850000,47
20251230,12,MGP,XGRE,99.640000,48
20251230,13,MGP,XGRE,99.640000,49
20251230,13,MGP,XGRE,97.000000,50
20251230,13,MGP,XGRE,92.700000,51
20251230,13,MGP,XGRE,91.570000,52
20251230,14,MGP,XGRE,92.700000,53
20251230,14,MGP,XGRE,93.700000,54
20251230,14,MGP,XGRE,96.310000,55
20251230,14,MGP,XGRE,97.290000,56
20251230,15,MGP,XGRE,97.000000,57
20251230,15,MGP,XGRE,99.640000,58
20251230,15,MGP,XGRE,100.850000,59
20251230,15,MGP,XGRE,104.350000,60
20251230,16,MGP,XGRE,105.000000,61
20251230,16,MGP,XGRE,109.770000,62
20251230,16,MGP,XGRE,111.880000,63
20251230,16,MGP,XGRE,117.720000,64
20251230,17,MGP,XGRE,112.500000,65
20251230,17,MGP,XGRE,117.720000,66
20251230,17,MGP,XGRE,117.720000,67
20251230,17,MGP,XGRE,124.060000,68
20251230,18,MGP,XGRE,122.210000,69
20251230,18,MGP,XGRE,122.210000,70
20251230,18,MGP,XGRE,122.210000,71
20251230,18,MGP,XGRE,122.210000,72
20251230,19,MGP,XGRE,120.400000,73
20251230,19,MGP,XGRE,120.280000,74
20251230,19,MGP,XGRE,120.800000,75
20251230,19,MGP,XGRE,129.590000,76
20251230,20,MGP,XGRE,132.500000,77
20251230,20,MGP,XGRE,138.590000,78
20251230,20,MGP,XGRE,131.190000,79
20251230,20,MGP,XGRE,122.210000,80
20251230,21,MGP,XGRE,123.950000,81
20251230,21,MGP,XGRE,120.280000,82
20251230,21,MGP,XGRE,119.322140,83
20251230,21,MGP,XGRE,117.720000,84
20251230,22,MGP,XGRE,115.857180,85
20251230,22,MGP,XGRE,112.000000,86
20251230,22,MGP,XGRE,112.000000,87
20251230,22,MGP,XGRE,109.770000,88
20251230,23,MGP,XGRE,109.770000,89
20251230,23,MGP,XGRE,109.770000,90
20251230,23,MGP,XGRE,109.130000,91
20251230,23,MGP,XGRE,109.130000,92
20251230,24,MGP,XGRE,109.130000,93
20251230,24,MGP,XGRE,102.850000,94
20251230,24,MGP,XGRE,99.640000,95
20251230,24,MGP,XGRE,95.500000,96
