flowdate,hour,period,zone,volumespurchased,volumessold,minimumpurchasingprice,averagepurchasingprice,maximumsellingprice,averagesellingprice
20251220,8,31,AUST,0.000000,0.000000,null,null,null,null
20251220,8,32,AUST,0.000000,0.000000,null,null,null,null
20251220,9,33,AUST,0.000000,0.000000,null,null,null,null
20251220,9,34,AUST,0.000000,0.000000,null,null,null,null
20251220,9,35,AUST,0.000000,0.000000,null,null,null,null
20251220,9,36,AUST,0.000000,0.000000,null,null,null,null
20251220,10,37,AUST,0.000000,0.000000,null,null,null,null
20251220,10,38,AUST,0.000000,0.000000,null,null,null,null
20251220,10,39,AUST,0.000000,0.000000,null,null,null,null
20251220,10,40,AUST,0.000000,0.000000,null,null,null,null
20251220,11,41,AUST,0.000000,0.000000,null,null,null,null
20251220,11,42,AUST,0.000000,0.000000,null,null,null,null
20251220,11,43,AUST,0.000000,0.000000,null,null,null,null
20251220,11,44,AUST,0.000000,0.000000,null,null,null,null
20251220,12,45,AUST,0.000000,0.000000,null,null,null,null
20251220,12,46,AUST,0.000000,0.000000,null,null,null,null
20251220,12,47,AUST,0.000000,0.000000,null,null,null,null
20251220,12,48,AUST,0.000000,0.000000,null,null,null,null
20251220,13,49,AUST,0.000000,0.000000,null,null,null,null
20251220,13,50,AUST,0.000000,0.000000,null,null,null,null
20251220,14,53,AUST,0.000000,0.000000,null,null,null,null
20251220,14,54,AUST,0.000000,0.000000,null,null,null,null
20251220,14,55,AUST,0.000000,0.000000,null,null,null,null
20251220,14,56,AUST,0.000000,0.000000,null,null,null,null
20251220,15,57,AUST,0.000000,0.000000,null,null,null,null
20251220,15,58,AUST,0.000000,0.000000,null,null,null,null
20251220,15,59,AUST,0.000000,0.000000,null,null,null,null
20251220,15,60,AUST,0.000000,0.000000,null,null,null,null
20251220,16,61,AUST,0.000000,0.000000,null,null,null,null
20251220,16,62,AUST,0.000000,0.000000,null,null,null,null
20251220,16,63,AUST,0.000000,0.000000,null,null,null,null
20251220,16,64,AUST,0.000000,0.000000,null,null,null,null
20251220,17,65,AUST,0.000000,0.000000,null,null,null,null
20251220,17,66,AUST,0.000000,0.000000,null,null,null,null
20251220,17,67,AUST,0.000000,0.000000,null,null,null,null
20251220,17,68,AUST,0.000000,0.000000,null,null,null,null
20251220,18,69,AUST,0.000000,0.000000,null,null,null,null
20251220,18,70,AUST,0.000000,0.000000,null,null,null,null
20251220,18,71,AUST,0.000000,0.000000,null,null,null,null
20251220,18,72,AUST,0.000000,0.000000,null,null,null,null
20251220,19,73,AUST,0.000000,0.000000,null,null,null,null
20251220,19,74,AUST,0.000000,0.000000,null,null,null,null
20251220,19,75,AUST,0.000000,0.000000,null,null,null,null
20251220,19,76,AUST,0.000000,0.000000,null,null,null,null
20251220,20,77,AUST,0.000000,0.000000,null,null,null,null
20251220,20,78,AUST,0.000000,0.000000,null,null,null,null
20251220,20,79,AUST,0.000000,0.000000,null,null,null,null
20251220,20,80,AUST,0.000000,0.000000,null,null,null,null
20251220,21,81,AUST,0.000000,0.000000,null,null,null,null
20251220,21,82,AUST,0.000000,0.000000,null,null,null,null
20251220,21,84,AUST,0.000000,0.000000,null,null,null,null
20251220,22,85,AUST,0.000000,0.000000,null,null,null,null
20251220,22,86,AUST,0.000000,0.000000,null,null,null,null
20251220,8,31,CALA,0.000000,0.000000,null,null,null,null
20251220,8,32,CALA,0.000000,0.000000,null,null,null,null
20251220,9,33,CALA,0.000000,0.000000,null,null,null,null
20251220,9,34,CALA,0.000000,0.000000,null,null,null,null
20251220,9,35,CALA,0.000000,0.000000,null,null,null,null
20251220,9,36,CALA,0.000000,0.000000,null,null,null,null
20251220,10,37,CALA,0.000000,0.000000,null,null,null,null
20251220,10,38,CALA,0.000000,0.000000,null,null,null,null
20251220,10,39,CALA,0.000000,0.000000,null,null,null,null
20251220,10,40,CALA,0.000000,0.000000,null,null,null,null
20251220,11,41,CALA,0.000000,0.000000,null,null,null,null
20251220,11,42,CALA,0.000000,0.000000,null,null,null,null
20251220,11,43,CALA,0.000000,0.000000,null,null,null,null
20251220,11,44,CALA,0.000000,0.000000,null,null,null,null
20251220,12,45,CALA,0.000000,0.000000,null,null,null,null
20251220,12,46,CALA,0.000000,0.000000,null,null,null,null
20251220,12,47,CALA,0.000000,0.000000,null,null,null,null
20251220,12,48,CALA,0.000000,0.000000,null,null,null,null
20251220,13,49,CALA,0.000000,0.000000,null,null,null,null
20251220,13,50,CALA,0.000000,0.000000,null,null,null,null
20251220,14,53,CALA,0.000000,0.000000,null,null,null,null
20251220,14,54,CALA,0.000000,0.000000,null,null,null,null
20251220,14,55,CALA,0.000000,0.000000,null,null,null,null
20251220,14,56,CALA,0.000000,0.000000,null,null,null,null
20251220,15,57,CALA,0.000000,0.000000,null,null,null,null
20251220,15,58,CALA,0.000000,0.000000,null,null,null,null
20251220,15,59,CALA,0.000000,0.000000,null,null,null,null
20251220,15,60,CALA,0.000000,0.000000,null,null,null,null
20251220,16,61,CALA,0.000000,0.000000,null,null,null,null
20251220,16,62,CALA,0.000000,0.000000,null,null,null,null
20251220,16,63,CALA,0.000000,0.000000,null,null,null,null
20251220,16,64,CALA,0.000000,0.000000,null,null,null,null
20251220,17,65,CALA,0.000000,0.000000,null,null,null,null
20251220,17,66,CALA,0.000000,0.000000,null,null,null,null
20251220,17,67,CALA,0.000000,0.000000,null,null,null,null
20251220,17,68,CALA,0.000000,0.000000,null,null,null,null
20251220,18,69,CALA,0.000000,0.000000,null,null,null,null
20251220,18,70,CALA,0.000000,0.000000,null,null,null,null
20251220,18,71,CALA,0.000000,0.000000,null,null,null,null
20251220,18,72,CALA,0.000000,0.000000,null,null,null,null
20251220,19,73,CALA,0.000000,0.000000,null,null,null,null
20251220,19,74,CALA,0.000000,0.000000,null,null,null,null
20251220,19,75,CALA,0.000000,0.000000,null,null,null,null
20251220,19,76,CALA,0.000000,0.000000,null,null,null,null
20251220,20,77,CALA,0.000000,0.000000,null,null,null,null
20251220,20,78,CALA,0.000000,0.000000,null,null,null,null
20251220,20,79,CALA,0.000000,0.000000,null,null,null,null
20251220,20,80,CALA,0.000000,0.000000,null,null,null,null
20251220,21,81,CALA,0.000000,0.000000,null,null,null,null
20251220,21,82,CALA,0.000000,0.000000,null,null,null,null
20251220,21,84,CALA,0.000000,0.000000,null,null,null,null
20251220,22,85,CALA,0.000000,0.000000,null,null,null,null
20251220,22,86,CALA,0.000000,0.000000,null,null,null,null
20251220,8,31,CNOR,0.000000,0.000000,null,null,null,null
20251220,8,32,CNOR,78.000000,0.000000,88.000000,88.000000,null,null
20251220,9,33,CNOR,78.000000,0.000000,88.000000,88.000000,null,null
20251220,9,34,CNOR,78.000000,0.000000,88.000000,88.000000,null,null
20251220,9,35,CNOR,78.000000,0.000000,88.000000,88.000000,null,null
20251220,9,36,CNOR,78.000000,0.000000,88.000000,88.000000,null,null
20251220,10,37,CNOR,78.000000,0.000000,88.000000,88.000000,null,null
20251220,10,38,CNOR,78.000000,0.000000,88.000000,88.000000,null,null
20251220,10,39,CNOR,78.000000,0.000000,88.000000,88.000000,null,null
20251220,10,40,CNOR,78.000000,0.000000,88.000000,88.000000,null,null
20251220,11,41,CNOR,78.000000,0.000000,88.000000,88.000000,null,null
20251220,11,42,CNOR,78.000000,0.000000,88.000000,88.000000,null,null
20251220,11,43,CNOR,78.000000,0.000000,88.000000,88.000000,null,null
20251220,11,44,CNOR,78.000000,0.000000,88.000000,88.000000,null,null
20251220,12,45,CNOR,78.000000,0.000000,88.000000,88.000000,null,null
20251220,12,46,CNOR,78.000000,0.000000,88.000000,88.000000,null,null
20251220,12,47,CNOR,78.000000,0.000000,88.000000,88.000000,null,null
20251220,12,48,CNOR,78.000000,0.000000,88.000000,88.000000,null,null
20251220,13,49,CNOR,0.000000,0.000000,null,null,null,null
20251220,13,50,CNOR,0.000000,0.000000,null,null,null,null
20251220,14,53,CNOR,36.000000,0.000000,88.000000,88.000000,null,null
20251220,14,54,CNOR,0.000000,0.000000,null,null,null,null
20251220,14,55,CNOR,0.000000,0.000000,null,null,null,null
20251220,14,56,CNOR,23.650000,0.000000,88.000000,88.000000,null,null
20251220,15,57,CNOR,1.000000,0.000000,88.000000,88.000000,null,null
20251220,15,58,CNOR,14.960000,0.000000,88.000000,88.000000,null,null
20251220,15,59,CNOR,72.895000,0.000000,88.000000,88.000000,null,null
20251220,15,60,CNOR,0.000000,0.000000,null,null,null,null
20251220,16,61,CNOR,56.590000,0.000000,88.000000,88.000000,null,null
20251220,16,62,CNOR,16.490000,0.000000,88.000000,88.000000,null,null
20251220,16,63,CNOR,78.000000,0.000000,88.000000,88.000000,null,null
20251220,16,64,CNOR,78.000000,0.000000,88.000000,88.000000,null,null
20251220,17,65,CNOR,78.000000,0.000000,88.000000,88.000000,null,null
20251220,17,66,CNOR,76.187000,0.000000,88.000000,88.000000,null,null
20251220,17,67,CNOR,78.000000,0.000000,88.000000,88.000000,null,null
20251220,17,68,CNOR,29.600000,0.000000,88.000000,88.000000,null,null
20251220,18,69,CNOR,78.000000,0.000000,88.000000,88.000000,null,null
20251220,18,70,CNOR,78.000000,0.000000,88.000000,88.000000,null,null
20251220,18,71,CNOR,78.000000,0.000000,88.000000,88.000000,null,null
20251220,18,72,CNOR,20.100000,0.000000,88.000000,88.000000,null,null
20251220,19,73,CNOR,23.500000,0.000000,88.000000,88.000000,null,null
20251220,19,74,CNOR,0.000000,0.000000,null,null,null,null
20251220,19,75,CNOR,78.000000,0.000000,88.000000,88.000000,null,null
20251220,19,76,CNOR,78.000000,0.000000,88.000000,88.000000,null,null
20251220,20,77,CNOR,72.018000,0.000000,88.000000,88.000000,null,null
20251220,20,78,CNOR,78.000000,0.000000,88.000000,88.000000,null,null
20251220,20,79,CNOR,78.000000,0.000000,88.000000,88.000000,null,null
20251220,20,80,CNOR,78.000000,0.000000,88.000000,88.000000,null,null
20251220,21,81,CNOR,0.000000,0.000000,null,null,null,null
20251220,21,82,CNOR,0.000000,0.000000,null,null,null,null
20251220,21,84,CNOR,0.000000,0.000000,null,null,null,null
20251220,22,85,CNOR,0.000000,0.000000,null,null,null,null
20251220,22,86,CNOR,0.000000,0.000000,null,null,null,null
20251220,8,31,COAC,0.000000,0.000000,null,null,null,null
20251220,8,32,COAC,0.000000,0.000000,null,null,null,null
20251220,9,33,COAC,0.000000,0.000000,null,null,null,null
20251220,9,34,COAC,0.000000,0.000000,null,null,null,null
20251220,9,35,COAC,0.000000,0.000000,null,null,null,null
20251220,9,36,COAC,0.000000,0.000000,null,null,null,null
20251220,10,37,COAC,0.000000,0.000000,null,null,null,null
20251220,10,38,COAC,0.000000,0.000000,null,null,null,null
20251220,10,39,COAC,0.000000,0.000000,null,null,null,null
20251220,10,40,COAC,0.000000,0.000000,null,null,null,null
20251220,11,41,COAC,0.000000,0.000000,null,null,null,null
20251220,11,42,COAC,0.000000,0.000000,null,null,null,null
20251220,11,43,COAC,0.000000,0.000000,null,null,null,null
20251220,11,44,COAC,0.000000,0.000000,null,null,null,null
20251220,12,45,COAC,0.000000,0.000000,null,null,null,null
20251220,12,46,COAC,0.000000,0.000000,null,null,null,null
20251220,12,47,COAC,0.000000,0.000000,null,null,null,null
20251220,12,48,COAC,0.000000,0.000000,null,null,null,null
20251220,13,49,COAC,0.000000,0.000000,null,null,null,null
20251220,13,50,COAC,0.000000,0.000000,null,null,null,null
20251220,14,53,COAC,0.000000,0.000000,null,null,null,null
20251220,14,54,COAC,0.000000,0.000000,null,null,null,null
20251220,14,55,COAC,0.000000,0.000000,null,null,null,null
20251220,14,56,COAC,0.000000,0.000000,null,null,null,null
20251220,15,57,COAC,0.000000,0.000000,null,null,null,null
20251220,15,58,COAC,0.000000,0.000000,null,null,null,null
20251220,15,59,COAC,0.000000,0.000000,null,null,null,null
20251220,15,60,COAC,0.000000,0.000000,null,null,null,null
20251220,16,61,COAC,0.000000,0.000000,null,null,null,null
20251220,16,62,COAC,0.000000,0.000000,null,null,null,null
20251220,16,63,COAC,0.000000,0.000000,null,null,null,null
20251220,16,64,COAC,0.000000,0.000000,null,null,null,null
20251220,17,65,COAC,0.000000,0.000000,null,null,null,null
20251220,17,66,COAC,0.000000,0.000000,null,null,null,null
20251220,17,67,COAC,0.000000,0.000000,null,null,null,null
20251220,17,68,COAC,0.000000,0.000000,null,null,null,null
20251220,18,69,COAC,0.000000,0.000000,null,null,null,null
20251220,18,70,COAC,0.000000,0.000000,null,null,null,null
20251220,18,71,COAC,0.000000,0.000000,null,null,null,null
20251220,18,72,COAC,0.000000,0.000000,null,null,null,null
20251220,19,73,COAC,0.000000,0.000000,null,null,null,null
20251220,19,74,COAC,0.000000,0.000000,null,null,null,null
20251220,19,75,COAC,0.000000,0.000000,null,null,null,null
20251220,19,76,COAC,0.000000,0.000000,null,null,null,null
20251220,20,77,COAC,0.000000,0.000000,null,null,null,null
20251220,20,78,COAC,0.000000,0.000000,null,null,null,null
20251220,20,79,COAC,0.000000,0.000000,null,null,null,null
20251220,20,80,COAC,0.000000,0.000000,null,null,null,null
20251220,21,81,COAC,0.000000,0.000000,null,null,null,null
20251220,21,82,COAC,0.000000,0.000000,null,null,null,null
20251220,21,84,COAC,0.000000,0.000000,null,null,null,null
20251220,22,85,COAC,0.000000,0.000000,null,null,null,null
20251220,22,86,COAC,0.000000,0.000000,null,null,null,null
20251220,8,31,CORS,0.000000,0.000000,null,null,null,null
20251220,8,32,CORS,0.000000,0.000000,null,null,null,null
20251220,9,33,CORS,0.000000,0.000000,null,null,null,null
20251220,9,34,CORS,0.000000,0.000000,null,null,null,null
20251220,9,35,CORS,0.000000,0.000000,null,null,null,null
20251220,9,36,CORS,0.000000,0.000000,null,null,null,null
20251220,10,37,CORS,0.000000,0.000000,null,null,null,null
20251220,10,38,CORS,0.000000,0.000000,null,null,null,null
20251220,10,39,CORS,0.000000,0.000000,null,null,null,null
20251220,10,40,CORS,0.000000,0.000000,null,null,null,null
20251220,11,41,CORS,0.000000,0.000000,null,null,null,null
20251220,11,42,CORS,0.000000,0.000000,null,null,null,null
20251220,11,43,CORS,0.000000,0.000000,null,null,null,null
20251220,11,44,CORS,0.000000,0.000000,null,null,null,null
20251220,12,45,CORS,0.000000,0.000000,null,null,null,null
20251220,12,46,CORS,0.000000,0.000000,null,null,null,null
20251220,12,47,CORS,0.000000,0.000000,null,null,null,null
20251220,12,48,CORS,0.000000,0.000000,null,null,null,null
20251220,13,49,CORS,0.000000,0.000000,null,null,null,null
20251220,13,50,CORS,0.000000,0.000000,null,null,null,null
20251220,14,53,CORS,0.000000,0.000000,null,null,null,null
20251220,14,54,CORS,0.000000,0.000000,null,null,null,null
20251220,14,55,CORS,0.000000,0.000000,null,null,null,null
20251220,14,56,CORS,0.000000,0.000000,null,null,null,null
20251220,15,57,CORS,0.000000,0.000000,null,null,null,null
20251220,15,58,CORS,0.000000,0.000000,null,null,null,null
20251220,15,59,CORS,0.000000,0.000000,null,null,null,null
20251220,15,60,CORS,0.000000,0.000000,null,null,null,null
20251220,16,61,CORS,0.000000,0.000000,null,null,null,null
20251220,16,62,CORS,0.000000,0.000000,null,null,null,null
20251220,16,63,CORS,0.000000,0.000000,null,null,null,null
20251220,16,64,CORS,0.000000,0.000000,null,null,null,null
20251220,17,65,CORS,0.000000,0.000000,null,null,null,null
20251220,17,66,CORS,0.000000,0.000000,null,null,null,null
20251220,17,67,CORS,0.000000,0.000000,null,null,null,null
20251220,17,68,CORS,0.000000,0.000000,null,null,null,null
20251220,18,69,CORS,0.000000,0.000000,null,null,null,null
20251220,18,70,CORS,0.000000,0.000000,null,null,null,null
20251220,18,71,CORS,0.000000,0.000000,null,null,null,null
20251220,18,72,CORS,0.000000,0.000000,null,null,null,null
20251220,19,73,CORS,0.000000,0.000000,null,null,null,null
20251220,19,74,CORS,0.000000,0.000000,null,null,null,null
20251220,19,75,CORS,0.000000,0.000000,null,null,null,null
20251220,19,76,CORS,0.000000,0.000000,null,null,null,null
20251220,20,77,CORS,0.000000,0.000000,null,null,null,null
20251220,20,78,CORS,0.000000,0.000000,null,null,null,null
20251220,20,79,CORS,0.000000,0.000000,null,null,null,null
20251220,20,80,CORS,0.000000,0.000000,null,null,null,null
20251220,21,81,CORS,0.000000,0.000000,null,null,null,null
20251220,21,82,CORS,0.000000,0.000000,null,null,null,null
20251220,21,84,CORS,0.000000,0.000000,null,null,null,null
20251220,22,85,CORS,0.000000,0.000000,null,null,null,null
20251220,22,86,CORS,0.000000,0.000000,null,null,null,null
20251220,8,31,CSUD,0.000000,0.000000,null,null,null,null
20251220,8,32,CSUD,0.000000,0.000000,null,null,null,null
20251220,9,33,CSUD,0.000000,0.000000,null,null,null,null
20251220,9,34,CSUD,0.000000,0.000000,null,null,null,null
20251220,9,35,CSUD,0.000000,0.000000,null,null,null,null
20251220,9,36,CSUD,0.000000,0.000000,null,null,null,null
20251220,10,37,CSUD,0.000000,0.000000,null,null,null,null
20251220,10,38,CSUD,0.000000,0.000000,null,null,null,null
20251220,10,39,CSUD,0.000000,0.000000,null,null,null,null
20251220,10,40,CSUD,0.000000,0.000000,null,null,null,null
20251220,11,41,CSUD,0.000000,0.000000,null,null,null,null
20251220,11,42,CSUD,0.000000,0.000000,null,null,null,null
20251220,11,43,CSUD,0.000000,0.000000,null,null,null,null
20251220,11,44,CSUD,0.000000,0.000000,null,null,null,null
20251220,12,45,CSUD,0.000000,0.000000,null,null,null,null
20251220,12,46,CSUD,0.000000,0.000000,null,null,null,null
20251220,12,47,CSUD,0.000000,0.000000,null,null,null,null
20251220,12,48,CSUD,0.000000,0.000000,null,null,null,null
20251220,13,49,CSUD,0.000000,0.000000,null,null,null,null
20251220,13,50,CSUD,0.000000,0.000000,null,null,null,null
20251220,14,53,CSUD,0.000000,0.000000,null,null,null,null
20251220,14,54,CSUD,0.000000,0.000000,null,null,null,null
20251220,14,55,CSUD,26.000000,0.000000,87.130000,87.130000,null,null
20251220,14,56,CSUD,50.000000,0.000000,87.130000,87.130000,null,null
20251220,15,57,CSUD,50.000000,0.000000,87.130000,87.130000,null,null
20251220,15,58,CSUD,50.000000,0.000000,87.130000,87.130000,null,null
20251220,15,59,CSUD,50.000000,0.000000,87.130000,87.130000,null,null
20251220,15,60,CSUD,50.000000,0.000000,87.130000,87.130000,null,null
20251220,16,61,CSUD,50.000000,0.000000,87.130000,87.130000,null,null
20251220,16,62,CSUD,50.000000,0.000000,87.130000,87.130000,null,null
20251220,16,63,CSUD,50.000000,0.000000,87.130000,87.130000,null,null
20251220,16,64,CSUD,50.000000,0.000000,87.130000,87.130000,null,null
20251220,17,65,CSUD,0.000000,0.000000,null,null,null,null
20251220,17,66,CSUD,0.000000,0.000000,null,null,null,null
20251220,17,67,CSUD,0.000000,0.000000,null,null,null,null
20251220,17,68,CSUD,0.000000,0.000000,null,null,null,null
20251220,18,69,CSUD,0.000000,0.000000,null,null,null,null
20251220,18,70,CSUD,0.000000,0.000000,null,null,null,null
20251220,18,71,CSUD,0.000000,0.000000,null,null,null,null
20251220,18,72,CSUD,0.000000,0.000000,null,null,null,null
20251220,19,73,CSUD,50.000000,0.000000,86.130000,86.130000,null,null
20251220,19,74,CSUD,50.000000,0.000000,86.130000,86.130000,null,null
20251220,19,75,CSUD,50.000000,0.000000,86.130000,86.130000,null,null
20251220,19,76,CSUD,50.000000,0.000000,86.130000,86.130000,null,null
20251220,20,77,CSUD,50.000000,0.000000,86.130000,86.130000,null,null
20251220,20,78,CSUD,50.000000,0.000000,86.130000,86.130000,null,null
20251220,20,79,CSUD,50.000000,0.000000,86.130000,86.130000,null,null
20251220,20,80,CSUD,50.000000,0.000000,86.130000,86.130000,null,null
20251220,21,81,CSUD,0.000000,0.000000,null,null,null,null
20251220,21,82,CSUD,0.000000,0.000000,null,null,null,null
20251220,21,84,CSUD,0.000000,0.000000,null,null,null,null
20251220,22,85,CSUD,0.000000,0.000000,null,null,null,null
20251220,22,86,CSUD,7.950000,0.000000,86.130000,86.130000,null,null
20251220,8,31,FRAN,0.000000,0.000000,null,null,null,null
20251220,8,32,FRAN,0.000000,0.000000,null,null,null,null
20251220,9,33,FRAN,0.000000,0.000000,null,null,null,null
20251220,9,34,FRAN,0.000000,0.000000,null,null,null,null
20251220,9,35,FRAN,0.000000,0.000000,null,null,null,null
20251220,9,36,FRAN,0.000000,0.000000,null,null,null,null
20251220,10,37,FRAN,0.000000,0.000000,null,null,null,null
20251220,10,38,FRAN,0.000000,0.000000,null,null,null,null
20251220,10,39,FRAN,0.000000,0.000000,null,null,null,null
20251220,10,40,FRAN,0.000000,0.000000,null,null,null,null
20251220,11,41,FRAN,0.000000,0.000000,null,null,null,null
20251220,11,42,FRAN,0.000000,0.000000,null,null,null,null
20251220,11,43,FRAN,0.000000,0.000000,null,null,null,null
20251220,11,44,FRAN,0.000000,0.000000,null,null,null,null
20251220,12,45,FRAN,0.000000,0.000000,null,null,null,null
20251220,12,46,FRAN,0.000000,0.000000,null,null,null,null
20251220,12,47,FRAN,0.000000,0.000000,null,null,null,null
20251220,12,48,FRAN,0.000000,0.000000,null,null,null,null
20251220,13,49,FRAN,0.000000,0.000000,null,null,null,null
20251220,13,50,FRAN,0.000000,0.000000,null,null,null,null
20251220,14,53,FRAN,0.000000,0.000000,null,null,null,null
20251220,14,54,FRAN,0.000000,0.000000,null,null,null,null
20251220,14,55,FRAN,0.000000,0.000000,null,null,null,null
20251220,14,56,FRAN,0.000000,0.000000,null,null,null,null
20251220,15,57,FRAN,0.000000,0.000000,null,null,null,null
20251220,15,58,FRAN,0.000000,0.000000,null,null,null,null
20251220,15,59,FRAN,0.000000,0.000000,null,null,null,null
20251220,15,60,FRAN,0.000000,0.000000,null,null,null,null
20251220,16,61,FRAN,0.000000,0.000000,null,null,null,null
20251220,16,62,FRAN,0.000000,0.000000,null,null,null,null
20251220,16,63,FRAN,0.000000,0.000000,null,null,null,null
20251220,16,64,FRAN,0.000000,0.000000,null,null,null,null
20251220,17,65,FRAN,0.000000,0.000000,null,null,null,null
20251220,17,66,FRAN,0.000000,0.000000,null,null,null,null
20251220,17,67,FRAN,0.000000,0.000000,null,null,null,null
20251220,17,68,FRAN,0.000000,0.000000,null,null,null,null
20251220,18,69,FRAN,0.000000,0.000000,null,null,null,null
20251220,18,70,FRAN,0.000000,0.000000,null,null,null,null
20251220,18,71,FRAN,0.000000,0.000000,null,null,null,null
20251220,18,72,FRAN,0.000000,0.000000,null,null,null,null
20251220,19,73,FRAN,0.000000,0.000000,null,null,null,null
20251220,19,74,FRAN,0.000000,0.000000,null,null,null,null
20251220,19,75,FRAN,0.000000,0.000000,null,null,null,null
20251220,19,76,FRAN,0.000000,0.000000,null,null,null,null
20251220,20,77,FRAN,0.000000,0.000000,null,null,null,null
20251220,20,78,FRAN,0.000000,0.000000,null,null,null,null
20251220,20,79,FRAN,0.000000,0.000000,null,null,null,null
20251220,20,80,FRAN,0.000000,0.000000,null,null,null,null
20251220,21,81,FRAN,0.000000,0.000000,null,null,null,null
20251220,21,82,FRAN,0.000000,0.000000,null,null,null,null
20251220,21,84,FRAN,0.000000,0.000000,null,null,null,null
20251220,22,85,FRAN,0.000000,0.000000,null,null,null,null
20251220,22,86,FRAN,0.000000,0.000000,null,null,null,null
20251220,8,31,GREC,0.000000,0.000000,null,null,null,null
20251220,8,32,GREC,0.000000,0.000000,null,null,null,null
20251220,9,33,GREC,0.000000,0.000000,null,null,null,null
20251220,9,34,GREC,0.000000,0.000000,null,null,null,null
20251220,9,35,GREC,0.000000,0.000000,null,null,null,null
20251220,9,36,GREC,0.000000,0.000000,null,null,null,null
20251220,10,37,GREC,0.000000,0.000000,null,null,null,null
20251220,10,38,GREC,0.000000,0.000000,null,null,null,null
20251220,10,39,GREC,0.000000,0.000000,null,null,null,null
20251220,10,40,GREC,0.000000,0.000000,null,null,null,null
20251220,11,41,GREC,0.000000,0.000000,null,null,null,null
20251220,11,42,GREC,0.000000,0.000000,null,null,null,null
20251220,11,43,GREC,0.000000,0.000000,null,null,null,null
20251220,11,44,GREC,0.000000,0.000000,null,null,null,null
20251220,12,45,GREC,0.000000,0.000000,null,null,null,null
20251220,12,46,GREC,0.000000,0.000000,null,null,null,null
20251220,12,47,GREC,0.000000,0.000000,null,null,null,null
20251220,12,48,GREC,0.000000,0.000000,null,null,null,null
20251220,13,49,GREC,0.000000,0.000000,null,null,null,null
20251220,13,50,GREC,0.000000,0.000000,null,null,null,null
20251220,14,53,GREC,0.000000,0.000000,null,null,null,null
20251220,14,54,GREC,0.000000,0.000000,null,null,null,null
20251220,14,55,GREC,0.000000,0.000000,null,null,null,null
20251220,14,56,GREC,0.000000,0.000000,null,null,null,null
20251220,15,57,GREC,0.000000,0.000000,null,null,null,null
20251220,15,58,GREC,0.000000,0.000000,null,null,null,null
20251220,15,59,GREC,0.000000,0.000000,null,null,null,null
20251220,15,60,GREC,0.000000,0.000000,null,null,null,null
20251220,16,61,GREC,0.000000,0.000000,null,null,null,null
20251220,16,62,GREC,0.000000,0.000000,null,null,null,null
20251220,16,63,GREC,0.000000,0.000000,null,null,null,null
20251220,16,64,GREC,0.000000,0.000000,null,null,null,null
20251220,17,65,GREC,0.000000,0.000000,null,null,null,null
20251220,17,66,GREC,0.000000,0.000000,null,null,null,null
20251220,17,67,GREC,0.000000,0.000000,null,null,null,null
20251220,17,68,GREC,0.000000,0.000000,null,null,null,null
20251220,18,69,GREC,0.000000,0.000000,null,null,null,null
20251220,18,70,GREC,0.000000,0.000000,null,null,null,null
20251220,18,71,GREC,0.000000,0.000000,null,null,null,null
20251220,18,72,GREC,0.000000,0.000000,null,null,null,null
20251220,19,73,GREC,0.000000,0.000000,null,null,null,null
20251220,19,74,GREC,0.000000,0.000000,null,null,null,null
20251220,19,75,GREC,0.000000,0.000000,null,null,null,null
20251220,19,76,GREC,0.000000,0.000000,null,null,null,null
20251220,20,77,GREC,0.000000,0.000000,null,null,null,null
20251220,20,78,GREC,0.000000,0.000000,null,null,null,null
20251220,20,79,GREC,0.000000,0.000000,null,null,null,null
20251220,20,80,GREC,0.000000,0.000000,null,null,null,null
20251220,21,81,GREC,0.000000,0.000000,null,null,null,null
20251220,21,82,GREC,0.000000,0.000000,null,null,null,null
20251220,21,84,GREC,0.000000,0.000000,null,null,null,null
20251220,22,85,GREC,0.000000,0.000000,null,null,null,null
20251220,22,86,GREC,0.000000,0.000000,null,null,null,null
20251220,8,31,MALT,0.000000,0.000000,null,null,null,null
20251220,8,32,MALT,0.000000,0.000000,null,null,null,null
20251220,9,33,MALT,0.000000,0.000000,null,null,null,null
20251220,9,34,MALT,0.000000,0.000000,null,null,null,null
20251220,9,35,MALT,0.000000,0.000000,null,null,null,null
20251220,9,36,MALT,0.000000,0.000000,null,null,null,null
20251220,10,37,MALT,0.000000,0.000000,null,null,null,null
20251220,10,38,MALT,0.000000,0.000000,null,null,null,null
20251220,10,39,MALT,0.000000,0.000000,null,null,null,null
20251220,10,40,MALT,0.000000,0.000000,null,null,null,null
20251220,11,41,MALT,0.000000,0.000000,null,null,null,null
20251220,11,42,MALT,0.000000,0.000000,null,null,null,null
20251220,11,43,MALT,0.000000,0.000000,null,null,null,null
20251220,11,44,MALT,0.000000,0.000000,null,null,null,null
20251220,12,45,MALT,0.000000,0.000000,null,null,null,null
20251220,12,46,MALT,0.000000,0.000000,null,null,null,null
20251220,12,47,MALT,0.000000,0.000000,null,null,null,null
20251220,12,48,MALT,0.000000,0.000000,null,null,null,null
20251220,13,49,MALT,0.000000,0.000000,null,null,null,null
20251220,13,50,MALT,0.000000,0.000000,null,null,null,null
20251220,14,53,MALT,0.000000,0.000000,null,null,null,null
20251220,14,54,MALT,0.000000,0.000000,null,null,null,null
20251220,14,55,MALT,0.000000,0.000000,null,null,null,null
20251220,14,56,MALT,0.000000,0.000000,null,null,null,null
20251220,15,57,MALT,0.000000,0.000000,null,null,null,null
20251220,15,58,MALT,0.000000,0.000000,null,null,null,null
20251220,15,59,MALT,0.000000,0.000000,null,null,null,null
20251220,15,60,MALT,0.000000,0.000000,null,null,null,null
20251220,16,61,MALT,0.000000,0.000000,null,null,null,null
20251220,16,62,MALT,0.000000,0.000000,null,null,null,null
20251220,16,63,MALT,0.000000,0.000000,null,null,null,null
20251220,16,64,MALT,0.000000,0.000000,null,null,null,null
20251220,17,65,MALT,0.000000,0.000000,null,null,null,null
20251220,17,66,MALT,0.000000,0.000000,null,null,null,null
20251220,17,67,MALT,0.000000,0.000000,null,null,null,null
20251220,17,68,MALT,0.000000,0.000000,null,null,null,null
20251220,18,69,MALT,0.000000,0.000000,null,null,null,null
20251220,18,70,MALT,0.000000,0.000000,null,null,null,null
20251220,18,71,MALT,0.000000,0.000000,null,null,null,null
20251220,18,72,MALT,0.000000,0.000000,null,null,null,null
20251220,19,73,MALT,0.000000,0.000000,null,null,null,null
20251220,19,74,MALT,0.000000,0.000000,null,null,null,null
20251220,19,75,MALT,0.000000,0.000000,null,null,null,null
20251220,19,76,MALT,0.000000,0.000000,null,null,null,null
20251220,20,77,MALT,0.000000,0.000000,null,null,null,null
20251220,20,78,MALT,0.000000,0.000000,null,null,null,null
20251220,20,79,MALT,0.000000,0.000000,null,null,null,null
20251220,20,80,MALT,0.000000,0.000000,null,null,null,null
20251220,21,81,MALT,0.000000,0.000000,null,null,null,null
20251220,21,82,MALT,0.000000,0.000000,null,null,null,null
20251220,21,84,MALT,0.000000,0.000000,null,null,null,null
20251220,22,85,MALT,0.000000,0.000000,null,null,null,null
20251220,22,86,MALT,0.000000,0.000000,null,null,null,null
20251220,8,31,MONT,0.000000,0.000000,null,null,null,null
20251220,8,32,MONT,0.000000,0.000000,null,null,null,null
20251220,9,33,MONT,0.000000,0.000000,null,null,null,null
20251220,9,34,MONT,0.000000,0.000000,null,null,null,null
20251220,9,35,MONT,0.000000,0.000000,null,null,null,null
20251220,9,36,MONT,0.000000,0.000000,null,null,null,null
20251220,10,37,MONT,0.000000,0.000000,null,null,null,null
20251220,10,38,MONT,0.000000,0.000000,null,null,null,null
20251220,10,39,MONT,0.000000,0.000000,null,null,null,null
20251220,10,40,MONT,0.000000,0.000000,null,null,null,null
20251220,11,41,MONT,0.000000,0.000000,null,null,null,null
20251220,11,42,MONT,0.000000,0.000000,null,null,null,null
20251220,11,43,MONT,0.000000,0.000000,null,null,null,null
20251220,11,44,MONT,0.000000,0.000000,null,null,null,null
20251220,12,45,MONT,0.000000,0.000000,null,null,null,null
20251220,12,46,MONT,0.000000,0.000000,null,null,null,null
20251220,12,47,MONT,0.000000,0.000000,null,null,null,null
20251220,12,48,MONT,0.000000,0.000000,null,null,null,null
20251220,13,49,MONT,0.000000,0.000000,null,null,null,null
20251220,13,50,MONT,0.000000,0.000000,null,null,null,null
20251220,14,53,MONT,0.000000,0.000000,null,null,null,null
20251220,14,54,MONT,0.000000,0.000000,null,null,null,null
20251220,14,55,MONT,0.000000,0.000000,null,null,null,null
20251220,14,56,MONT,0.000000,0.000000,null,null,null,null
20251220,15,57,MONT,0.000000,0.000000,null,null,null,null
20251220,15,58,MONT,0.000000,0.000000,null,null,null,null
20251220,15,59,MONT,0.000000,0.000000,null,null,null,null
20251220,15,60,MONT,0.000000,0.000000,null,null,null,null
20251220,16,61,MONT,0.000000,0.000000,null,null,null,null
20251220,16,62,MONT,0.000000,0.000000,null,null,null,null
20251220,16,63,MONT,0.000000,0.000000,null,null,null,null
20251220,16,64,MONT,0.000000,0.000000,null,null,null,null
20251220,17,65,MONT,0.000000,0.000000,null,null,null,null
20251220,17,66,MONT,0.000000,0.000000,null,null,null,null
20251220,17,67,MONT,0.000000,0.000000,null,null,null,null
20251220,17,68,MONT,0.000000,0.000000,null,null,null,null
20251220,18,69,MONT,0.000000,0.000000,null,null,null,null
20251220,18,70,MONT,0.000000,0.000000,null,null,null,null
20251220,18,71,MONT,0.000000,0.000000,null,null,null,null
20251220,18,72,MONT,0.000000,0.000000,null,null,null,null
20251220,19,73,MONT,0.000000,0.000000,null,null,null,null
20251220,19,74,MONT,0.000000,0.000000,null,null,null,null
20251220,19,75,MONT,0.000000,0.000000,null,null,null,null
20251220,19,76,MONT,0.000000,0.000000,null,null,null,null
20251220,20,77,MONT,0.000000,0.000000,null,null,null,null
20251220,20,78,MONT,0.000000,0.000000,null,null,null,null
20251220,20,79,MONT,0.000000,0.000000,null,null,null,null
20251220,20,80,MONT,0.000000,0.000000,null,null,null,null
20251220,21,81,MONT,0.000000,0.000000,null,null,null,null
20251220,21,82,MONT,0.000000,0.000000,null,null,null,null
20251220,21,84,MONT,0.000000,0.000000,null,null,null,null
20251220,22,85,MONT,0.000000,0.000000,null,null,null,null
20251220,22,86,MONT,0.000000,0.000000,null,null,null,null
20251220,8,31,NORD,29.989000,0.000000,72.100000,72.100000,null,null
20251220,8,32,NORD,106.989000,0.000000,72.100000,75.367860,null,null
20251220,9,33,NORD,180.100000,0.000000,72.100000,80.495835,null,null
20251220,9,34,NORD,291.410000,0.000000,72.100000,81.455204,null,null
20251220,9,35,NORD,234.000000,0.000000,72.100000,83.750427,null,null
20251220,9,36,NORD,188.632000,0.000000,81.000000,85.638661,null,null
20251220,10,37,NORD,138.000000,0.000000,72.100000,86.601234,null,null
20251220,10,38,NORD,138.000000,0.000000,81.000000,87.340579,null,null
20251220,10,39,NORD,138.000000,0.000000,72.100000,86.566666,null,null
20251220,10,40,NORD,138.000000,0.000000,81.000000,87.340579,null,null
20251220,11,41,NORD,125.000000,0.000000,88.000000,88.000000,null,null
20251220,11,42,NORD,125.000000,0.000000,88.000000,88.000000,null,null
20251220,11,43,NORD,125.000000,0.000000,88.000000,88.000000,null,null
20251220,11,44,NORD,125.000000,0.000000,88.000000,88.000000,null,null
20251220,12,45,NORD,125.000000,0.000000,88.000000,88.000000,null,null
20251220,12,46,NORD,125.000000,0.000000,88.000000,88.000000,null,null
20251220,12,47,NORD,125.000000,0.000000,88.000000,88.000000,null,null
20251220,12,48,NORD,125.000000,0.000000,88.000000,88.000000,null,null
20251220,13,49,NORD,147.000000,0.000000,72.100000,75.853741,null,null
20251220,13,50,NORD,87.000000,0.000000,72.100000,72.304597,null,null
20251220,14,53,NORD,0.000000,0.000000,null,null,null,null
20251220,14,54,NORD,0.000000,0.000000,null,null,null,null
20251220,14,55,NORD,0.000000,0.000000,null,null,null,null
20251220,14,56,NORD,2.350000,0.000000,72.100000,72.100000,null,null
20251220,15,57,NORD,75.000000,0.000000,88.000000,88.000000,null,null
20251220,15,58,NORD,125.000000,0.000000,88.000000,88.000000,null,null
20251220,15,59,NORD,5.455000,0.000000,88.000000,88.000000,null,null
20251220,15,60,NORD,43.000000,0.000000,88.000000,88.000000,null,null
20251220,16,61,NORD,34.410000,0.000000,72.100000,72.100000,null,null
20251220,16,62,NORD,73.097000,0.000000,72.100000,82.975959,null,null
20251220,16,63,NORD,61.587000,0.000000,88.000000,88.000000,null,null
20251220,16,64,NORD,133.010000,0.000000,72.100000,77.839109,null,null
20251220,17,65,NORD,277.250000,0.000000,72.100000,81.427412,null,null
20251220,17,66,NORD,242.313000,0.000000,72.100000,81.489036,null,null
20251220,17,67,NORD,282.500000,0.000000,72.100000,79.056637,null,null
20251220,17,68,NORD,293.000000,0.000000,72.100000,79.377133,null,null
20251220,18,69,NORD,300.100000,0.000000,72.100000,79.563645,null,null
20251220,18,70,NORD,300.100000,0.000000,72.100000,79.563645,null,null
20251220,18,71,NORD,310.100000,0.000000,72.100000,79.835698,null,null
20251220,18,72,NORD,368.000000,0.000000,72.100000,81.120244,null,null
20251220,19,73,NORD,210.000000,0.000000,72.100000,81.564285,null,null
20251220,19,74,NORD,236.077000,0.000000,72.100000,81.501954,null,null
20251220,19,75,NORD,90.500000,0.000000,88.000000,88.000000,null,null
20251220,19,76,NORD,90.500000,0.000000,88.000000,88.000000,null,null
20251220,20,77,NORD,161.982000,0.000000,72.100000,84.369881,null,null
20251220,20,78,NORD,91.000000,0.000000,88.000000,88.000000,null,null
20251220,20,79,NORD,81.000000,0.000000,88.000000,88.000000,null,null
20251220,20,80,NORD,91.132000,0.000000,72.100000,80.823609,null,null
20251220,21,81,NORD,0.000000,0.000000,null,null,null,null
20251220,21,82,NORD,0.000000,0.000000,null,null,null,null
20251220,21,84,NORD,0.000000,0.000000,null,null,null,null
20251220,22,85,NORD,0.000000,0.000000,null,null,null,null
20251220,22,86,NORD,0.000000,0.000000,null,null,null,null
20251220,8,31,SARD,0.000000,0.000000,null,null,null,null
20251220,8,32,SARD,0.000000,0.000000,null,null,null,null
20251220,9,33,SARD,0.000000,0.000000,null,null,null,null
20251220,9,34,SARD,0.000000,0.000000,null,null,null,null
20251220,9,35,SARD,0.000000,0.000000,null,null,null,null
20251220,9,36,SARD,0.000000,0.000000,null,null,null,null
20251220,10,37,SARD,0.000000,0.000000,null,null,null,null
20251220,10,38,SARD,0.000000,0.000000,null,null,null,null
20251220,10,39,SARD,0.000000,0.000000,null,null,null,null
20251220,10,40,SARD,0.000000,0.000000,null,null,null,null
20251220,11,41,SARD,0.000000,0.000000,null,null,null,null
20251220,11,42,SARD,0.000000,0.000000,null,null,null,null
20251220,11,43,SARD,0.000000,0.000000,null,null,null,null
20251220,11,44,SARD,0.000000,0.000000,null,null,null,null
20251220,12,45,SARD,0.000000,0.000000,null,null,null,null
20251220,12,46,SARD,0.000000,0.000000,null,null,null,null
20251220,12,47,SARD,0.000000,0.000000,null,null,null,null
20251220,12,48,SARD,0.000000,0.000000,null,null,null,null
20251220,13,49,SARD,0.000000,0.000000,null,null,null,null
20251220,13,50,SARD,0.000000,0.000000,null,null,null,null
20251220,14,53,SARD,0.000000,0.000000,null,null,null,null
20251220,14,54,SARD,0.000000,0.000000,null,null,null,null
20251220,14,55,SARD,0.000000,0.000000,null,null,null,null
20251220,14,56,SARD,0.000000,0.000000,null,null,null,null
20251220,15,57,SARD,0.000000,0.000000,null,null,null,null
20251220,15,58,SARD,0.000000,0.000000,null,null,null,null
20251220,15,59,SARD,0.000000,0.000000,null,null,null,null
20251220,15,60,SARD,0.000000,0.000000,null,null,null,null
20251220,16,61,SARD,0.000000,0.000000,null,null,null,null
20251220,16,62,SARD,0.000000,0.000000,null,null,null,null
20251220,16,63,SARD,0.000000,0.000000,null,null,null,null
20251220,16,64,SARD,0.000000,0.000000,null,null,null,null
20251220,17,65,SARD,0.000000,0.000000,null,null,null,null
20251220,17,66,SARD,0.000000,0.000000,null,null,null,null
20251220,17,67,SARD,0.000000,0.000000,null,null,null,null
20251220,17,68,SARD,0.000000,0.000000,null,null,null,null
20251220,18,69,SARD,0.000000,0.000000,null,null,null,null
20251220,18,70,SARD,0.000000,0.000000,null,null,null,null
20251220,18,71,SARD,0.000000,0.000000,null,null,null,null
20251220,18,72,SARD,0.000000,0.000000,null,null,null,null
20251220,19,73,SARD,0.000000,0.000000,null,null,null,null
20251220,19,74,SARD,0.000000,0.000000,null,null,null,null
20251220,19,75,SARD,0.000000,0.000000,null,null,null,null
20251220,19,76,SARD,0.000000,0.000000,null,null,null,null
20251220,20,77,SARD,0.000000,0.000000,null,null,null,null
20251220,20,78,SARD,0.000000,0.000000,null,null,null,null
20251220,20,79,SARD,0.000000,0.000000,null,null,null,null
20251220,20,80,SARD,0.000000,0.000000,null,null,null,null
20251220,21,81,SARD,0.000000,0.000000,null,null,null,null
20251220,21,82,SARD,0.000000,0.000000,null,null,null,null
20251220,21,84,SARD,0.000000,0.000000,null,null,null,null
20251220,22,85,SARD,0.000000,0.000000,null,null,null,null
20251220,22,86,SARD,0.000000,0.000000,null,null,null,null
20251220,8,31,SICI,0.000000,0.000000,null,null,null,null
20251220,8,32,SICI,0.000000,0.000000,null,null,null,null
20251220,9,33,SICI,0.000000,0.000000,null,null,null,null
20251220,9,34,SICI,0.000000,0.000000,null,null,null,null
20251220,9,35,SICI,0.000000,0.000000,null,null,null,null
20251220,9,36,SICI,0.000000,0.000000,null,null,null,null
20251220,10,37,SICI,0.000000,0.000000,null,null,null,null
20251220,10,38,SICI,0.000000,0.000000,null,null,null,null
20251220,10,39,SICI,0.000000,0.000000,null,null,null,null
20251220,10,40,SICI,0.000000,0.000000,null,null,null,null
20251220,11,41,SICI,0.000000,0.000000,null,null,null,null
20251220,11,42,SICI,0.000000,0.000000,null,null,null,null
20251220,11,43,SICI,0.000000,0.000000,null,null,null,null
20251220,11,44,SICI,0.000000,0.000000,null,null,null,null
20251220,12,45,SICI,0.000000,0.000000,null,null,null,null
20251220,12,46,SICI,0.000000,0.000000,null,null,null,null
20251220,12,47,SICI,0.000000,0.000000,null,null,null,null
20251220,12,48,SICI,0.000000,0.000000,null,null,null,null
20251220,13,49,SICI,0.000000,0.000000,null,null,null,null
20251220,13,50,SICI,0.000000,0.000000,null,null,null,null
20251220,14,53,SICI,0.000000,0.000000,null,null,null,null
20251220,14,54,SICI,0.000000,0.000000,null,null,null,null
20251220,14,55,SICI,0.000000,0.000000,null,null,null,null
20251220,14,56,SICI,0.000000,0.000000,null,null,null,null
20251220,15,57,SICI,0.000000,0.000000,null,null,null,null
20251220,15,58,SICI,0.000000,0.000000,null,null,null,null
20251220,15,59,SICI,0.000000,0.000000,null,null,null,null
20251220,15,60,SICI,0.000000,0.000000,null,null,null,null
20251220,16,61,SICI,0.000000,0.000000,null,null,null,null
20251220,16,62,SICI,0.000000,0.000000,null,null,null,null
20251220,16,63,SICI,0.000000,0.000000,null,null,null,null
20251220,16,64,SICI,0.000000,0.000000,null,null,null,null
20251220,17,65,SICI,0.000000,0.000000,null,null,null,null
20251220,17,66,SICI,0.000000,0.000000,null,null,null,null
20251220,17,67,SICI,0.000000,0.000000,null,null,null,null
20251220,17,68,SICI,0.000000,0.000000,null,null,null,null
20251220,18,69,SICI,0.000000,0.000000,null,null,null,null
20251220,18,70,SICI,0.000000,0.000000,null,null,null,null
20251220,18,71,SICI,0.000000,0.000000,null,null,null,null
20251220,18,72,SICI,0.000000,0.000000,null,null,null,null
20251220,19,73,SICI,0.000000,0.000000,null,null,null,null
20251220,19,74,SICI,0.000000,0.000000,null,null,null,null
20251220,19,75,SICI,0.000000,0.000000,null,null,null,null
20251220,19,76,SICI,0.000000,0.000000,null,null,null,null
20251220,20,77,SICI,0.000000,0.000000,null,null,null,null
20251220,20,78,SICI,0.000000,0.000000,null,null,null,null
20251220,20,79,SICI,0.000000,0.000000,null,null,null,null
20251220,20,80,SICI,0.000000,0.000000,null,null,null,null
20251220,21,81,SICI,0.000000,0.000000,null,null,null,null
20251220,21,82,SICI,0.000000,0.000000,null,null,null,null
20251220,21,84,SICI,0.000000,0.000000,null,null,null,null
20251220,22,85,SICI,0.000000,0.000000,null,null,null,null
20251220,22,86,SICI,0.000000,0.000000,null,null,null,null
20251220,8,31,SLOV,0.000000,0.000000,null,null,null,null
20251220,8,32,SLOV,0.000000,0.000000,null,null,null,null
20251220,9,33,SLOV,0.000000,0.000000,null,null,null,null
20251220,9,34,SLOV,0.000000,0.000000,null,null,null,null
20251220,9,35,SLOV,0.000000,0.000000,null,null,null,null
20251220,9,36,SLOV,0.000000,0.000000,null,null,null,null
20251220,10,37,SLOV,0.000000,0.000000,null,null,null,null
20251220,10,38,SLOV,0.000000,0.000000,null,null,null,null
20251220,10,39,SLOV,0.000000,0.000000,null,null,null,null
20251220,10,40,SLOV,0.000000,0.000000,null,null,null,null
20251220,11,41,SLOV,0.000000,0.000000,null,null,null,null
20251220,11,42,SLOV,0.000000,0.000000,null,null,null,null
20251220,11,43,SLOV,0.000000,0.000000,null,null,null,null
20251220,11,44,SLOV,0.000000,0.000000,null,null,null,null
20251220,12,45,SLOV,0.000000,0.000000,null,null,null,null
20251220,12,46,SLOV,0.000000,0.000000,null,null,null,null
20251220,12,47,SLOV,0.000000,0.000000,null,null,null,null
20251220,12,48,SLOV,0.000000,0.000000,null,null,null,null
20251220,13,49,SLOV,0.000000,0.000000,null,null,null,null
20251220,13,50,SLOV,0.000000,0.000000,null,null,null,null
20251220,14,53,SLOV,0.000000,0.000000,null,null,null,null
20251220,14,54,SLOV,0.000000,0.000000,null,null,null,null
20251220,14,55,SLOV,0.000000,0.000000,null,null,null,null
20251220,14,56,SLOV,0.000000,0.000000,null,null,null,null
20251220,15,57,SLOV,0.000000,0.000000,null,null,null,null
20251220,15,58,SLOV,0.000000,0.000000,null,null,null,null
20251220,15,59,SLOV,0.000000,0.000000,null,null,null,null
20251220,15,60,SLOV,0.000000,0.000000,null,null,null,null
20251220,16,61,SLOV,0.000000,0.000000,null,null,null,null
20251220,16,62,SLOV,0.000000,0.000000,null,null,null,null
20251220,16,63,SLOV,0.000000,0.000000,null,null,null,null
20251220,16,64,SLOV,0.000000,0.000000,null,null,null,null
20251220,17,65,SLOV,0.000000,0.000000,null,null,null,null
20251220,17,66,SLOV,0.000000,0.000000,null,null,null,null
20251220,17,67,SLOV,0.000000,0.000000,null,null,null,null
20251220,17,68,SLOV,0.000000,0.000000,null,null,null,null
20251220,18,69,SLOV,0.000000,0.000000,null,null,null,null
20251220,18,70,SLOV,0.000000,0.000000,null,null,null,null
20251220,18,71,SLOV,0.000000,0.000000,null,null,null,null
20251220,18,72,SLOV,0.000000,0.000000,null,null,null,null
20251220,19,73,SLOV,0.000000,0.000000,null,null,null,null
20251220,19,74,SLOV,0.000000,0.000000,null,null,null,null
20251220,19,75,SLOV,0.000000,0.000000,null,null,null,null
20251220,19,76,SLOV,0.000000,0.000000,null,null,null,null
20251220,20,77,SLOV,0.000000,0.000000,null,null,null,null
20251220,20,78,SLOV,0.000000,0.000000,null,null,null,null
20251220,20,79,SLOV,0.000000,0.000000,null,null,null,null
20251220,20,80,SLOV,0.000000,0.000000,null,null,null,null
20251220,21,81,SLOV,0.000000,0.000000,null,null,null,null
20251220,21,82,SLOV,0.000000,0.000000,null,null,null,null
20251220,21,84,SLOV,0.000000,0.000000,null,null,null,null
20251220,22,85,SLOV,0.000000,0.000000,null,null,null,null
20251220,22,86,SLOV,0.000000,0.000000,null,null,null,null
20251220,8,31,SUD,0.000000,0.000000,null,null,null,null
20251220,8,32,SUD,0.000000,0.000000,null,null,null,null
20251220,9,33,SUD,0.000000,0.000000,null,null,null,null
20251220,9,34,SUD,7.590000,0.000000,87.560000,87.560000,null,null
20251220,9,35,SUD,65.000000,0.000000,87.560000,87.560000,null,null
20251220,9,36,SUD,110.368000,0.000000,85.600000,86.754320,null,null
20251220,10,37,SUD,180.000000,0.000000,83.750000,85.706388,null,null
20251220,10,38,SUD,180.000000,0.000000,83.750000,85.706388,null,null
20251220,10,39,SUD,180.000000,0.000000,83.750000,85.706388,null,null
20251220,10,40,SUD,180.000000,0.000000,83.750000,85.706388,null,null
20251220,11,41,SUD,129.000000,0.000000,83.650000,86.582170,null,null
20251220,11,42,SUD,128.950000,0.000000,83.650000,86.583307,null,null
20251220,11,43,SUD,71.000000,0.000000,83.650000,87.632394,null,null
20251220,11,44,SUD,79.200000,0.000000,83.650000,87.417828,null,null
20251220,12,45,SUD,129.000000,0.000000,83.650000,86.663178,null,null
20251220,12,46,SUD,129.000000,0.000000,83.650000,86.663178,null,null
20251220,12,47,SUD,129.000000,0.000000,83.650000,86.663178,null,null
20251220,12,48,SUD,129.000000,0.000000,83.650000,86.663178,null,null
20251220,13,49,SUD,0.000000,0.000000,null,null,null,null
20251220,13,50,SUD,0.000000,0.000000,null,null,null,null
20251220,14,53,SUD,65.000000,0.000000,88.410000,88.410000,null,null
20251220,14,54,SUD,17.000000,0.000000,88.410000,88.410000,null,null
20251220,14,55,SUD,65.000000,0.000000,88.410000,88.410000,null,null
20251220,14,56,SUD,65.000000,0.000000,88.410000,88.410000,null,null
20251220,15,57,SUD,130.000000,0.000000,83.800000,86.145000,null,null
20251220,15,58,SUD,116.040000,0.000000,83.800000,87.288883,null,null
20251220,15,59,SUD,177.650000,0.000000,83.800000,86.078919,null,null
20251220,15,60,SUD,115.000000,0.000000,85.800000,87.320434,null,null
20251220,16,61,SUD,180.000000,0.000000,83.840000,86.048333,null,null
20251220,16,62,SUD,180.000000,0.000000,83.840000,86.048333,null,null
20251220,16,63,SUD,180.000000,0.000000,83.840000,86.048333,null,null
20251220,16,64,SUD,98.077000,0.000000,85.810000,87.553018,null,null
20251220,17,65,SUD,0.000000,0.000000,null,null,null,null
20251220,17,66,SUD,0.000000,0.000000,null,null,null,null
20251220,17,67,SUD,0.000000,0.000000,null,null,null,null
20251220,17,68,SUD,0.000000,0.000000,null,null,null,null
20251220,18,69,SUD,0.000000,0.000000,null,null,null,null
20251220,18,70,SUD,0.000000,0.000000,null,null,null,null
20251220,18,71,SUD,0.000000,0.000000,null,null,null,null
20251220,18,72,SUD,0.000000,0.000000,null,null,null,null
20251220,19,73,SUD,115.000000,0.000000,85.680000,86.878260,null,null
20251220,19,74,SUD,112.423000,0.000000,85.680000,86.905727,null,null
20251220,19,75,SUD,180.000000,0.000000,83.920000,85.810000,null,null
20251220,19,76,SUD,180.000000,0.000000,83.920000,85.810000,null,null
20251220,20,77,SUD,115.000000,0.000000,85.690000,86.871304,null,null
20251220,20,78,SUD,180.000000,0.000000,83.930000,85.809166,null,null
20251220,20,79,SUD,180.000000,0.000000,83.930000,85.809166,null,null
20251220,20,80,SUD,154.668000,0.000000,83.930000,86.116942,null,null
20251220,21,81,SUD,39.838000,0.000000,87.790000,87.790000,null,null
20251220,21,82,SUD,27.578000,0.000000,87.790000,87.790000,null,null
20251220,21,84,SUD,61.728000,0.000000,87.790000,87.790000,null,null
20251220,22,85,SUD,0.494000,0.000000,87.730000,87.730000,null,null
20251220,22,86,SUD,0.000000,0.000000,null,null,null,null
20251220,8,31,SVIZ,0.000000,0.000000,null,null,null,null
20251220,8,32,SVIZ,0.000000,0.000000,null,null,null,null
20251220,9,33,SVIZ,0.000000,0.000000,null,null,null,null
20251220,9,34,SVIZ,0.000000,0.000000,null,null,null,null
20251220,9,35,SVIZ,0.000000,0.000000,null,null,null,null
20251220,9,36,SVIZ,0.000000,0.000000,null,null,null,null
20251220,10,37,SVIZ,0.000000,0.000000,null,null,null,null
20251220,10,38,SVIZ,0.000000,0.000000,null,null,null,null
20251220,10,39,SVIZ,0.000000,0.000000,null,null,null,null
20251220,10,40,SVIZ,0.000000,0.000000,null,null,null,null
20251220,11,41,SVIZ,0.000000,0.000000,null,null,null,null
20251220,11,42,SVIZ,0.000000,0.000000,null,null,null,null
20251220,11,43,SVIZ,0.000000,0.000000,null,null,null,null
20251220,11,44,SVIZ,0.000000,0.000000,null,null,null,null
20251220,12,45,SVIZ,0.000000,0.000000,null,null,null,null
20251220,12,46,SVIZ,0.000000,0.000000,null,null,null,null
20251220,12,47,SVIZ,0.000000,0.000000,null,null,null,null
20251220,12,48,SVIZ,0.000000,0.000000,null,null,null,null
20251220,13,49,SVIZ,0.000000,0.000000,null,null,null,null
20251220,13,50,SVIZ,0.000000,0.000000,null,null,null,null
20251220,14,53,SVIZ,0.000000,0.000000,null,null,null,null
20251220,14,54,SVIZ,0.000000,0.000000,null,null,null,null
20251220,14,55,SVIZ,0.000000,0.000000,null,null,null,null
20251220,14,56,SVIZ,0.000000,0.000000,null,null,null,null
20251220,15,57,SVIZ,0.000000,0.000000,null,null,null,null
20251220,15,58,SVIZ,0.000000,0.000000,null,null,null,null
20251220,15,59,SVIZ,0.000000,0.000000,null,null,null,null
20251220,15,60,SVIZ,0.000000,0.000000,null,null,null,null
20251220,16,61,SVIZ,0.000000,0.000000,null,null,null,null
20251220,16,62,SVIZ,0.000000,0.000000,null,null,null,null
20251220,16,63,SVIZ,0.000000,0.000000,null,null,null,null
20251220,16,64,SVIZ,0.000000,0.000000,null,null,null,null
20251220,17,65,SVIZ,0.000000,0.000000,null,null,null,null
20251220,17,66,SVIZ,0.000000,0.000000,null,null,null,null
20251220,17,67,SVIZ,0.000000,0.000000,null,null,null,null
20251220,17,68,SVIZ,0.000000,0.000000,null,null,null,null
20251220,18,69,SVIZ,0.000000,0.000000,null,null,null,null
20251220,18,70,SVIZ,0.000000,0.000000,null,null,null,null
20251220,18,71,SVIZ,0.000000,0.000000,null,null,null,null
20251220,18,72,SVIZ,0.000000,0.000000,null,null,null,null
20251220,19,73,SVIZ,0.000000,0.000000,null,null,null,null
20251220,19,74,SVIZ,0.000000,0.000000,null,null,null,null
20251220,19,75,SVIZ,0.000000,0.000000,null,null,null,null
20251220,19,76,SVIZ,0.000000,0.000000,null,null,null,null
20251220,20,77,SVIZ,0.000000,0.000000,null,null,null,null
20251220,20,78,SVIZ,0.000000,0.000000,null,null,null,null
20251220,20,79,SVIZ,0.000000,0.000000,null,null,null,null
20251220,20,80,SVIZ,0.000000,0.000000,null,null,null,null
20251220,21,81,SVIZ,0.000000,0.000000,null,null,null,null
20251220,21,82,SVIZ,0.000000,0.000000,null,null,null,null
20251220,21,84,SVIZ,0.000000,0.000000,null,null,null,null
20251220,22,85,SVIZ,0.000000,0.000000,null,null,null,null
20251220,22,86,SVIZ,0.000000,0.000000,null,null,null,null
20251220,8,31,XSVI,0.000000,0.000000,null,null,null,null
20251220,8,32,XSVI,0.000000,0.000000,null,null,null,null
20251220,9,33,XSVI,0.000000,0.000000,null,null,null,null
20251220,9,34,XSVI,0.000000,0.000000,null,null,null,null
20251220,9,35,XSVI,0.000000,0.000000,null,null,null,null
20251220,9,36,XSVI,0.000000,0.000000,null,null,null,null
20251220,10,37,XSVI,0.000000,0.000000,null,null,null,null
20251220,10,38,XSVI,0.000000,0.000000,null,null,null,null
20251220,10,39,XSVI,0.000000,0.000000,null,null,null,null
20251220,10,40,XSVI,0.000000,0.000000,null,null,null,null
20251220,11,41,XSVI,0.000000,0.000000,null,null,null,null
20251220,11,42,XSVI,0.000000,0.000000,null,null,null,null
20251220,11,43,XSVI,0.000000,0.000000,null,null,null,null
20251220,11,44,XSVI,0.000000,0.000000,null,null,null,null
20251220,12,45,XSVI,0.000000,0.000000,null,null,null,null
20251220,12,46,XSVI,0.000000,0.000000,null,null,null,null
20251220,12,47,XSVI,0.000000,0.000000,null,null,null,null
20251220,12,48,XSVI,0.000000,0.000000,null,null,null,null
20251220,13,49,XSVI,0.000000,0.000000,null,null,null,null
20251220,13,50,XSVI,0.000000,0.000000,null,null,null,null
20251220,14,53,XSVI,0.000000,0.000000,null,null,null,null
20251220,14,54,XSVI,0.000000,0.000000,null,null,null,null
20251220,14,55,XSVI,0.000000,0.000000,null,null,null,null
20251220,14,56,XSVI,0.000000,0.000000,null,null,null,null
20251220,15,57,XSVI,0.000000,0.000000,null,null,null,null
20251220,15,58,XSVI,0.000000,0.000000,null,null,null,null
20251220,15,59,XSVI,0.000000,0.000000,null,null,null,null
20251220,15,60,XSVI,0.000000,0.000000,null,null,null,null
20251220,16,61,XSVI,0.000000,0.000000,null,null,null,null
20251220,16,62,XSVI,0.000000,0.000000,null,null,null,null
20251220,16,63,XSVI,0.000000,0.000000,null,null,null,null
20251220,16,64,XSVI,0.000000,0.000000,null,null,null,null
20251220,17,65,XSVI,0.000000,0.000000,null,null,null,null
20251220,17,66,XSVI,0.000000,0.000000,null,null,null,null
20251220,17,67,XSVI,0.000000,0.000000,null,null,null,null
20251220,17,68,XSVI,0.000000,0.000000,null,null,null,null
20251220,18,69,XSVI,0.000000,0.000000,null,null,null,null
20251220,18,70,XSVI,0.000000,0.000000,null,null,null,null
20251220,18,71,XSVI,0.000000,0.000000,null,null,null,null
20251220,18,72,XSVI,0.000000,0.000000,null,null,null,null
20251220,19,73,XSVI,0.000000,0.000000,null,null,null,null
20251220,19,74,XSVI,0.000000,0.000000,null,null,null,null
20251220,19,75,XSVI,0.000000,0.000000,null,null,null,null
20251220,19,76,XSVI,0.000000,0.000000,null,null,null,null
20251220,20,77,XSVI,0.000000,0.000000,null,null,null,null
20251220,20,78,XSVI,0.000000,0.000000,null,null,null,null
20251220,20,79,XSVI,0.000000,0.000000,null,null,null,null
20251220,20,80,XSVI,0.000000,0.000000,null,null,null,null
20251220,21,81,XSVI,0.000000,0.000000,null,null,null,null
20251220,21,82,XSVI,0.000000,0.000000,null,null,null,null
20251220,21,84,XSVI,0.000000,0.000000,null,null,null,null
20251220,22,85,XSVI,0.000000,0.000000,null,null,null,null
20251220,22,86,XSVI,0.000000,0.000000,null,null,null,null
