id,name,voltage_kv,operator,lat,lon,ref
23854899,Crema,132,e-distribuzione S.p.A.,45.357329000000135,9.675389100000054,
30548947,UT Arti Grafiche,132,Nuovo Istituto Arti Grafiche,45.67318229999996,9.67267289999995,
31193146,C.S. BAS Bergamo,132,Enel Distribuzione,45.678250700000156,9.638191600000013,
32243299,Curno,132,Enel Distribuzione,45.68426969999981,9.6188743000001,
34157795,Ospiate,380,Terna S.p.A.,45.53933020000009,9.090277100000007,
37675498,UT Siad,132,Siad,45.632372400000044,9.609666799999996,
41225140,UT Pilenga,132,Pilenga Pietro,45.61954850000002,9.657368600000053,
41533579,Calvagese,132,Terna,45.518260200000036,10.48187040000002,
42135116,Sorisole,132,Enel Distribuzione,45.730426199999926,9.629844699999987,
42206116,Gorlago,380,Terna S.p.A.,45.67196769999992,9.81779429999999,
49423056,Grassobbio,132,e-distribuzione S.p.A.,45.640880399999794,9.723461599999998,
52332229,Paderno Dugnano,132,Terna,45.57268800000011,9.170548099999976,38-4132
55887719,Albairate FS,132,RFI,45.40474020000035,8.969401699999999,
58432191,Ricevitrice Sud,132,Unareti S.p.A.,45.50138380000003,10.213089000000034,
58440884,Flero,380,GRTN/Terna,45.489902200000245,10.194981900000053,
60858272,Magenta CS,132,e-distribuzione S.p.A.,45.46069380000031,8.861517400000022,
62289704,UT Italtel,132,Italtel,45.47770920000002,9.036828100000012,
62326314,Baggio,380,Terna S.p.A.,45.46945189999989,9.059432600000003,
64200868,Edolo,380,Enel Produzione S.p.A.,46.17287060000016,10.343308199999953,
67050185,Momo,132,Enel Distribuzione,45.57971210000003,8.559425700000041,
67461115,Novara Sud,220,Terna,45.42315579999981,8.598986299999915,
68254189,Novara Nord,132,e-distribuzione S.p.A.,45.45819400000006,8.628221199999984,
68299044,Brugherio - Smistamento elettrico TERNA,380,Terna S.p.A.,45.55681469999998,9.287009200000035,
72466334,San Fiorano,380,Enel Produzione S.p.A.,46.049800700000084,10.35024969999999,
72470163,San Fiorano CP,132,Terna,46.05187590000012,10.352150799999981,
72475426,Chiari,380,Terna S.p.A.,45.5424812000003,9.896707100000018,
72475429,Villa di Serio,132,Italgen,45.730519700000286,9.73975940000002,
72475432,Gorlago CP,132,Enel Distribuzione,45.67088360000029,9.816701400000017,
72479330,Villa di Serio CP,132,Enel Distribuzione,45.72900350000028,9.740766700000027,
72484074,Fornovo,132,e-distribuzione S.p.A.,45.480879400000276,9.669252300000013,
72562047,UT Tenaris Arcore,132,Dalmine,45.6301745999999,9.343648100000005,
72565610,Desio,132,Enel Distribuzione,45.60519169999978,9.213423699999993,
72565612,Lanzano,132,Enel Distribuzione,45.69790579999976,9.262195499999997,38-4388
72565618,Sovico,132,Enel Distribuzione,45.63838879999977,9.242167099999989,
72565620,Giussano,132,Enel Distribuzione,45.70200419999977,9.216765499999987,
72565854,Bernareggio,132,Enel Distribuzione,45.637708699999756,9.392324099999986,
72570377,Castiglione Olona,132,Enel Distribuzione,45.75104029999997,8.875085800000024,
72570378,Musignano,380,Unknown,46.067530700000034,8.750345800000012,
72570398,Varese Sud,132,e-distribuzione S.p.A.,45.79040649999999,8.835946000000025,
72570460,Breccia,132,Enel Distribuzione,45.79779,9.051349400000026,
72570472,Varano,132,Enel Distribuzione,45.76764429999999,8.707442400000014,
72570474,Cagno,380,Terna S.p.A.,45.814416999999985,8.901277500000019,
72570484,Cunardo,132,Enel Distribuzione,45.930858300000004,8.816207300000029,AC001E01528
72581615,Parabiago,132,Enel Distribuzione,45.54414959999995,8.961880000000026,
72581616,Lainate,132,Enel Distribuzione,45.544709699999956,9.035101900000024,
72581622,Rho CP,132,Enel Distribuzione,45.516324399999924,9.046574500000025,
72581629,Busto Ovest,132,Enel Distribuzione,45.61671459999993,8.81506270000003,
72581632,Lonate Pozzolo,132,e-distribuzione S.p.A.,45.60691539999994,8.764185000000023,
72581705,Mercallo,380,Terna S.p.A.,45.73710339999994,8.66677350000003,
72581713,Vittuone,132,Enel Distribuzione,45.495093899999986,8.945335000000028,
72581759,RFI Rho,132,RFI,45.51875970000007,9.028778100000011,
72581797,Arconate,132,Enel Distribuzione,45.533278499999916,8.83648070000003,
72581807,Somma Lombardo,132,Enel Distribuzione,45.67744079999995,8.667989800000026,38-0273
72581813,Vizzola Ticino,132,Enel Produzione,45.625164399999946,8.683107200000027,
72581814,Cittiglio,132,Enel Distribuzione,45.89334569999995,8.650343000000024,
73480430,Tornavento,132,Enel Produzione,45.58255870000007,8.705211400000008,
74098325,Gaggiano,132,Enel Distribuzione,45.40211000000006,9.023640100000007,
74210017,Pogliano,380,Terna S.p.A.,45.52932559999992,8.973224699999925,
74239672,Cabina primaria Abbiategrasso,132,e-distribuzione S.p.A.,45.40741859999982,8.918407900000005,387-0130
74257731,Cologno,132,Edison,45.54126349999997,9.292484400000037,
74265039,Vigevano Est,132,Enel Distribuzione,45.31902099999993,8.881117100000035,
74356508,Tecnopolimeri CS,132,e-distribuzione S.p.A.,45.62347040000002,9.081410000000021,
74359510,Cesano Maderno,220,Edison,45.637756299999964,9.107339000000026,
74501325,UT Nylstar Cesano,132,Nylstar,45.62921729999987,9.11901200000001,
74506110,Cabina primaria di Bovisio,132,Terna,45.61485019999998,9.1553382,
74548566,UT Ansaldo Legnano,132,Ansaldo Energia,45.58543940000012,8.910608700000056,
74585547,Busto Sud,132,e-distribuzione S.p.A.,45.58507500000001,8.83287049999999,
74677138,Bovisio,380,Terna S.p.A.,45.61264289999993,9.168009999999999,
75378894,Stazione Elettrica Cislago,380,Terna,45.65588849999977,8.979533499999981,
75602396,Pian Camuno,380,Terna S.p.A.,45.83082539999995,10.11792079999998,
75602414,Piancamuno CP,132,Terna,45.8329441999999,10.120325400000054,
75602421,Paraviso,132,Lucchini,45.82644500000016,10.127480499999972,
75883500,Castano Primo,132,Enel Distribuzione,45.54167070000025,8.76492869999994,
75947543,Cavenago,132,Enel Distribuzione,45.589335399999804,9.437462800000006,
75947556,Ciserano,380,Terna S.p.A.,45.5795773000001,9.598452000000016,
75947625,Trezzo CP,132,Enel Distribuzione,45.60244409999979,9.485450099999996,
75947658,Cassano CS,220,Unknown,45.51426209999979,9.502183799999996,
77200845,Busto Garolfo,132,Enel Distribuzione,45.5594954,8.89064480000007,
78253197,UT Bragonzi,132,Bragonzi,45.6037568,8.74889509999996,
79879290,Ricevitrice Nord Milano,220,A2A,45.51380210000002,9.234611799999968,
79879307,Sesto San Giovanni,220,e-distribuzione S.p.A.,45.521643400000045,9.229611499999958,37-0118
80214920,Cologno CP,132,Enel Distribuzione,45.52713379999985,9.299288800000037,
80214955,Peschiera Borromeo,132,Enel Distribuzione,45.42980079999987,9.29413990000004,
80214957,IBM Segrate CS,132,Enel Distribuzione,45.46652069999989,9.301338000000031,
80214961,Rodano,132,Enel Distribuzione,45.45951839999986,9.32382010000004,
81135896,UT Sisas,132,S.I.S.A.S.,45.48366329999994,9.334787399999982,
83392017,Mortara,132,Enel Distribuzione,45.26335129999992,8.728932500000017,
83432416,Agrate CP,132,Enel Distribuzione,45.588379600000316,9.356050199999991,
83432428,Caponago,132,e-distribuzione S.p.A.,45.56862490000031,9.381648599999998,
84005832,Substation_84005832,132,Unknown,45.430347199999964,9.268773800000101,
90947206,Meritor HVS,132,Meritor HVS,45.525315500000026,8.654461200000013,
90947209,Cameri,132,Enel Distribuzione,45.52484260000002,8.658172900000011,
93038661,Pieve Albignola,380,Terna,45.1134517,8.951001099999976,
93315059,San Rocco al Porto,380,Terna S.p.A.,45.09316850000018,9.6995991,
95700660,Novedrate,132,Enel Distribuzione,45.70555290000006,9.120621599999966,
97822006,Benedetto Marcello,220,Unareti,45.480100699999824,9.207129199999953,
98180928,ACCAM Consorzio,132,Consorzio ACCAM,45.57362360000001,8.840014099999989,
98186457,Cerro Maggiore,132,Enel Distribuzione,45.587526599999826,8.94949399999999,38-0126
98598880,RFI Valenza,132,RFI,45.025581299999814,8.625666300000018,
98598885,Valenza,132,e-distribuzione S.p.A.,45.01362439999982,8.624012400000023,
98900549,Ferrera Erbognone,380,Enipower,45.101388099999845,8.865322799999985,
98901130,Voghera,380,Voghera Energia,45.028207899999906,8.971206699999996,
99216790,Nerviano,132,Actavis,45.54623729999979,8.979439299999987,
102248285,Albino,132,Enel Distribuzione,45.76150650000008,9.817906500000031,
103264820,Magenta,220,Terna S.p.A.,45.47246040000006,8.875860399999985,
103281309,RFI Novara,132,RFI,45.45564430000005,8.630937800000039,
103281311,RFI Mortara,132,RFI,45.25721210000003,8.731667100000038,
103513765,Novel,132,Novel,45.457370199999836,8.650690700000025,
103513767,Edison Novara,132,Edison,45.456934399999845,8.647592700000024,
103955484,Arona,132,Enel Distribuzione,45.75631750000009,8.543941699999984,
103955487,Agip Trecate,132,Agip Petroli,45.435352500000086,8.777207899999985,
103974936,Borgoticino,132,Enel Distribuzione,45.69269619999993,8.610436799999999,
103974943,Acetati Verbania,132,Acetati,45.935010999999925,8.559966499999998,
104114049,Verbania,132,Enel Distribuzione,45.9401567999999,8.557426100000056,
104114260,IC Italpet,132,Enel Distribuzione,45.93544979999989,8.560171400000044,
104114264,Italpet Verbania,132,Italpet Preforme,45.934600099999926,8.560384699999998,
105141287,Cressa,132,Enel Distribuzione,45.63299729999985,8.51547460000002,
105141300,Trecate,132,Enel Distribuzione,45.42507029999986,8.75719840000002,
105141326,Galliate,132,e-distribuzione S.p.A.,45.47403349999987,8.704375000000022,
105585300,Novara Ovest,132,e-distribuzione S.p.A.,45.45369110000013,8.578235699999937,
106232378,Sarpom Trecate,132,Enel Distribuzione,45.43689709999989,8.789218700000005,
106232379,Sarpom Produzione Trecate,132,Sarpom,45.436935699999886,8.789773200000004,
107023153,Casalpusterlengo,132,Enel Distribuzione,45.17149750000018,9.661801600000087,
107163117,Montanaso,132,Enel Distribuzione,45.33000009999983,9.452550800000042,
107167264,UT Lever,132,Lever Fabergè Italia,45.185366800000004,9.649743500000048,
107168299,RFI Casalpusterlengo,132,RFI,45.1867839,9.644276300000053,
107204719,Tavazzano Est,220,Terna S.p.A.,45.32957280000031,9.408829000000031,
107241327,Tavazzano Ovest,220,Terna S.p.A.,45.32553329999985,9.402079100000032,
107438024,La Casella,380,Terna S.p.A.,45.08588029999995,9.491244200000013,
111367971,UT Agrolinz,132,Agrolinz Melamin Italia,45.61733569999989,8.888972900000041,
112168151,RFI Pieve Fissiraga,132,RFI,45.27237249999998,9.455402999999972,
116517585,Caorso,380,Terna,45.07083099999994,9.871081400000017,
116518388,Cremona,380,Terna S.p.A.,45.184900999999876,9.955582100000019,
116519166,Isp Cremona,380,Unknown,45.14830489999987,9.94174670000003,
116519474,Cremona Ovest,132,AEM Cremona,45.15619919999984,9.99473950000003,
116520579,UT Arvedi Ata,132,Acciaieria Arvedi,45.1444218999999,9.968701200000034,
116520728,UT Tamoil,132,Tamoil,45.14279009999992,9.986729500000036,
116690505,UT Duferdofin,132,Duferdofin,45.480270900000015,10.211639500000027,
116692433,Brescia Ricevitrice Ovest,220,Unareti S.p.A.,45.50862550000012,10.183374500000031,
116693545,Ghedi,132,Enel Distribuzione,45.39268530000016,10.284968300000054,
116913448,Lodi,132,Enel Distribuzione,45.301769799999995,9.500298400000007,
116916459,Tavazzano ST,220,Terna S.p.A.,45.333036899999975,9.429758099999997,
119402160,Reno de Medici,132,Reno de Medici,45.46617240000003,8.842837200000014,
120356593,Travagliato,380,Terna,45.53793819999994,10.1089481,
121151094,Turbigo Superiore,132,Enel Produzione,45.5323002999998,8.729455199999954,
121516609,Mede,132,Enel Distribuzione,45.10121820000007,8.741524400000015,
124788962,Tradate,132,Enel Distribuzione,45.69534760000019,8.906842899999956,
125780157,Gorla,150,Enel Distribuzione,45.655645599999566,8.8952948,
127478375,Substation_127478375,132,Unknown,45.5875470000002,10.222554499999989,
127599811,Ziziola,132,Unareti S.p.A.,45.51587040000001,10.218376700000025,
128928888,Pralboino,150,Enel Distribuzione,45.28389290000104,10.210743700000014,
130056647,Torbole CP,132,Enel Distribuzione,45.523243500000966,10.134469899999957,
131288468,TU,132,A2A,45.51047540000019,10.213465399999967,
131288614,UT Alfa acciai BS,132,Alfa Acciai,45.509308400000194,10.249150999999967,
131288705,Ricevitrice Est BS,132,Unareti S.p.A.,45.5161762000002,10.260202199999968,
131289419,Sant'Eufemia TR,132,Unareti S.p.A.,45.51925910000021,10.275999499999966,
132412952,RFI Pavia,132,RFI,45.21680350000015,9.151903700000002,
132413040,Pavia Torretta,132,Enel Distribuzione,45.20250199999978,9.167920899999979,
132413061,Pavia Est,132,Enel Distribuzione,45.19841369999979,9.230025899999974,
133028596,UT Eural Gnutti,132,Eural Gnutti,45.55077580000017,10.003181200000007,
133028597,Rovato CS,132,Enel Distribuzione,45.55045990000017,10.002679000000008,
133601327,RFI Chiari,132,RFI,45.54156960000156,9.933805800000066,
133601328,Treviglio Ovest CS,132,Enel Distribuzione,45.51601350000156,9.577453200000065,
133601331,RFI Treviglio Ovest,132,RFI,45.51557590000156,9.576916100000066,
133601332,Substation_133601332,132,Enel Distribuzione,45.52744100000156,9.758026000000065,
133601333,Cassano 220,220,A2A,45.51062350000154,9.508029100000066,
133601335,Cassano,380,A2A,45.51063440000156,9.506807600000068,
133756398,Castiglione Stiviere,132,Enel Distribuzione,45.36862620000014,10.47350550000001,
133758267,Romanengo,132,Enel Distribuzione,45.37355540000004,9.784469800000023,
134764719,Arese,132,Enel Distribuzione,45.57128620000001,9.056425299999999,
135170616,Vaiano Valle,132,e-distribuzione S.p.A.,45.426358500000035,9.217094700000006,
135171100,San Donato,132,Sieco,45.41546680000003,9.255304900000011,
135270789,Vigentina,132,A2A,45.44025670000026,9.208265100000045,
135270825,Ricevitrice Sud Milano,220,A2A,45.43615750000026,9.187539600000044,
136705274,Cesano Boscone,132,Enel Distribuzione,45.44437290000052,9.104765399999982,
136705572,Corsico,132,A2A,45.42785499999986,9.089698000000018,
136706585,Assago,132,Enel Distribuzione,45.39903379999988,9.133672500000014,
136708548,Certosa,220,Unareti,45.499946999999864,9.12368910000002,
137317949,Brusuglio,132,Terna,45.53851940000088,9.170622800000057,38-5383
137317951,Substation_137317951,220,Unknown,45.53595780000088,9.16864340000006,
137427565,Inzago,132,Enel Distribuzione,45.53238869999998,9.492147800000021,
137430070,Gorgonzola,132,Enel Distribuzione,45.521486800000034,9.413067300000007,
141562466,Pietra,132,Unareti S.p.A.,45.52880020000002,10.1986849,
145228319,Isorella,132,Enel Distribuzione,45.30483080000025,10.338570399999929,
145436307,Muggiò,132,Terna,45.58429629999996,9.237486300000052,38-0009
145468871,Cadrezzate,132,Enel Distribuzione,45.80268350000002,8.63397130000004,
147025077,UT RCS,132,RCS,45.540509200000166,9.39796379999999,
149929656,UT Metalli Estrusi S.p.A.,132,Metalli Estrusi S.p.A.,45.593045800000006,10.224335999999981,
149932725,RFI Brescia,132,RFI,45.5144000000007,10.218264800000025,
151521709,Iseo,132,Terna,45.65991870000003,10.061359999999999,
151766490,UT Esselunga Ospitaletto,132,Esselunga,45.54107370000004,10.058392,
152597636,Bulciago,380,Terna,45.74819630000003,9.295314900000044,
157241512,Cinisello,132,Terna,45.561047000000116,9.222961600000035,38-3591
158603429,Manerbio,132,Enel Distribuzione,45.36640419999993,10.143503299999999,
159248993,Bassano,132,Enel Distribuzione,45.31094270000014,10.11685240000004,
161737745,RFI Pozzuolo,132,RFI,45.50861769999975,9.45783160000001,
162828577,Turbigo,380,Edipower,45.520093700000245,8.746611099999981,
162945238,Alagna,132,e-distribuzione S.p.A.,45.174143300000274,8.893405099999976,
162960205,Tavazzano Centrale,380,EP Produzione,45.334559400000394,9.438667199999982,
163056522,Sondrio,220,Enel Produzione,46.17306060000027,9.885876200000052,
163056524,Sondrio CP,132,Enel Distribuzione,46.17306990000027,9.886810300000052,
163687086,Carbitalia,132,Unknown,45.82861050000006,9.412265700000013,
163687091,RFI Melegnano,132,RFI,45.34781040000006,9.331128200000013,
163687093,FS Seregno,132,RFI,45.63513130000006,9.211664400000014,
163687094,UT Praoil,132,Praoil,45.09500130000006,8.883903600000014,
163687095,Agip Sannazzaro,132,Agip Petroli,45.09500130000006,8.883903600000014,
163687096,Sannazzaro,132,e-distribuzione S.p.A.,45.094114900000065,8.884007000000015,
163694313,Boffalora CS,132,Enel Distribuzione,45.466087599999895,8.846151400000004,
163694314,Reno de Medici CS,132,Enel Distribuzione,45.46617240000003,8.842837200000014,
163694315,RFI Magenta,132,RFI,45.46102090000029,8.862100700000024,
163694316,Boffalora,132,Edison,45.466040099999894,8.845924300000004,
163694317,Arcore CS Enel,132,Enel Distribuzione,45.63060979999989,9.343509500000003,
163694318,Vernate,132,Enel Distribuzione,45.32692769999991,9.067535700000006,
163694319,UT Yomo,132,Sitia Yomo,45.32692769999991,9.067535700000006,
163694320,Sapio-SGS SM,132,Enel Distribuzione,45.5732734999999,9.368500600000008,
163694321,UT Sgs,132,SG Microelectronics,45.5732734999999,9.368500600000008,
163694322,UT Sapio,132,Sapio,45.5732734999999,9.368500600000008,
163694323,Vigevano Ovest,132,Enel Distribuzione,45.3006711999999,8.826970400000008,
163694325,Bollate,132,Terna S.p.A.,45.55222399999989,9.146674800000008,
163789363,Calusco,132,Italgen,45.685748100000076,9.468487800000013,
163789364,Ludrigno,132,Enel Green Power,45.93284500000008,9.926733000000013,
163789365,Mantelera,132,Consorzio Energia Pulita Multiutility,45.91980730000008,10.337947300000012,
163789371,Forno,132,Enel Produzione,46.088185300000085,10.317407800000012,
163789372,Palazzolo Oglio,132,Enel Distribuzione,45.58251630000009,9.881151900000011,
163789376,Venina,220,Edison,46.16111520000008,9.924268200000009,
163789377,Vedello,132,Edison,46.11033030000007,9.900983600000009,
163789381,Bertini,132,Edison,45.66562380000027,9.484569699999948,
163789383,Semenza,132,Edison,45.68781570000007,9.452237500000008,
163789384,Legnano,132,e-distribuzione S.p.A.,45.585196100000076,8.911087100000008,
163789386,Arvedi CS,132,Aem Cremona,45.1444218999999,9.968701200000034,
163810956,RFI Broni,132,RFI,45.063057,9.248584399999988,
163810959,Pavia Ovest,132,Enel Distribuzione,45.2164357,9.112863599999988,
163810960,RFI Laveno,132,RFI,45.9014462,8.623906699999988,
163810961,RFI Castelleone,132,RFI,45.2930886,9.780974899999988,
163810963,Castelleone,132,Enel Distribuzione,45.2934756,9.780552999999987,
163810966,Cremona Est,132,Enel Distribuzione,45.14532419999999,10.040355799999984,
163810967,RFI Cremona,132,RFI,45.15672399999998,10.035616699999983,
163920373,Cremona CS,132,e-distribuzione S.p.A.,45.15666069999998,10.035267699999984,
163920374,Pavia CS,132,Enel Distribuzione,45.21680350000015,9.151903700000002,
163920375,RFI Fiorenza,132,RFI,45.516426300000155,9.102161600000002,
163920376,Fiorenza CS,132,Enel Distribuzione,45.516426300000155,9.102161600000002,
163920377,RFI Gallarate,132,RFI,45.654351000000155,8.808810800000002,
163920381,RFI Manerbio,132,RFI,45.36680500000016,10.144590100000002,
163920382,Manerbio CS,132,Enel Distribuzione,45.36680500000016,10.144590100000002,
163920386,Piadena,132,e-distribuzione S.p.A.,45.13024430000017,10.358338599999996,
163920387,RFI Piadena,132,RFI,45.13022150000017,10.357649699999996,
163920388,Pozzuolo CS,132,Enel Distribuzione,45.50861769999975,9.45783160000001,
163958913,Arcore CP,132,Enel Distribuzione,45.617326399999854,9.326763700000027,
163958914,IBM VImercate CS,132,Enel Distribuzione,45.63241679999985,9.356285200000027,
163958915,UT IBM Vimercate,132,IBM Italia,45.63241679999985,9.356285200000027,
163958916,Biassono,132,e-distribuzione S.p.A.,45.63764019999986,9.287095500000028,
163958917,Rho CS,132,Enel Distribuzione,45.524288099999936,9.025722300000025,
163958918,Fiat Arese,132,Ecopower Ambrosiana,45.570794600000006,9.056551499999998,
163958919,Lambrate,220,A2A,45.47804639999986,9.255455000000028,
163958920,Ricevitrice Ovest Milano,220,A2A,45.472098899999864,9.132431100000026,
163958921,Sottostazione elettrica RFI di Milano Rogoredo,132,RFI,45.42964260000036,9.240981700000011,
164426105,Cella Dati,132,Enel Distribuzione,45.087526800000546,10.216475300000006,
165381068,Induno Olona,132,Enel Distribuzione,45.83752610000005,8.83985270000007,
165381069,RFI San Cassano,132,RFI,45.83737180000006,8.839177300000069,
165381072,RFI Camerlata,132,RFI,45.78135340000006,9.073791000000067,
165381073,Seriate,132,Enel Distribuzione,45.69176550000006,9.725633600000066,
165389728,Bressana,132,Enel Distribuzione,45.076645600000035,9.122747499999996,
165394853,Castelgoffredo,132,Enel Distribuzione,45.29108060000004,10.453048899999995,
165394856,Zecchini CS,132,Enel Distribuzione,45.28107310000004,10.475176899999996,
165395781,Ospiate CP,132,Enel Distribuzione,45.53933020000009,9.090277100000007,
165395785,Caleppio,132,Enel Distribuzione,45.435277900000045,9.3803351,
165455090,Borgo San Giacomo,132,Enel Distribuzione,45.36043780000015,9.974572400000007,
165503869,Sottostazione di Gravedona,132,e-distribuzione S.p.A.,46.14837799999993,9.311596099999974,
165503870,Grandola,132,Enel Distribuzione,46.02717579999993,9.204184599999975,
165503871,Como Nord,132,Enel Distribuzione,45.84021859999993,9.046786299999972,
165503872,Sant'Abbondio,132,Enel Distribuzione,45.801314399999995,9.081769500000002,
165503873,Cucciago,132,Enel Distribuzione,45.742130099999926,9.110372699999973,
165503874,Mariano,132,Enel Distribuzione,45.684145599999916,9.170712199999972,
165503876,Nibionno,132,e-distribuzione S.p.A.,45.74748019999991,9.25333719999997,
165503878,Erba,132,e-distribuzione S.p.A.,45.80348099999992,9.239272499999974,
165503879,Civate,132,Enel Distribuzione,45.835378699999914,9.349905399999974,
165503880,Bonacina,132,Enel Distribuzione,45.86663199999991,9.414344599999975,
165503885,Stazzona,132,A2A,46.18137139999991,10.126713899999979,
165503886,Villa di Tirano CS,132,Enel Distribuzione,46.19257429999992,10.129092899999982,
165503887,AFL Consorzio Cagiva Dongo,132,AFL Consorzio,46.126144499999924,9.279335099999981,
165503888,Albano,132,Edison,46.12940609999993,9.27417609999998,
166196778,Montello Acciaierie,132,Montello,45.674328200001106,9.79380529999999,
166196779,UT Isover SG,132,Saint Gobain,45.52124410000111,9.637294299999992,
166196780,Eurogravure,132,Eurogravure,45.51254790000112,9.568810399999991,
166196781,Filago CS,132,Enel Distribuzione,45.61382290000112,9.55096619999999,
166196782,UT Bayer,132,Bayer,45.614259900001116,9.550970699999992,
166196783,Cividate CS,132,Enel Distribuzione,45.531273100001115,9.839453399999991,
166196784,UT Cividate Acciaierie,132,Acciaierie Cividate al Piano,45.530944200001116,9.83908959999999,
166196785,UT Dalmine Costa Volpino,132,Dalmine,45.828728700001115,10.11763949999999,
166196786,UT Exide,132,Sinac,45.528588000001115,9.74363169999999,
166196787,Dalmine BG,220,Dalmine,45.63606210000111,9.59903189999999,
166196788,UT Dalmine Tenaris,220,Dalmine,45.63552750000111,9.59770229999999,
167171329,Creva CP,132,Enel Distribuzione,45.99212820000076,8.75822009999996,AC001E01530
167171330,Arcisate,150,Enel Distribuzione,45.867779900000755,8.889526599999959,
167171331,Foroni CS,132,Enel Distribuzione,45.64701090000076,8.930493999999959,
167171332,UT Foroni,132,Foroni,45.64669350000076,8.930913699999957,
167171333,UT Bachelite Italia,132,Bakelite Italia,45.64694260000076,8.890789199999958,
167171334,S.I.R. CS,132,Enel Distribuzione,45.64694260000076,8.890789199999958,
167434677,Oxon,132,Oxon Italia,45.061600700000334,8.87191760000002,
167441723,Broni,132,Enel Distribuzione,45.06674360000003,9.252303000000005,
167441724,Arena Po,132,Enel Distribuzione,45.08657080000003,9.375812700000003,
167441725,Miradolo,132,Enel Distribuzione,45.162821300000026,9.465576700000003,
167441727,Copiano,132,Enel Distribuzione,45.20039200000021,9.331757900000031,
168909461,Uboldo,132,Enel Distribuzione,45.62049919999999,9.017394599999998,
168909465,Rescaldina,132,e-distribuzione S.p.A.,45.609406799999995,8.935819299999993,38-0155
170480595,Albizzate,132,e-distribuzione S.p.A.,45.717898100000056,8.806776699999972,
170480603,Cedrate,132,Enel Distribuzione,45.67249660000007,8.810082599999973,
170480606,UT Molla,132,Molla,45.72362990000006,8.811763999999968,
170480607,Sumirago,132,Enel Distribuzione,45.74499650000008,8.79070979999997,
170490503,Casorate Sempione,132,Enel Distribuzione,45.67568000000011,8.749736499999987,
172315712,Malpensa CP,132,Enel Distribuzione,45.618169600000044,8.706510400000015,
172593575,Substation_172593575,132,RFI,45.5025284,8.962781999999981,
173044108,Faloppio,132,Enel Distribuzione,45.80265779999991,8.958568000000014,
173979142,UT Riva Acciaio,132,Riva Acciaio,45.597183900000196,9.037069699999995,
173979145,Caronno,132,Enel Distribuzione,45.60239830000018,9.032511699999992,
175511533,UT Ferrero,132,Ferrero,45.510339499999965,9.452536300000041,
175991168,Albate,132,e-distribuzione S.p.A.,45.77950100000013,9.068465000000057,
176201321,Arnate,132,Enel Distribuzione,45.641707800000084,8.796676699999978,
176201329,Olgiate Olona,132,Enel Distribuzione,45.63279780000008,8.85926939999998,
181308997,Castellanza,132,Enel Distribuzione,45.619631399999896,8.89799399999995,
182086242,Vaprio,132,Italgen,45.562217500000024,9.522734600000012,
182185332,Orzivecchi,132,Enel Distribuzione,45.43644080000005,9.963559399999996,
182189763,Casalbuttano,132,Enel Distribuzione,45.241422900000074,9.963736099999974,
182200576,San Bernardino,132,Enel Distribuzione,45.526509700000496,9.909495500000032,
182938394,Coccaglio,132,Enel Distribuzione,45.55976900000016,9.967094099999958,
182939030,Cazzago CP,132,Enel Distribuzione,45.56953000000018,10.019171699999957,
182939803,Chiari CP,150,Enel Distribuzione,45.542793200000155,9.91440479999995,
182940047,UT Trafilerie Gnutti,132,Trafilerie Gnutti,45.537155400000145,9.913871799999953,
185666390,Arkema,132,Arkema,45.524287400000546,9.025556599999959,
187170878,Olginate,132,Enel Distribuzione,45.794321,9.41190359999999,
187815036,Luisago,132,Enel Distribuzione,45.76050280000015,9.036782299999993,
187904890,Pietro Rusca,132,Consorzio Eneco,45.53448959999997,9.528648100000003,
189612607,Rho,380,Terna S.p.A.,45.54422729999984,9.057049499999986,
196198500,Substation_196198500,132,Forgiatura A. Vienna,45.5368639000004,9.077207600000017,
196202129,Seguro,132,Enel Distribuzione,45.47040160000039,9.058779400000047,
199067450,Garlasco,132,Terna S.p.A.,45.20726910000108,8.91660690000001,
201566963,UT Glisenti,132,Fonderie Guido Glisenti S.p.A.,45.63051900000007,10.201680900000031,
201566964,Villa Carcina CS,132,Terna,45.63051900000007,10.201680900000031,
201566965,Cabina primaria di Concesio,132,Terna,45.605515499999946,10.208785200000003,38 - 0367
201854263,Casnigo,132,Enel Distribuzione,45.80988199999997,9.866540300000013,
201924458,Mandello,132,Enel Distribuzione,45.931193500000056,9.325547899999957,
201924463,Dervio,132,Enel Distribuzione,46.08043190000006,9.311330099999955,
201924473,Bosisio Parini,132,e-distribuzione S.p.A.,45.797629900000054,9.294096099999955,
201924478,Oggiono,132,Enel Distribuzione,45.77972470000005,9.344649399999954,
201924483,UT Servola,132,Servola,45.848651800000056,9.403352399999955,
201924491,Lecco,132,Enel Distribuzione,45.84858100000006,9.405059699999955,
201928266,Casteggio CP,132,Enel Distribuzione,45.02213889999991,9.13218409999996,
201928267,DSM Bakery,132,DSM Bakery Ingredients Italia,45.02179789999992,9.13213249999996,
201928268,Ecoenergia,132,Ecoenergia,45.171378299999915,9.36002199999996,
201998038,Rogoredo CP,132,A2A,45.43774100000014,9.250408300000014,
202260966,Olevano,132,Terna S.p.A.,45.22021470000002,8.705841999999954,
202260973,UT SIT,132,SIT,45.241176600000024,8.713884299999954,
202262747,Merate,132,Terna S.p.A.,45.68719280000004,9.420607799999951,
202262748,Cernusco Lombardone,132,Enel Distribuzione,45.69601270000004,9.402178499999952,
202267921,Albairate CS,132,Enel Distribuzione,45.40430450000035,8.9707517,
202271565,Chignolo Po,380,Terna S.p.A.,45.141533299999836,9.516354699999928,
202514592,Gewiss,132,Gewiss,45.687156600000016,9.81612840000003,
202514594,UT Noyfil,132,Noyfil Italia,45.66182560000002,9.52711880000003,
202536809,UT Golden Lady,132,Golden Lady,45.38192460000008,10.488216000000008,
202536810,UT Gorispac,132,Gorispac,45.256716000000075,10.41717700000001,
202536811,San Pietro BS,132,Enel Distribuzione,45.401271800000075,10.47394270000001,
202639963,Bottanuco CS,132,Enel Distribuzione,45.640719899999944,9.534006800000002,
202639964,Chignolo d'Isola,132,Enel Distribuzione,45.67485990000009,9.522706199999984,
202639965,Marne CP,132,Enel Distribuzione,45.61615380000008,9.557059099999986,
202640560,Ecolombardia 4,132,Ecolombardia 4,45.640719899999944,9.534006800000002,
202772820,RFI Villa di Tirano,132,RFI,46.19417440000008,10.128262200000055,
202772821,Ganda,220,Edison,46.141114200000075,10.123143400000053,
202772822,Boffetto,132,Enel Produzione,46.15864250000008,9.938496800000053,
202772828,Regoledo,132,Enel Produzione,46.12907170000007,9.548222700000052,
202773913,UT Lonza,132,Lonza Group,45.70700520000004,9.744790100000072,
202774119,Darfo Boario Terme,132,Sageter Energia,45.88485620000004,10.177654800000072,
202776698,Berzo CS,132,Terna,45.929412099999794,10.283580000000073,
202776699,UT Fornileghe Breno,132,Metalcam,45.96028059999979,10.315233700000075,
202776703,Ceto,132,Enel Produzione S.p.A.,45.993063799999796,10.348526300000074,
202776706,Ceto CS,132,Terna,46.0026332999998,10.340813200000074,
202776707,UT Riva Acciaio Ceto,132,Riva Acciaio,46.0022862999998,10.341005700000073,
202776710,Bagolino,132,A2A Reti Elettriche,45.8188257999998,10.469095600000076,
202777523,Gavardo,132,Unareti S.p.A.,45.57329109999958,10.440535900000064,
202777524,UT Mora GV,132,Mora Fonderie,45.57296959999958,10.440208700000065,
202777525,Nuvolento,132,Unareti S.p.A.,45.535223799999585,10.393784400000065,
202777527,UT Feralpi,132,Feralpi Siderurgica,45.45948949999959,10.459033600000065,
202777530,Asola,132,e-distribuzione S.p.A.,45.22194929999959,10.405152600000065,
202777531,Pessina,132,Enel Distribuzione,45.176468499999594,10.226583000000067,
202777532,Pizzighettone,132,Enel Distribuzione,45.1849374999996,9.794368400000067,
202777533,UT Sicrem,132,Sicrem,45.1834479999996,9.796184000000068,
202780763,Substation_202780763,132,Unknown,45.58421630000001,10.29966569999999,
202780777,UT Lucchini Lovere,132,Lucchini,45.80436350000001,10.067243099999992,
202780782,Acquanegra Cremonese,132,Enel Distribuzione,45.171440100000005,9.890781899999993,
202780784,UT Mangimifici Veronesi,132,Mangimifici Veronesi,45.171079500000005,9.890433199999993,
202801657,UT Metalfar,132,Metalfar Prodotti Industriali,45.81268670000012,9.296572100000029,
202801658,UT SICO,132,SICO Società Italiana Carburo Ossigeno,45.629404600000115,9.11645540000003,
202801659,Montirone CS,132,Enel Distribuzione,45.45374940000012,10.23542760000003,
202841257,Cividate,132,Edison,45.93647649999989,10.272360299999963,
202842686,Malegno CP,132,Terna,45.95271900000007,10.274827399999955,
202938819,UT Rodacciai Bosisio,132,Rodacciai,45.80072120000004,9.3067192,
202938820,UT Rodacciai Sirone,132,Rodacciai,45.78451650000003,9.315796599999999,
202938821,Odolo,132,Unareti S.p.A.,45.64818370000003,10.383491999999999,
202938822,UT Siderscal,132,Acciaierie Leali Luigi,45.648838100000035,10.384790399999996,
202938823,UT Fonderie Torbole,132,Fonderie di Torbole,45.517196000000034,10.115579799999997,
202938824,UT Silmet,132,Silmet,45.520799300000036,10.134234299999996,
202938825,UT Euratom,132,Euratom,45.80646850000004,8.636520599999995,
202938826,UT Snam Cinisello,132,SNAM,45.56308490000003,9.234574699999998,
202938829,UT Varesina Stampi,132,Varesina Stampi,45.725237400000026,8.7699274,
202938831,UT Varese Risorse,132,Varese Risorse,45.80017850000004,8.8541902,
202938833,Besana,132,Enel Distribuzione,45.70645730000003,9.281211899999999,38-4678
202938834,UT Vetrotex,132,Vetrotex Italia,45.705374300000045,9.281856899999998,
203212305,Rezzato,132,Italgen,45.51521500000134,10.341439999999997,
203212306,UT Acciaierie Venete,132,Acciaierie Venete S.p.A.,45.64832870000134,10.2094075,
203212308,UT Acsa,132,Acsa Steel Forgings,45.70236620000134,8.810205100000001,
203212309,UT Agusta,132,Agusta,45.62872660000134,8.7464996,
203212310,UT Almag Roncadelle,132,Almag,45.53048090000134,10.164517799999999,
203212311,UT ASO Ospitaletto,132,ASO Siderurgica,45.549107000001335,10.087224899999999,
203212312,UT Avir,132,Avir,45.43021160000133,9.091804499999999,
203223115,UT Calvisano Feralpi,132,Feralpi Siderurgica,45.3705085,10.330114800000015,
203223116,UT Profilati Nave,132,Profilati Nave,45.458269800000004,10.230408400000016,
203223118,UT CNAO,132,Fondazione CNAO,45.20138750000001,9.143075400000017,
203223119,UT Colacem,132,Colacem,45.885717600000014,8.66541730000002,
203223120,UT Colata Continua,132,Colata Continua Italiana,45.18362170000002,9.79470990000002,
203223121,UT Depuratore Nosedo,132,Siba Depuratore Milano,45.426223100000016,9.219524100000019,
203322773,UT S.A. Eredi Gnutti Metalli S.p.A.,132,S.A. Eredi Gnutti Metalli S.p.A.,45.50493659999978,10.227991999999993,
203342841,UT Merone,132,Cementeria di Merone,45.78235210000007,9.2399228,
203342842,UT Ilta Inox Robecco,132,Iltainox,45.253364800000064,10.0755024,
203342843,UT Imes,132,Imes,45.73231840000007,8.785251599999999,
203342845,UT Italfond,132,Italfond,45.42289070000007,10.178561,
203342846,UT Italghisa,132,Italghisa,45.42512100000007,10.1827427,
203351762,UT Nuova Forneria,132,Nuova Forneria,45.47770920000002,9.036828100000012,
203439925,Amsa Figino,132,Amsa,45.504013100000066,9.071286700000027,
203439929,Substation_203439929,132,Enipower,45.414529700000074,9.284487300000023,
203439930,Bolgiano CS,132,Enel Distribuzione,45.41407220000008,9.284756000000023,
203439931,Brugherio CP,132,Enel Distribuzione,45.552402199999975,9.291862900000035,
203439932,Caorso CS,132,Sogin,45.07274020000008,9.873754800000023,
203468251,RISE Sesto,220,Edison,45.54330410000012,9.253379099999988,
203468252,Resio,132,Sageter Energia,45.893789300000115,10.219304899999988,
203468253,Darfo,132,Terna,45.89285920000012,10.207382799999987,
203468254,Cedegolo Enel,132,Enel Produzione S.p.A.,46.065228399999874,10.351048000000036,
203554738,E-Distribuzione,132,Enel Distribuzione,45.487609399999755,9.32702260000001,
203560524,Meda,132,Enel Distribuzione,45.65837189999982,9.14672860000002,
203560526,Novate,132,Enel Distribuzione,45.53080429999982,9.127731600000022,
203560527,Prima Trezzo,132,Prima,45.590584899999826,9.510817100000024,
203560529,Seregno CP,132,retipiù,45.63754859999983,9.222042700000024,
203560530,Seregno CS,132,Gelsia Reti,45.63754859999983,9.222042700000024,
203771704,UT CESI,220,CESI,45.47656210000007,9.25679050000005,
203771705,UT IBM Segrate,132,IBM Italia,45.46652069999989,9.301338000000031,
203771706,Vignate,132,Enel Distribuzione,45.508286200000086,9.359862300000051,
203771713,Vimodrone,132,Enel Distribuzione,45.51078320000009,9.29538570000005,
204097864,Lomellina,132,Lomellina Energia,45.28783440000102,8.783634499999904,
204097865,CS SIT,132,Enel Distribuzione,45.24063520000003,8.713646699999954,
204097866,CNAO CS,132,Enel Distribuzione,45.20109890000001,9.142707000000017,
204097868,Corteolona CS,132,Enel Distribuzione,45.171359499999916,9.360252099999961,
204097870,Gropello Cairoli,132,Enel Distribuzione,45.164753400001004,9.004724899999903,
204097875,Robbio,132,e-distribuzione S.p.A.,45.291189800001014,8.58558719999991,
204210861,Ferrero CS,132,Enel Distribuzione,45.50981680000009,9.45244499999998,
204244031,Italtel CS,132,Enel Distribuzione,45.47799749999996,9.036659600000004,
204244033,Liscate,132,Enel Distribuzione,45.47938209999995,9.428188700000003,
204244035,Melegnano,132,Enel Distribuzione,45.36274049999995,9.318868800000002,
204244036,Milanofiori,132,Enel Distribuzione,45.411343199999955,9.155087800000004,
204244041,Monza,132,Terna,45.57381229999994,9.266278600000009,38-0698
204244042,Musocco,132,A2A,45.507720799999944,9.120859100000008,
204244043,Nosedo CS,132,Enel Distribuzione,45.426223100000016,9.219524100000019,
204252666,Opera,132,Enel Distribuzione,45.37232449999996,9.196993499999977,
204252674,Pieve Emanuele,132,Enel Distribuzione,45.333858899999974,9.194053799999978,
204353174,San Donato MI,132,Enel Distribuzione,45.41546680000003,9.255304900000011,
204353175,San Giuliano,132,Enel Distribuzione,45.39717760000112,9.269595900000036,
204353176,Snam Cinisello,132,e-distribuzione S.p.A.,45.56308490000003,9.234574699999998,
204353177,Solaro,132,Enel Distribuzione,45.60546680000113,9.092798900000037,
204353178,Ceriano Laghetto,132,Enel Distribuzione,45.63688959999997,9.107467400000026,
204635741,Barasso,132,Enel Distribuzione,45.833529399999975,8.750925999999993,
204635742,Cisano Bergamasco,132,Enel Distribuzione,45.736988499999974,9.472948499999994,
204637185,Teleriscaldamento Varese CS,132,e-distribuzione S.p.A.,45.799898100000036,8.8543821,381820
204637742,Bragonzi CS,132,Enel Distribuzione,45.603935699999994,8.749328899999957,
204663507,Cislago CP,132,Enel Distribuzione,45.65440400000002,8.982944399999989,
204663508,Depuratore Sant'Antonino,132,e-distribuzione S.p.A.,45.57829820000016,8.75956469999998,
204663509,UT Depuratore Sant'Antonino,132,Depuratore Sant'Antonino,45.577929099999935,8.759561600000083,
204663511,Malnate,132,Enel Distribuzione,45.81137479999994,8.876910500000083,
204665867,SEA Malpensa,132,Malpensa Energia,45.618254300000046,8.707427100000015,
204665869,UT Holcim,132,Holcim,45.7834763999999,8.6845376000001,
204665870,UT Beko,132,Whirlpool Europel,45.795573299999894,8.7051654000001,
204667018,Sonico,132,Edison S.p.A.,46.17035179999991,10.3488729000001,
205024714,Argegno,132,Enel Distribuzione,45.94131140000002,9.122094700000005,
205024715,Carugo,132,Enel Distribuzione,45.71545480000002,9.176441600000004,
205024716,Montorfano,132,Enel Distribuzione,45.781890000000026,9.162451400000005,38-0212
205062762,Salice CS,132,Enel Distribuzione,45.6935343,9.132235799999993,
205062763,UT Salice Arturo,132,Salice Arturo,45.6939477,9.132512299999991,
205062764,Fenegrò,132,e-distribuzione S.p.A.,45.7041284,9.006609899999992,
205062794,Barzanò,132,Enel Distribuzione,45.73839920000001,9.310678299999992,
205062797,Brivio,132,Enel Distribuzione,45.74532340000001,9.429338699999994,
205625685,Primaluna,132,Enel Distribuzione,45.980119200000026,9.43504119999999,
205625686,Rogeno,132,e-distribuzione S.p.A.,45.77626890000002,9.275731199999989,
205627240,Zelo Buon Persico,132,Enel Distribuzione,45.387116000000205,9.417475199999979,
205627241,Brembio,132,Enel Distribuzione,45.23161840000021,9.538017799999977,
206649666,Ardenno,132,Enel Produzione,46.16997350000034,9.646105400000025,
206649667,Ardenno CP,132,Enel Distribuzione,46.16997350000034,9.646105400000025,
206649668,Armisa,132,Edison,46.121354999999944,9.994997199999974,
207150802,UT Carcano,132,Carcano Antonio S.p.A.,46.1311993000002,9.463005099999965,
207150805,Carcano CS,132,Enel Distribuzione,46.1308649000002,9.462209699999965,
207150815,Dubino,132,Enel Distribuzione,46.15381950000008,9.441764100000013,
207175191,Mallero,132,Enel Produzione,46.191237200000074,9.87052029999999,
207175192,Pedesina,132,Enel Produzione,46.08465090000007,9.556593199999991,
211180338,Maleo,380,Terna,45.15283939999999,9.79405469999999,
211244880,Teglio CP,132,Enel Distribuzione,46.154058800000115,10.084364999999991,
211244881,Val Lesina CS,132,Enel Distribuzione,46.13346400000012,9.477431799999993,
211244882,UT Vallesina,132,Val Lesina,46.13339880000012,9.477022999999994,
215378936,Cartiera Pigna,132,Cartiere Paolo Pigna,45.73358910000009,9.737911099999952,
215378937,Alzano CS,132,Enel Distribuzione,45.73339820000009,9.738015799999951,
215538668,Bordogna,132,Enel Produzione,45.95137739999996,9.713012199999978,
215538670,Dossi,132,Enel Produzione,46.030122799999965,9.984702499999978,
217932953,Gandellino,132,Enel Produzione,45.99327750000207,9.946605099999976,
217932954,Gromo,132,Enel Produzione,45.966584900000534,9.926972900000045,
217932955,Ludrigno TR,132,Enel Distribuzione,45.932773400000535,9.928317400000045,
217932956,Moio de' Calvi,132,Enel Distribuzione,45.951440600000545,9.712564400000044,
222834273,Casale Cremasco,132,Unknown,45.42999699999998,9.722465099999965,
223602665,Ghisalba,132,Enel Distribuzione,45.59790460000004,9.75108390000001,
225113621,Monza Est,132,Enel Distribuzione,45.577316499999995,9.313978400000032,
228782292,Carnate CS,132,Enel Distribuzione,45.65553790000018,9.378706600000028,
236661269,Lacchiarella,380,Terna S.p.A.,45.343501499999945,9.13352440000006,
242178562,Zogno CP,132,Enel Distribuzione,45.790068100000035,9.643622100000007,
253842142,Lamarmora,132,A2A,45.51714840000022,10.211599400000011,
261289630,Goltara,132,A2A,45.67187080000026,9.63808499999999,
264302973,UT Nova Chips,132,Radici Nova Chips,45.89664980000001,9.921380199999978,
281837810,Cedegolo Sud,220,Unknown,46.06249980000013,10.35081820000004,
286053916,Villongo,132,Enel Distribuzione,45.66598259999979,9.924251700000054,
288149641,Mugello,220,Unareti,45.46050000000007,9.222637199999975,
317597010,Treviglio,132,Enel Distribuzione,45.53108780000028,9.594553700000002,
320746040,Lumezzane,132,Terna,45.647978400000035,10.26911389999996,38 - 0302
328241544,Montichiari,132,Enel Distribuzione,45.4086635000002,10.39965449999991,
330468208,Locate,132,Enel Distribuzione,45.70481699999998,9.561492699999995,
339104227,Turano centrale,380,Sorgenia,45.2247337000004,9.636379999999924,
353847416,Montale,132,Enel Distribuzione,45.016969500000016,9.751000499999996,
354287253,Martignana,132,e-distribuzione S.p.A.,45.021933100000034,10.385739099999988,
354561397,Monticelli d'Ongina,132,Enel Distribuzione,45.09139780000002,9.90502420000007,
354561399,Monticelli Ferrovia,132,Enel Distribuzione,45.061941300000036,9.918759200000068,
354561400,Monticelli FS,132,RFI,45.06172380000004,9.918264500000069,
354561401,Cortemaggiore,132,e-distribuzione S.p.A.,45.008844400000044,9.927222200000063,
354561402,Vidalenzo,132,e-distribuzione S.p.A.,45.01028300000006,10.055395000000066,
354923815,Porta Volta,220,A2A,45.484016600000025,9.177659300000037,
356068231,Bagnolo Mella,132,Enel Distribuzione,45.42288130000015,10.1887176,
356072723,Pontevico,132,Terna,45.27036980000022,10.098189300000001,
356661975,Trescore,132,Enel Distribuzione,45.694208500000364,9.852583000000026,
357188495,Sarmato FS,132,RFI,45.06424750000013,9.482425000000044,
368140725,RFI Castione Andevenno,132,RFI,46.16115390000011,9.788893500000004,
370531649,Edison Sarmato G1,220,Edison,45.05189810000006,9.507737799999997,
371477377,Rottofreno,132,Enel Distribuzione,45.05298310000004,9.578032600000004,
371477378,Borgonovo V. T.,132,Enel Distribuzione,45.017359000000035,9.47002230000001,
371482312,Siet,132,Siet,45.05755410000026,9.706155999999996,
371482314,Piacenza Ovest,132,Enel Distribuzione,45.05617310000026,9.674358799999995,
371483799,Piacenza Est,132,Enel Distribuzione,45.04627900000029,9.7185597,
371483800,Piacenza FS,132,RFI,45.0453700000003,9.718221399999994,
371587617,Cementi Rossi,132,Industria Cementi Rossi,45.04627900000029,9.7185597,
371587626,Tecnoborgo sezionamento,132,Enel Distribuzione,45.057831899999925,9.731941299999912,
371591750,Tecnoborgo,132,Tecnoborgo,45.05760119999992,9.731824499999913,
371737497,Isola Serafini,132,Enel Produzione,45.09285400000013,9.905709800000025,
374236634,Sellero CS,132,Enel Distribuzione,46.045245400000724,10.343636199999942,
376642649,Torretta,220,e-distribuzione S.p.A.,45.52965549999995,9.216475900000017,37-0605
380468850,Santo Stefano Lodigiano,132,Enel Distribuzione,45.11065850000001,9.726583599999998,
388254620,UT Scabi G,132,Metal Fra,45.864294600000015,10.162349200000028,
390893484,Gussago,132,Terna,45.55627270000003,10.154082899999967,
396735404,Brandico,132,Unknown,45.45158000000053,10.061534499999995,
398530938,Ospitaletto,132,Enel Distribuzione,45.54998760000004,10.085435299999974,
411945725,SSE Lodi RFI,132,RFI,45.307043000000455,9.50347489999998,
411981317,Pandino Est,132,Enel Distribuzione,45.398882499999935,9.565198199999985,
411981320,Tamoil CS,132,AEM Cremona,45.142409699999924,9.986558400000037,
411981325,UT Arvedi ISP,380,Acciaieria ISP Cremona,45.148261299999874,9.942296000000029,
412053039,Ciserano CP,132,Enel Distribuzione,45.579182200000105,9.602042800000017,
412053041,Stezzano,132,Enel Distribuzione,45.6366181999999,9.657772299999971,
412053042,UT Radici Fil,132,Radici Fil,45.8103899999999,9.867986799999969,
412350280,Flero CP,132,Enel Distribuzione,45.491536400000136,10.195550600000011,
412351071,UT Gnutti Chiari,132,Trafilerie Gnutti,45.54283880000003,9.9237887,
412916562,Canneto Oglio CS,132,Enel Distribuzione,45.18223760000135,10.366478300000038,
412916572,UT DLV,132,Giva,45.18223760000135,10.366478300000038,
412916575,UT OFAR,132,Giva,45.18209550000135,10.367027500000038,
412948771,Castione Andevenno,132,Enel Distribuzione,46.16115390000011,9.788893500000004,
412949701,Cosio Valtellino,132,Enel Distribuzione,46.12994770000017,9.54744539999996,
412967417,Fusine,132,Terna S.p.A.,46.15144300000022,9.75863139999994,
412967421,Belviso,220,Edison,46.15356610000027,10.085512700000052,
412967422,Gerola,132,Enel Produzione,46.05308330000023,9.55056439999994,
414164628,Fomas,132,Fomas,45.68018099999998,9.410207299999986,
414164630,Molino CS,132,Enel Distribuzione,45.38187680000008,10.488711100000009,
414164632,Tavazzano TAG,132,EP Produzione,45.334559400000394,9.438667199999982,
414164633,UT Fulgar,132,Fulgar,45.28109600000004,10.474884999999995,
414164634,UT Huntsman,132,Huntsman,45.400747200000076,10.47430200000001,
414765847,Chiuduno,132,Enel Distribuzione,45.63695590000019,9.851474800000014,
414765848,Tagliuno,132,Enel Distribuzione,45.63489420000055,9.907455400000021,
414767241,Comun Nuovo CS,132,Enel Distribuzione,45.619220900000016,9.657515700000054,
414767242,Cortenuova,132,Enel Distribuzione,45.53100040000027,9.815700800000034,
414767243,REA Dalmine,132,REA,45.634929400000274,9.607969100000032,
414769668,ACO Guss,132,ACO Guss,45.4848061,9.698141100000015,
414769669,Mozzanica CS,132,Enel Distribuzione,45.48504540000023,9.69814390000003,
414772920,Ponte Nossa CS,132,Enel Distribuzione,45.8603668000002,9.874420600000027,
414772921,Stamperia CS,132,Enel Distribuzione,45.51254260000112,9.56933899999999,
414772922,UT Geteca,132,Geteca,45.866644400000204,9.887955500000025,
414772923,UT Ponte Nossa,132,Ponte Nossa,45.8602726000002,9.874207600000029,
414772924,Verdellino,132,e-distribuzione S.p.A.,45.612019600000195,9.607620400000027,
414787622,Torbole CS,132,Enel Distribuzione,45.52075070000003,10.134466600000012,
414787623,UT ATB Caldereria,132,ATB Caldereria,45.53682870000003,10.172627100000012,
414787624,UT Riva Acciaio Sellero,132,Riva Acciaio,46.045245400000724,10.343636199999942,
414787626,UT Scabi,132,Scabi,45.92872579999979,10.283448400000074,
414933388,Lonato CS,132,Enel Distribuzione,45.45902479999959,10.458783900000066,
414933389,Mazzano ASM,132,Unareti S.p.A.,45.50889019999992,10.34601109999999,
414933391,Pantano d'Avio,132,Enel Produzione,46.17704870000126,10.35422699999996,
414933393,UT Bredina,132,Bredina Acciai,45.644060399999915,10.380189199999988,
414933394,UT Ghidini,132,Ghidini Trafilerie S.p.A.,45.645537899999916,10.257015799999987,
414937299,Alenia Cameri,132,Alenia Aeronautica,45.520254299999934,8.679592299999992,
415074853,Edolo CP,132,Terna,46.17129330000064,10.343279300000018,
415074854,RFI Ponte San Marco,132,RFI,45.48228160000063,10.35936450000002,
415074855,San Zeno CS,132,Enel Distribuzione,45.47983260000064,10.211323900000021,
416857867,Bovisio CP,132,Enel Distribuzione,45.611595099999896,9.171513499999996,
416857875,Magenta CP,132,Enel Distribuzione,45.47408000000006,8.879264899999985,
416857881,RCS,132,Enel Distribuzione,45.54021750000017,9.398089399999991,
421827451,La Casella centrale,380,Enel Produzione,45.09176050000013,9.478553799999913,
421827453,Piacenza,380,Edipower,45.056534200000115,9.708738699999913,
430929519,Arcore CS Edison,132,Edison,45.63005340000065,9.343219200000012,
430929520,UT Fiera Milano,132,Fiera Milano,45.52789250000064,9.090223600000014,
430929521,Settimo Milanese,132,Enel Distribuzione,45.47938250000064,9.039252900000013,
430929522,Fiera Nuova CP,132,Enel Distribuzione,45.52789250000064,9.090223600000014,
430929523,UT Rhodia,132,Caffaro,45.62311590000002,9.081933100000022,
430933809,Monastero,132,Enel Produzione,46.15477350000065,9.44158670000001,
432105181,Cenate CS,132,Enel Distribuzione,45.68689130000002,9.81590780000003,
432105182,Malpensata CS,132,Enel Distribuzione,45.672964999999955,9.67307739999995,
432105183,San Pietro d'Orzio,132,Enel Produzione,45.90087060000003,9.660091100000052,
434743359,Donegani,132,Unareti S.p.A.,45.54118710000032,10.205518299999994,
434743360,Nozza,132,Unareti S.p.A.,45.70709850000031,10.392133199999998,
434743361,UT Forgiatura Morandini,132,Unknown,45.94050820000031,10.2587896,
434743362,UT Lucchini Casto,132,Lucchini,45.70158860000032,10.363166999999997,
434743363,XXV Aprile,132,Unareti S.p.A.,45.52663630000033,10.232796399999994,
435114152,Cortefranca,150,Enel Distribuzione,45.6246051000001,9.989803499999953,
435114154,UT Capra Raffineria,132,Raffineria Metalli Capra,45.45325860000012,10.23571780000003,
435450642,Enel Distribuzione Pianico,132,Enel Distribuzione,45.80780490000015,10.030252799999964,
440410102,UT Ecobat,132,Ecobat Industrie,45.55252460000021,9.146572600000026,
448777455,Gadio,220,A2A,45.47326429999999,9.180867200000012,
449074326,Esine IC,132,Terna S.p.A.,45.89404690000012,10.219296199999988,
462537998,Substation_462537998,132,Unknown,45.69204740000004,9.686932099999984,C. P. Bergamo Boccaleone
490278889,Memc,132,Memc,45.457094199999815,8.646389699999888,
535250635,UT Textile,132,Fimtextile,45.8660849,9.887429099999974,
535250636,UT Polymerlatex,132,Polymerlatex,45.614259900001116,9.550970699999992,
557787329,Paderno Franciacorta,132,Terna,45.59437020000005,10.086760099999989,
772234863,Verderio,380,Terna S.p.A.,45.6582967,9.4534488,
839015342,Esterle,132,Edison,45.6537183999999,9.483485399999985,
1037161976,Substation_1037161976,132,RFI,45.52014969999995,9.956514700000062,
1103209696,Cornegliano Laudense,132,Terna S.p.A.,45.29043749999996,9.460114399999963,
1103209697,Substation_1103209697,132,Italgas,45.28980149999996,9.460289499999963,
1103414034,Substation_1103414034,132,Unknown,45.52024219999995,9.957492100000062,
1103421112,SE Musocco,220,Terna S.p.A.,45.507360899999945,9.120887800000007,
1203262444,San Cristoforo,220,Unareti,45.436110399999954,9.130203199999963,
1204275778,Rozzano,220,Unareti,45.392764799999966,9.153869100000044,
1205235724,Venezia,220,Unareti,45.472526299999956,9.20734340000004,
1265823157,Substation_1265823157,132,Unknown,45.69475979999985,9.658265900000034,
1269734327,Vedello,132,Edison,46.11009180000007,9.901610100000008,
1279728322,Dossi,132,Unknown,46.02993860000004,9.984647600000002,
1306185882,Vulcano CDS,132,Terna,45.545858700000046,9.246796399999987,
1340358904,Stazione elettrica Magenta,380,Terna,45.47430300000004,8.872539599999994,
