transformer_id,bus0,bus1,voltage_bus0,voltage_bus1,geometry
transf_0_0,0,1,220.0,400.0,'LINESTRING (20.0539 41.0932, 20.0549 41.0942)'
transf_1_0,2,3,220.0,400.0,'LINESTRING (19.8208 42.1014, 19.8218 42.1024)'
transf_2_0,4,5,220.0,400.0,'LINESTRING (19.6383 42.013, 19.6393 42.014)'
transf_8_0,11,12,220.0,400.0,'LINESTRING (19.6977 41.3586, 19.6987 41.3596)'
transf_11_0,15,16,220.0,380.0,'LINESTRING (16.3846 48.3557, 16.3856 48.3567)'
transf_11_1,16,17,380.0,400.0,'LINESTRING (16.3856 48.3567, 16.3866 48.3577)'
transf_13_0,19,20,380.0,400.0,'LINESTRING (16.3901 48.2793, 16.3911 48.2803)'
transf_15_0,22,23,220.0,380.0,'LINESTRING (14.4711 48.1192, 14.4721 48.1202)'
transf_16_0,24,25,220.0,380.0,'LINESTRING (16.4255 48.1379, 16.4265 48.1389)'
transf_22_0,31,32,220.0,380.0,'LINESTRING (12.74 47.2686, 12.741 47.2696)'
transf_25_0,35,36,220.0,380.0,'LINESTRING (15.8845 48.3387, 15.8855 48.3397)'
transf_26_0,37,38,220.0,380.0,'LINESTRING (9.5708 47.3108, 9.5718 47.3118)'
transf_27_0,39,40,220.0,380.0,'LINESTRING (13.0565 48.2701, 13.0575 48.2711)'
transf_35_0,48,49,220.0,380.0,'LINESTRING (14.686 46.661, 14.687 46.662)'
transf_47_0,61,62,220.0,380.0,'LINESTRING (16.8003 48.6058, 16.8013 48.6068)'
transf_49_0,64,65,220.0,380.0,'LINESTRING (9.8104 47.1451, 9.8114 47.1461)'
transf_50_0,66,67,220.0,380.0,'LINESTRING (13.0664 47.8875, 13.0674 47.8885)'
transf_53_0,70,71,220.0,380.0,'LINESTRING (11.8978 47.2338, 11.8988 47.2348)'
transf_56_0,74,75,220.0,380.0,'LINESTRING (12.8057 46.825, 12.8067 46.826)'
transf_57_0,76,77,220.0,380.0,'LINESTRING (16.9952 47.937, 16.9962 47.938)'
transf_64_0,84,85,220.0,380.0,'LINESTRING (10.8725 47.2448, 10.8735 47.2458)'
transf_67_0,88,89,220.0,380.0,'LINESTRING (10.4912 46.8615, 10.4922 46.8625)'
transf_71_0,93,94,220.0,400.0,'LINESTRING (17.7875 43.292, 17.7885 43.293)'
transf_74_0,97,98,220.0,400.0,'LINESTRING (18.3337 42.6774, 18.3347 42.6784)'
transf_77_0,101,102,220.0,400.0,'LINESTRING (18.6054 44.4942, 18.6064 44.4952)'
transf_80_0,105,106,220.0,380.0,'LINESTRING (5.6831 50.7509, 5.6841 50.7519)'
transf_88_0,114,115,380.0,400.0,'LINESTRING (3.4689 50.7824, 3.4699 50.7834)'
transf_95_0,122,123,220.0,380.0,'LINESTRING (5.8472 50.3773, 5.8482 50.3783)'
transf_98_0,126,127,220.0,380.0,'LINESTRING (5.6686 49.9839, 5.6696 49.9849)'
transf_103_0,132,133,220.0,380.0,'LINESTRING (5.7969 50.15, 5.7979 50.151)'
transf_104_0,134,135,220.0,225.0,'LINESTRING (5.7812 49.5577, 5.7822 49.5587)'
transf_104_1,135,136,225.0,380.0,'LINESTRING (5.7822 49.5587, 5.7832 49.5597)'
transf_108_0,140,141,220.0,380.0,'LINESTRING (3.1784 51.3262, 3.1794 51.3272)'
transf_114_0,147,148,220.0,400.0,'LINESTRING (23.6196 42.7213, 23.6206 42.7223)'
transf_115_0,149,150,220.0,400.0,'LINESTRING (23.5243 42.7549, 23.5253 42.7559)'
transf_118_0,153,154,220.0,400.0,'LINESTRING (24.7763 42.1104, 24.7773 42.1114)'
transf_119_0,155,156,220.0,400.0,'LINESTRING (25.5613 43.0857, 25.5623 43.0867)'
transf_120_0,157,158,220.0,400.0,'LINESTRING (27.5509 43.3475, 27.5519 43.3485)'
transf_122_0,160,161,220.0,400.0,'LINESTRING (23.7902 43.7464, 23.7912 43.7474)'
transf_123_0,162,163,220.0,400.0,'LINESTRING (26.0039 42.1414, 26.0049 42.1424)'
transf_126_0,166,167,220.0,400.0,'LINESTRING (24.1666 43.2652, 24.1676 43.2662)'
transf_129_0,170,171,220.0,400.0,'LINESTRING (23.3593 43.4508, 23.3603 43.4518)'
transf_131_0,173,174,220.0,400.0,'LINESTRING (23.8911 42.2064, 23.8921 42.2074)'
transf_133_0,176,177,220.0,400.0,'LINESTRING (25.8789 42.1335, 25.8799 42.1345)'
transf_142_0,186,187,220.0,380.0,'LINESTRING (8.6748 47.4664, 8.6758 47.4674)'
transf_147_0,192,193,220.0,380.0,'LINESTRING (7.8467 47.4779, 7.8477 47.4789)'
transf_150_0,196,197,220.0,380.0,'LINESTRING (8.3365 47.1154, 8.3375 47.1164)'
transf_152_0,199,200,220.0,380.0,'LINESTRING (8.2108 47.5748, 8.2118 47.5758)'
transf_153_0,201,202,220.0,380.0,'LINESTRING (9.3902 46.7981, 9.3912 46.7991)'
transf_155_0,204,205,220.0,380.0,'LINESTRING (7.972 47.3511, 7.973 47.3521)'
transf_156_0,206,207,220.0,380.0,'LINESTRING (6.6011 46.5551, 6.6021 46.5561)'
transf_157_0,208,209,220.0,380.0,'LINESTRING (8.0444 47.5537, 8.0454 47.5547)'
transf_159_0,211,212,220.0,380.0,'LINESTRING (8.6854 47.1865, 8.6864 47.1875)'
transf_160_0,213,214,220.0,380.0,'LINESTRING (6.466 46.5442, 6.467 46.5452)'
transf_161_0,215,216,220.0,225.0,'LINESTRING (6.9735 46.265, 6.9745 46.266)'
transf_161_1,216,217,225.0,380.0,'LINESTRING (6.9745 46.266, 6.9755 46.267)'
transf_168_0,224,225,220.0,225.0,'LINESTRING (8.7686 46.676, 8.7696 46.677)'
transf_170_0,227,228,220.0,380.0,'LINESTRING (7.67 47.5172, 7.671 47.5182)'
transf_172_0,230,231,220.0,380.0,'LINESTRING (7.2591 47.338, 7.2601 47.339)'
transf_175_0,234,235,220.0,380.0,'LINESTRING (8.6659 46.7752, 8.6669 46.7762)'
transf_176_0,236,237,220.0,380.0,'LINESTRING (8.1236 47.1877, 8.1246 47.1887)'
transf_177_0,238,239,220.0,222.0,'LINESTRING (7.6183 47.2306, 7.6193 47.2316)'
transf_182_0,244,245,220.0,380.0,'LINESTRING (8.2144 47.4257, 8.2154 47.4267)'
transf_183_0,246,247,220.0,225.0,'LINESTRING (6.0445 46.2252, 6.0455 46.2262)'
transf_183_1,247,248,225.0,380.0,'LINESTRING (6.0455 46.2262, 6.0465 46.2272)'
transf_183_2,248,249,380.0,400.0,'LINESTRING (6.0465 46.2272, 6.0475 46.2282)'
transf_184_0,250,251,220.0,380.0,'LINESTRING (8.9813 47.2039, 8.9823 47.2049)'
transf_187_0,254,255,220.0,380.0,'LINESTRING (9.4667 46.7044, 9.4677 46.7054)'
transf_190_0,258,259,220.0,380.0,'LINESTRING (9.0438 46.752, 9.0448 46.753)'
transf_193_0,262,263,220.0,225.0,'LINESTRING (7.5586 46.287, 7.5596 46.288)'
transf_193_1,263,264,225.0,380.0,'LINESTRING (7.5596 46.288, 7.5606 46.289)'
transf_194_0,265,266,220.0,380.0,'LINESTRING (7.3907 46.2274, 7.3917 46.2284)'
transf_197_0,269,270,220.0,225.0,'LINESTRING (7.244 46.1791, 7.245 46.1801)'
transf_197_1,270,271,225.0,380.0,'LINESTRING (7.245 46.1801, 7.246 46.1811)'
transf_199_0,273,274,220.0,225.0,'LINESTRING (6.951 46.0608, 6.952 46.0618)'
transf_199_1,274,275,225.0,380.0,'LINESTRING (6.952 46.0618, 6.953 46.0628)'
transf_200_0,276,277,220.0,225.0,'LINESTRING (6.1274 46.2713, 6.1284 46.2723)'
transf_200_1,277,278,225.0,380.0,'LINESTRING (6.1284 46.2723, 6.1294 46.2733)'
transf_200_2,278,279,380.0,400.0,'LINESTRING (6.1294 46.2733, 6.1304 46.2743)'
transf_208_0,287,288,220.0,380.0,'LINESTRING (9.214 46.3406, 9.215 46.3416)'
transf_210_0,290,291,220.0,380.0,'LINESTRING (8.9125 46.1637, 8.9135 46.1647)'
transf_212_0,293,294,220.0,225.0,'LINESTRING (8.1341 46.3913, 8.1351 46.3923)'
transf_212_1,294,295,225.0,380.0,'LINESTRING (8.1351 46.3923, 8.1361 46.3933)'
transf_213_0,296,297,220.0,380.0,'LINESTRING (9.1926 46.7722, 9.1936 46.7732)'
transf_214_0,298,299,220.0,380.0,'LINESTRING (7.7529 47.5391, 7.7539 47.5401)'
transf_218_0,303,304,220.0,380.0,'LINESTRING (6.9346 46.3935, 6.9356 46.3945)'
transf_219_0,305,306,220.0,225.0,'LINESTRING (7.0608 46.1188, 7.0618 46.1198)'
transf_219_1,306,307,225.0,380.0,'LINESTRING (7.0618 46.1198, 7.0628 46.1208)'
transf_219_2,307,308,380.0,400.0,'LINESTRING (7.0628 46.1208, 7.0638 46.1218)'
transf_222_0,311,312,220.0,380.0,'LINESTRING (8.838 46.4408, 8.839 46.4418)'
transf_222_1,312,313,380.0,400.0,'LINESTRING (8.839 46.4418, 8.84 46.4428)'
transf_223_0,314,315,220.0,380.0,'LINESTRING (8.0267 46.3414, 8.0277 46.3424)'
transf_226_0,318,319,220.0,380.0,'LINESTRING (7.279 46.972, 7.28 46.973)'
transf_229_0,322,323,220.0,400.0,'LINESTRING (16.7011 49.1117, 16.7021 49.1127)'
transf_231_0,325,326,220.0,400.0,'LINESTRING (13.3303 50.3571, 13.3313 50.3581)'
transf_234_0,329,330,220.0,400.0,'LINESTRING (13.6927 50.4086, 13.6937 50.4096)'
transf_237_0,333,334,220.0,400.0,'LINESTRING (14.7675 50.1429, 14.7685 50.1439)'
transf_240_0,337,338,220.0,400.0,'LINESTRING (15.1098 50.6565, 15.1108 50.6575)'
transf_242_0,340,341,220.0,400.0,'LINESTRING (13.3339 49.5894, 13.3349 49.5904)'
transf_243_0,342,343,220.0,400.0,'LINESTRING (14.5042 50.0108, 14.5052 50.0118)'
transf_244_0,344,345,220.0,400.0,'LINESTRING (14.072 49.5883, 14.073 49.5893)'
transf_253_0,354,355,220.0,400.0,'LINESTRING (17.4986 49.503, 17.4996 49.504)'
transf_256_0,358,359,220.0,400.0,'LINESTRING (12.6945 50.1736, 12.6955 50.1746)'
transf_259_0,362,363,220.0,400.0,'LINESTRING (13.816 50.5791, 13.817 50.5801)'
transf_267_0,371,372,220.0,380.0,'LINESTRING (11.3708 48.2915, 11.3718 48.2925)'
transf_268_0,373,374,220.0,380.0,'LINESTRING (6.9445 51.0162, 6.9455 51.0172)'
transf_269_0,375,376,220.0,380.0,'LINESTRING (9.986 53.7542, 9.987 53.7552)'
transf_270_0,377,378,220.0,380.0,'LINESTRING (6.8429 50.8645, 6.8439 50.8655)'
transf_271_0,379,380,220.0,380.0,'LINESTRING (6.95 50.8177, 6.951 50.8187)'
transf_272_0,381,382,220.0,380.0,'LINESTRING (7.1593 50.8024, 7.1603 50.8034)'
transf_273_0,383,384,220.0,380.0,'LINESTRING (7.0268 51.6243, 7.0278 51.6253)'
transf_275_0,386,387,220.0,380.0,'LINESTRING (7.464 51.4251, 7.465 51.4261)'
transf_276_0,388,389,220.0,380.0,'LINESTRING (13.5131 52.4898, 13.5141 52.4908)'
transf_277_0,390,391,220.0,380.0,'LINESTRING (7.1412 51.5058, 7.1422 51.5068)'
transf_279_0,393,394,220.0,380.0,'LINESTRING (12.8134 50.8577, 12.8144 50.8587)'
transf_281_0,396,397,220.0,380.0,'LINESTRING (6.8397 51.1474, 6.8407 51.1484)'
transf_283_0,399,400,220.0,380.0,'LINESTRING (8.7732 49.9736, 8.7742 49.9746)'
transf_284_0,401,402,220.0,380.0,'LINESTRING (6.6061 51.4643, 6.6071 51.4653)'
transf_286_0,404,405,220.0,380.0,'LINESTRING (8.4972 50.0681, 8.4982 50.0691)'
transf_288_0,407,408,220.0,380.0,'LINESTRING (8.0939 53.5761, 8.0949 53.5771)'
transf_290_0,410,411,220.0,380.0,'LINESTRING (8.874 50.1297, 8.875 50.1307)'
transf_292_0,413,414,220.0,380.0,'LINESTRING (11.4293 48.1917, 11.4303 48.1927)'
transf_294_0,416,417,220.0,380.0,'LINESTRING (11.8308 48.2188, 11.8318 48.2198)'
transf_298_0,421,422,220.0,380.0,'LINESTRING (10.3667 52.2847, 10.3677 52.2857)'
transf_299_0,423,424,220.0,380.0,'LINESTRING (8.6384 51.9942, 8.6394 51.9952)'
transf_300_0,425,426,220.0,380.0,'LINESTRING (6.6084 51.0445, 6.6094 51.0455)'
transf_302_0,428,429,220.0,380.0,'LINESTRING (10.2121 52.2985, 10.2131 52.2995)'
transf_307_0,434,435,220.0,380.0,'LINESTRING (7.3858 51.6333, 7.3868 51.6343)'
transf_309_0,437,438,220.0,380.0,'LINESTRING (6.6763 51.618, 6.6773 51.619)'
transf_310_0,439,440,220.0,380.0,'LINESTRING (6.7422 51.5042, 6.7432 51.5052)'
transf_311_0,441,442,220.0,380.0,'LINESTRING (6.7017 51.3609, 6.7027 51.3619)'
transf_313_0,444,445,220.0,380.0,'LINESTRING (9.5562 53.5764, 9.5572 53.5774)'
transf_317_0,449,450,220.0,380.0,'LINESTRING (10.8427 49.379, 10.8437 49.38)'
transf_318_0,451,452,220.0,380.0,'LINESTRING (10.1804 49.981, 10.1814 49.982)'
transf_325_0,459,460,220.0,380.0,'LINESTRING (11.5068 48.7613, 11.5078 48.7623)'
transf_326_0,461,462,220.0,380.0,'LINESTRING (6.6099 51.2517, 6.6109 51.2527)'
transf_327_0,463,464,220.0,380.0,'LINESTRING (6.3703 51.2338, 6.3713 51.2348)'
transf_328_0,465,466,220.0,380.0,'LINESTRING (6.6921 51.0008, 6.6931 51.0018)'
transf_329_0,467,468,220.0,380.0,'LINESTRING (6.983 51.5135, 6.984 51.5145)'
transf_330_0,469,470,220.0,380.0,'LINESTRING (13.1016 48.6656, 13.1026 48.6666)'
transf_333_0,473,474,220.0,380.0,'LINESTRING (9.4242 48.063, 9.4252 48.064)'
transf_336_0,477,478,220.0,380.0,'LINESTRING (7.5072 51.9611, 7.5082 51.9621)'
transf_337_0,479,480,220.0,380.0,'LINESTRING (9.1459 49.145, 9.1469 49.146)'
transf_339_0,482,483,220.0,380.0,'LINESTRING (9.2022 48.9208, 9.2032 48.9218)'
transf_346_0,490,491,220.0,380.0,'LINESTRING (11.6414 52.2687, 11.6424 52.2697)'
transf_353_0,498,499,220.0,380.0,'LINESTRING (12.9573 52.582, 12.9583 52.583)'
transf_355_0,501,502,220.0,380.0,'LINESTRING (9.1207 52.5407, 9.1217 52.5417)'
transf_356_0,503,504,220.0,380.0,'LINESTRING (6.7107 51.0887, 6.7117 51.0897)'
transf_361_0,509,510,220.0,380.0,'LINESTRING (7.2698 51.5715, 7.2708 51.5725)'
transf_365_0,514,515,220.0,380.0,'LINESTRING (12.0793 49.296, 12.0803 49.297)'
transf_366_0,516,517,220.0,380.0,'LINESTRING (7.0562 51.6953, 7.0572 51.6963)'
transf_367_0,518,519,220.0,380.0,'LINESTRING (12.1172 49.6361, 12.1182 49.6371)'
transf_369_0,521,522,220.0,380.0,'LINESTRING (13.3066 52.2286, 13.3076 52.2296)'
transf_372_0,525,526,220.0,380.0,'LINESTRING (7.7391 52.2824, 7.7401 52.2834)'
transf_373_0,527,528,220.0,380.0,'LINESTRING (11.9019 51.3988, 11.9029 51.3998)'
transf_375_0,530,531,220.0,380.0,'LINESTRING (13.958 53.2529, 13.959 53.2539)'
transf_382_0,538,539,220.0,250.0,'LINESTRING (9.2163 53.9016, 9.2173 53.9026)'
transf_382_1,539,540,250.0,320.0,'LINESTRING (9.2173 53.9026, 9.2183 53.9036)'
transf_382_2,540,541,320.0,380.0,'LINESTRING (9.2183 53.9036, 9.2193 53.9046)'
transf_383_0,542,543,220.0,380.0,'LINESTRING (9.2478 48.5503, 9.2488 48.5513)'
transf_384_0,544,545,220.0,380.0,'LINESTRING (10.0756 48.2726, 10.0766 48.2736)'
transf_387_0,548,549,220.0,380.0,'LINESTRING (9.7899 47.652, 9.7909 47.653)'
transf_388_0,550,551,220.0,380.0,'LINESTRING (9.6448 47.7446, 9.6458 47.7456)'
transf_390_0,553,554,220.0,380.0,'LINESTRING (8.2556 47.6338, 8.2566 47.6348)'
transf_393_0,557,558,220.0,380.0,'LINESTRING (12.1866 53.816, 12.1876 53.817)'
transf_394_0,559,560,220.0,380.0,'LINESTRING (12.2147 54.1061, 12.2157 54.1071)'
transf_395_0,561,562,220.0,380.0,'LINESTRING (8.4751 53.4288, 8.4761 53.4298)'
transf_401_0,568,569,220.0,380.0,'LINESTRING (8.3105 49.0158, 8.3115 49.0168)'
transf_402_0,570,571,220.0,380.0,'LINESTRING (12.5187 51.1563, 12.5197 51.1573)'
transf_404_0,573,574,220.0,380.0,'LINESTRING (8.6412 48.8902, 8.6422 48.8912)'
transf_405_0,575,576,220.0,380.0,'LINESTRING (9.4935 53.6368, 9.4945 53.6378)'
transf_407_0,578,579,220.0,380.0,'LINESTRING (11.7278 52.5687, 11.7288 52.5697)'
transf_408_0,580,581,220.0,380.0,'LINESTRING (8.3045 52.3598, 8.3055 52.3608)'
transf_409_0,582,583,220.0,380.0,'LINESTRING (7.1099 51.1577, 7.1109 51.1587)'
transf_410_0,584,585,220.0,380.0,'LINESTRING (7.2306 53.3512, 7.2316 53.3522)'
transf_411_0,586,587,220.0,380.0,'LINESTRING (9.7282 54.2955, 9.7292 54.2965)'
transf_412_0,588,589,220.0,380.0,'LINESTRING (7.3002 51.4569, 7.3012 51.4579)'
transf_415_0,592,593,220.0,380.0,'LINESTRING (8.1069 52.2617, 8.1079 52.2627)'
transf_418_0,596,597,220.0,380.0,'LINESTRING (8.3271 52.0686, 8.3281 52.0696)'
transf_423_0,602,603,220.0,380.0,'LINESTRING (9.195 49.0371, 9.196 49.0381)'
transf_424_0,604,605,220.0,380.0,'LINESTRING (9.8863 48.3036, 9.8873 48.3046)'
transf_427_0,608,609,220.0,380.0,'LINESTRING (6.8125 49.7244, 6.8135 49.7254)'
transf_428_0,610,611,220.0,380.0,'LINESTRING (8.9602 50.0814, 8.9612 50.0824)'
transf_429_0,612,613,220.0,380.0,'LINESTRING (7.0155 50.619, 7.0165 50.62)'
transf_431_0,615,616,220.0,380.0,'LINESTRING (7.7101 51.6775, 7.7111 51.6785)'
transf_438_0,623,624,220.0,380.0,'LINESTRING (7.6104 51.9035, 7.6114 51.9045)'
transf_439_0,625,626,220.0,380.0,'LINESTRING (8.4056 53.2246, 8.4066 53.2256)'
transf_440_0,627,628,220.0,380.0,'LINESTRING (9.0496 48.9078, 9.0506 48.9088)'
transf_442_0,630,631,220.0,380.0,'LINESTRING (8.6983 49.3023, 8.6993 49.3033)'
transf_443_0,632,633,220.0,380.0,'LINESTRING (8.4823 49.2661, 8.4833 49.2671)'
transf_451_0,641,642,220.0,380.0,'LINESTRING (7.0023 49.3727, 7.0033 49.3737)'
transf_452_0,643,644,220.0,380.0,'LINESTRING (9.0789 49.9796, 9.0799 49.9806)'
transf_453_0,645,646,220.0,380.0,'LINESTRING (10.3644 47.7389, 10.3654 47.7399)'
transf_455_0,648,649,380.0,400.0,'LINESTRING (14.9438 51.0557, 14.9448 51.0567)'
transf_456_0,650,651,220.0,380.0,'LINESTRING (11.8551 53.0938, 11.8561 53.0948)'
transf_457_0,652,653,220.0,380.0,'LINESTRING (9.3958 53.9379, 9.3968 53.9389)'
transf_458_0,654,655,220.0,380.0,'LINESTRING (7.3107 52.4748, 7.3117 52.4758)'
transf_460_0,657,658,220.0,380.0,'LINESTRING (7.1767 51.3968, 7.1777 51.3978)'
transf_463_0,661,662,220.0,380.0,'LINESTRING (10.7849 53.9028, 10.7859 53.9038)'
transf_463_1,662,663,380.0,440.0,'LINESTRING (10.7859 53.9038, 10.7869 53.9048)'
transf_469_0,669,670,220.0,380.0,'LINESTRING (6.7681 49.3543, 6.7691 49.3553)'
transf_470_0,671,672,220.0,380.0,'LINESTRING (6.7571 49.2876, 6.7581 49.2886)'
transf_470_1,672,673,380.0,400.0,'LINESTRING (6.7581 49.2886, 6.7591 49.2896)'
transf_471_0,674,675,220.0,380.0,'LINESTRING (7.683 51.2576, 7.684 51.2586)'
transf_472_0,676,677,220.0,380.0,'LINESTRING (7.7505 48.0938, 7.7515 48.0948)'
transf_473_0,678,679,220.0,380.0,'LINESTRING (9.3994 53.8653, 9.4004 53.8663)'
transf_474_0,680,681,220.0,380.0,'LINESTRING (7.0001 51.2486, 7.0011 51.2496)'
transf_475_0,682,683,220.0,380.0,'LINESTRING (7.9335 47.587, 7.9345 47.588)'
transf_476_0,684,685,220.0,380.0,'LINESTRING (7.9631 50.8428, 7.9641 50.8438)'
transf_478_0,687,688,220.0,380.0,'LINESTRING (7.2359 49.363, 7.2369 49.364)'
transf_481_0,691,692,220.0,380.0,'LINESTRING (7.2284 51.2253, 7.2294 51.2263)'
transf_484_0,695,696,220.0,380.0,'LINESTRING (6.9947 51.1741, 6.9957 51.1751)'
transf_486_0,698,699,220.0,380.0,'LINESTRING (7.893 52.2759, 7.894 52.2769)'
transf_487_0,700,701,220.0,380.0,'LINESTRING (11.6444 50.5345, 11.6454 50.5355)'
transf_490_0,704,705,220.0,380.0,'LINESTRING (11.806 48.4559, 11.807 48.4569)'
transf_491_0,706,707,220.0,380.0,'LINESTRING (13.7046 52.5465, 13.7056 52.5475)'
transf_492_0,708,709,220.0,380.0,'LINESTRING (11.5839 48.7658, 11.5849 48.7668)'
transf_494_0,711,712,220.0,380.0,'LINESTRING (11.1239 50.9977, 11.1249 50.9987)'
transf_495_0,713,714,220.0,380.0,'LINESTRING (9.1066 49.303, 9.1076 49.304)'
transf_497_0,716,717,220.0,380.0,'LINESTRING (6.5861 49.7746, 6.5871 49.7756)'
transf_498_0,718,719,220.0,380.0,'LINESTRING (7.9093 48.5014, 7.9103 48.5024)'
transf_499_0,720,721,220.0,380.0,'LINESTRING (8.5862 49.8153, 8.5872 49.8163)'
transf_502_0,724,725,220.0,380.0,'LINESTRING (8.4208 49.6355, 8.4218 49.6365)'
transf_503_0,726,727,220.0,380.0,'LINESTRING (6.4857 49.9116, 6.4867 49.9126)'
transf_504_0,728,729,220.0,380.0,'LINESTRING (6.7262 49.8297, 6.7272 49.8307)'
transf_505_0,730,731,220.0,380.0,'LINESTRING (7.7248 49.4857, 7.7258 49.4867)'
transf_507_0,733,734,220.0,380.0,'LINESTRING (7.8922 50.7448, 7.8932 50.7458)'
transf_508_0,735,736,220.0,380.0,'LINESTRING (8.346 49.4177, 8.347 49.4187)'
transf_509_0,737,738,220.0,380.0,'LINESTRING (8.4012 49.5446, 8.4022 49.5456)'
transf_510_0,739,740,220.0,380.0,'LINESTRING (8.5226 49.4426, 8.5236 49.4436)'
transf_511_0,741,742,220.0,380.0,'LINESTRING (7.4422 50.4079, 7.4432 50.4089)'
transf_514_0,745,746,220.0,380.0,'LINESTRING (12.0472 50.7863, 12.0482 50.7873)'
transf_515_0,747,748,220.0,380.0,'LINESTRING (8.6389 49.3526, 8.6399 49.3536)'
transf_527_0,760,761,220.0,380.0,'LINESTRING (14.2645 53.1022, 14.2655 53.1032)'
transf_527_1,761,762,380.0,400.0,'LINESTRING (14.2655 53.1032, 14.2665 53.1042)'
transf_528_0,763,764,220.0,380.0,'LINESTRING (9.6039 51.3381, 9.6049 51.3391)'
transf_530_0,766,767,300.0,380.0,'LINESTRING (7.3112 53.1261, 7.3122 53.1271)'
transf_531_0,768,769,220.0,380.0,'LINESTRING (7.8176 49.9068, 7.8186 49.9078)'
transf_538_0,776,777,220.0,380.0,'LINESTRING (8.3074 49.2568, 8.3084 49.2578)'
transf_539_0,778,779,220.0,380.0,'LINESTRING (8.5234 53.2098, 8.5244 53.2108)'
transf_541_0,781,782,220.0,380.0,'LINESTRING (8.4187 49.7077, 8.4197 49.7087)'
transf_543_0,784,785,220.0,380.0,'LINESTRING (9.3734 51.6388, 9.3744 51.6398)'
transf_546_0,788,789,380.0,400.0,'LINESTRING (9.1969 54.8514, 9.1979 54.8524)'
transf_551_0,794,795,220.0,380.0,'LINESTRING (12.3758 51.1805, 12.3768 51.1815)'
transf_553_0,797,798,220.0,380.0,'LINESTRING (13.6753 54.1439, 13.6763 54.1449)'
transf_555_0,800,801,220.0,380.0,'LINESTRING (11.8928 53.4033, 11.8938 53.4043)'
transf_557_0,803,804,220.0,380.0,'LINESTRING (8.293 49.5264, 8.294 49.5274)'
transf_559_0,806,807,220.0,380.0,'LINESTRING (10.2102 47.9371, 10.2112 47.9381)'
transf_560_0,808,809,220.0,380.0,'LINESTRING (9.9215 51.894, 9.9225 51.895)'
transf_562_0,811,812,220.0,380.0,'LINESTRING (7.2895 52.3065, 7.2905 52.3075)'
transf_566_0,816,817,220.0,380.0,'LINESTRING (9.867 51.504, 9.868 51.505)'
transf_569_0,820,821,220.0,380.0,'LINESTRING (8.0229 53.3477, 8.0239 53.3487)'
transf_571_0,823,824,220.0,380.0,'LINESTRING (13.5084 52.6135, 13.5094 52.6145)'
transf_574_0,827,828,220.0,380.0,'LINESTRING (13.1403 53.9061, 13.1413 53.9071)'
transf_577_0,831,832,220.0,380.0,'LINESTRING (14.0355 53.5079, 14.0365 53.5089)'
transf_584_0,839,840,220.0,380.0,'LINESTRING (9.8532 51.6489, 9.8542 51.6499)'
transf_585_0,841,842,220.0,380.0,'LINESTRING (7.0132 52.1962, 7.0142 52.1972)'
transf_588_0,845,846,220.0,380.0,'LINESTRING (10.2529 52.1768, 10.2539 52.1778)'
transf_590_0,848,849,220.0,380.0,'LINESTRING (9.2523 53.1149, 9.2533 53.1159)'
transf_605_0,864,865,220.0,400.0,'LINESTRING (12.3192 55.6324, 12.3202 55.6334)'
transf_606_0,866,867,220.0,400.0,'LINESTRING (12.0056 55.4525, 12.0066 55.4535)'
transf_613_0,874,875,220.0,400.0,'LINESTRING (9.2694 55.0379, 9.2704 55.0389)'
transf_620_0,882,883,220.0,400.0,'LINESTRING (10.1361 56.2782, 10.1371 56.2792)'
transf_631_0,894,895,220.0,350.0,'LINESTRING (8.7066 55.5311, 8.7076 55.5321)'
transf_631_1,895,896,350.0,400.0,'LINESTRING (8.7076 55.5321, 8.7086 55.5331)'
transf_637_0,902,903,220.0,330.0,'LINESTRING (24.6992 59.2462, 24.7002 59.2472)'
transf_646_0,912,913,220.0,400.0,'LINESTRING (-3.662 40.5039, -3.661 40.5049)'
transf_647_0,914,915,220.0,400.0,'LINESTRING (-5.8857 43.5654, -5.8847 43.5664)'
transf_648_0,916,917,220.0,400.0,'LINESTRING (-3.9891 40.6119, -3.9881 40.6129)'
transf_649_0,918,919,220.0,400.0,'LINESTRING (-3.4518 40.2564, -3.4508 40.2574)'
transf_650_0,920,921,220.0,400.0,'LINESTRING (-3.5367 40.4313, -3.5357 40.4323)'
transf_651_0,922,923,220.0,400.0,'LINESTRING (-3.8761 40.2574, -3.8751 40.2584)'
transf_653_0,925,926,220.0,400.0,'LINESTRING (-3.5885 40.5624, -3.5875 40.5634)'
transf_654_0,927,928,220.0,400.0,'LINESTRING (-3.718 40.6033, -3.717 40.6043)'
transf_658_0,932,933,220.0,400.0,'LINESTRING (-3.9045 40.3469, -3.9035 40.3479)'
transf_659_0,934,935,220.0,400.0,'LINESTRING (-3.4309 40.3885, -3.4299 40.3895)'
transf_660_0,936,937,220.0,225.0,'LINESTRING (-1.8335 43.3181, -1.8325 43.3191)'
transf_660_1,937,938,225.0,400.0,'LINESTRING (-1.8325 43.3191, -1.8315 43.3201)'
transf_661_0,939,940,220.0,400.0,'LINESTRING (-0.503 39.5238, -0.502 39.5248)'
transf_662_0,941,942,220.0,400.0,'LINESTRING (-0.0459 39.9659, -0.0449 39.9669)'
transf_665_0,945,946,220.0,400.0,'LINESTRING (-5.885 43.3192, -5.884 43.3202)'
transf_673_0,954,955,220.0,400.0,'LINESTRING (-4.3441 42.5955, -4.3431 42.5965)'
transf_674_0,956,957,220.0,400.0,'LINESTRING (-6.7148 41.2123, -6.7138 41.2133)'
transf_676_0,959,960,220.0,400.0,'LINESTRING (-3.793 42.3529, -3.792 42.3539)'
transf_679_0,963,964,220.0,400.0,'LINESTRING (-1.3791 41.8454, -1.3781 41.8464)'
transf_682_0,967,968,220.0,400.0,'LINESTRING (-6.8734 39.7238, -6.8724 39.7248)'
transf_684_0,970,971,220.0,400.0,'LINESTRING (-4.0211 43.117, -4.0201 43.118)'
transf_687_0,974,975,220.0,400.0,'LINESTRING (-3.8358 43.3353, -3.8348 43.3363)'
transf_689_0,977,978,220.0,400.0,'LINESTRING (-6.5807 42.5932, -6.5797 42.5942)'
transf_693_0,982,983,220.0,400.0,'LINESTRING (-0.4573 39.4158, -0.4563 39.4168)'
transf_700_0,990,991,220.0,400.0,'LINESTRING (2.0884 41.5946, 2.0894 41.5956)'
transf_701_0,992,993,220.0,400.0,'LINESTRING (-6.8689 42.0337, -6.8679 42.0347)'
transf_702_0,994,995,220.0,400.0,'LINESTRING (-4.9373 41.7891, -4.9363 41.7901)'
transf_703_0,996,997,220.0,400.0,'LINESTRING (1.8285 41.5227, 1.8295 41.5237)'
transf_706_0,1000,1001,220.0,400.0,'LINESTRING (-4.7445 36.8951, -4.7435 36.8961)'
transf_708_0,1003,1004,220.0,400.0,'LINESTRING (-0.2679 39.6589, -0.2669 39.6599)'
transf_713_0,1009,1010,220.0,400.0,'LINESTRING (-4.5213 42.0655, -4.5203 42.0665)'
transf_715_0,1012,1013,220.0,400.0,'LINESTRING (-2.2639 42.3523, -2.2629 42.3533)'
transf_716_0,1014,1015,200.0,220.0,'LINESTRING (-5.7269 43.54, -5.7259 43.541)'
transf_717_0,1016,1017,220.0,400.0,'LINESTRING (-2.2516 42.4176, -2.2506 42.4186)'
transf_720_0,1020,1021,220.0,400.0,'LINESTRING (-1.6779 42.1699, -1.6769 42.1709)'
transf_721_0,1022,1023,220.0,400.0,'LINESTRING (-5.6855 39.8121, -5.6845 39.8131)'
transf_725_0,1027,1028,220.0,400.0,'LINESTRING (-5.4116 36.214, -5.4106 36.215)'
transf_726_0,1029,1030,220.0,400.0,'LINESTRING (-5.222 36.4287, -5.221 36.4297)'
transf_728_0,1032,1033,220.0,400.0,'LINESTRING (-2.9424 37.2167, -2.9414 37.2177)'
transf_730_0,1035,1036,220.0,400.0,'LINESTRING (-5.6089 36.0565, -5.6079 36.0575)'
transf_733_0,1039,1040,220.0,400.0,'LINESTRING (-7.2811 42.3443, -7.2801 42.3453)'
transf_735_0,1042,1043,220.0,400.0,'LINESTRING (-6.497 42.8372, -6.496 42.8382)'
transf_737_0,1045,1046,220.0,400.0,'LINESTRING (-8.3784 43.1688, -8.3774 43.1698)'
transf_738_0,1047,1048,220.0,400.0,'LINESTRING (-7.2201 42.3118, -7.2191 42.3128)'
transf_739_0,1049,1050,220.0,400.0,'LINESTRING (-3.049 43.3206, -3.048 43.3216)'
transf_740_0,1051,1052,220.0,400.0,'LINESTRING (2.8881 42.0504, 2.8891 42.0514)'
transf_742_0,1054,1055,220.0,400.0,'LINESTRING (-1.1795 37.9429, -1.1785 37.9439)'
transf_749_0,1062,1063,220.0,400.0,'LINESTRING (-2.5995 42.8873, -2.5985 42.8883)'
transf_750_0,1064,1065,220.0,400.0,'LINESTRING (-4.8647 42.8223, -4.8637 42.8233)'
transf_752_0,1067,1068,220.0,400.0,'LINESTRING (2.0276 41.4755, 2.0286 41.4765)'
transf_754_0,1070,1071,220.0,400.0,'LINESTRING (-0.5542 39.2491, -0.5532 39.2501)'
transf_759_0,1076,1077,220.0,400.0,'LINESTRING (0.2765 41.3679, 0.2775 41.3689)'
transf_762_0,1080,1081,220.0,400.0,'LINESTRING (-1.3041 41.6885, -1.3031 41.6895)'
transf_766_0,1085,1086,220.0,400.0,'LINESTRING (0.8754 40.969, 0.8764 40.97)'
transf_768_0,1088,1089,220.0,400.0,'LINESTRING (-0.7511 41.7181, -0.7501 41.7191)'
transf_771_0,1092,1093,220.0,400.0,'LINESTRING (-8.0809 42.2708, -8.0799 42.2718)'
transf_793_0,1115,1116,220.0,400.0,'LINESTRING (-6.4799 41.2856, -6.4789 41.2866)'
transf_794_0,1117,1118,220.0,400.0,'LINESTRING (-6.8054 41.0418, -6.8044 41.0428)'
transf_795_0,1119,1120,220.0,400.0,'LINESTRING (-5.8202 36.6714, -5.8192 36.6724)'
transf_796_0,1121,1122,220.0,400.0,'LINESTRING (-6.7102 38.323, -6.7092 38.324)'
transf_802_0,1128,1129,220.0,400.0,'LINESTRING (-5.8457 37.2459, -5.8447 37.2469)'
transf_809_0,1136,1137,220.0,400.0,'LINESTRING (-0.9505 37.6275, -0.9495 37.6285)'
transf_810_0,1138,1139,220.0,400.0,'LINESTRING (-0.95 37.5668, -0.949 37.5678)'
transf_819_0,1148,1149,220.0,400.0,'LINESTRING (0.5439 41.1987, 0.5449 41.1997)'
transf_830_0,1160,1161,220.0,400.0,'LINESTRING (-4.1928 38.0485, -4.1918 38.0495)'
transf_831_0,1162,1163,220.0,400.0,'LINESTRING (-4.1454 38.6664, -4.1444 38.6674)'
transf_836_0,1168,1169,220.0,400.0,'LINESTRING (-0.8601 40.7221, -0.8591 40.7231)'
transf_837_0,1170,1171,220.0,400.0,'LINESTRING (-1.961 43.2591, -1.96 43.2601)'
transf_838_0,1172,1173,220.0,400.0,'LINESTRING (-6.4244 42.5446, -6.4234 42.5456)'
transf_843_0,1178,1179,220.0,400.0,'LINESTRING (-3.2088 42.7751, -3.2078 42.7761)'
transf_845_0,1181,1182,220.0,400.0,'LINESTRING (2.0117 41.3449, 2.0127 41.3459)'
transf_848_0,1185,1186,220.0,400.0,'LINESTRING (1.1266 41.404, 1.1276 41.405)'
transf_856_0,1194,1195,220.0,400.0,'LINESTRING (2.6939 41.9703, 2.6949 41.9713)'
transf_857_0,1196,1197,220.0,400.0,'LINESTRING (-0.3403 41.2968, -0.3393 41.2978)'
transf_865_0,1205,1206,220.0,400.0,'LINESTRING (-0.9652 41.3331, -0.9642 41.3341)'
transf_876_0,1217,1218,220.0,400.0,'LINESTRING (-3.2971 40.4644, -3.2961 40.4654)'
transf_880_0,1222,1223,220.0,400.0,'LINESTRING (-6.0978 37.6383, -6.0968 37.6393)'
transf_881_0,1224,1225,220.0,400.0,'LINESTRING (-6.9009 37.1914, -6.8999 37.1924)'
transf_886_0,1230,1231,220.0,400.0,'LINESTRING (-5.016 41.5094, -5.015 41.5104)'
transf_891_0,1236,1237,220.0,400.0,'LINESTRING (-3.3492 39.0504, -3.3482 39.0514)'
transf_892_0,1238,1239,220.0,400.0,'LINESTRING (-3.7191 37.2567, -3.7181 37.2577)'
transf_894_0,1241,1242,220.0,400.0,'LINESTRING (-4.7771 37.2548, -4.7761 37.2558)'
transf_895_0,1243,1244,220.0,400.0,'LINESTRING (-4.5736 36.7431, -4.5726 36.7441)'
transf_900_0,1249,1250,220.0,400.0,'LINESTRING (-0.7225 38.7211, -0.7215 38.7221)'
transf_909_0,1475,1259,220.0,220.0,'LINESTRING (-0.4197 39.1791, -0.4479 39.1449)'
transf_916_0,1266,1267,220.0,400.0,'LINESTRING (2.2832 41.957, 2.2842 41.958)'
transf_923_0,1274,1275,220.0,400.0,'LINESTRING (-5.7597 37.5571, -5.7587 37.5581)'
transf_924_0,1276,1277,220.0,400.0,'LINESTRING (-1.6534 42.0798, -1.6524 42.0808)'
transf_925_0,1278,1279,220.0,400.0,'LINESTRING (-1.6541 42.6694, -1.6531 42.6704)'
transf_938_0,1292,1293,220.0,400.0,'LINESTRING (-5.6965 43.294, -5.6955 43.295)'
transf_958_0,1313,1314,220.0,400.0,'LINESTRING (-2.2704 43.0575, -2.2694 43.0585)'
transf_960_0,1316,1317,220.0,400.0,'LINESTRING (-2.8721 43.3353, -2.8711 43.3363)'
transf_962_0,1319,1320,220.0,400.0,'LINESTRING (-2.9993 43.2211, -2.9983 43.2221)'
transf_989_0,1347,1348,220.0,400.0,'LINESTRING (2.9459 42.2287, 2.9469 42.2297)'
transf_990_0,1349,1350,220.0,400.0,'LINESTRING (-2.6261 40.7018, -2.6251 40.7028)'
transf_1003_0,1363,1364,220.0,400.0,'LINESTRING (-2.3123 37.071, -2.3113 37.072)'
transf_1030_0,1391,1392,220.0,400.0,'LINESTRING (-4.2505 38.6515, -4.2495 38.6525)'
transf_1032_0,1394,1395,220.0,400.0,'LINESTRING (-5.3859 39.2274, -5.3849 39.2284)'
transf_1034_0,1397,1398,220.0,400.0,'LINESTRING (-0.8407 41.0329, -0.8397 41.0339)'
transf_1036_0,1400,1401,220.0,400.0,'LINESTRING (-6.5292 38.8025, -6.5282 38.8035)'
transf_1038_0,1403,1404,220.0,400.0,'LINESTRING (-0.3831 41.0245, -0.3821 41.0255)'
transf_1039_0,1405,1406,220.0,400.0,'LINESTRING (-6.5432 42.0482, -6.5422 42.0492)'
transf_1040_0,1407,1408,220.0,400.0,'LINESTRING (-0.8999 37.9631, -0.8989 37.9641)'
transf_1064_0,1432,1433,200.0,220.0,'LINESTRING (-0.9331 41.1863, -0.9321 41.1873)'
transf_1072_0,1441,1442,220.0,400.0,'LINESTRING (-3.5861 43.3389, -3.5851 43.3399)'
transf_1073_0,1443,1444,220.0,400.0,'LINESTRING (-3.5237 43.3926, -3.5227 43.3936)'
transf_1094_0,1465,1466,220.0,400.0,'LINESTRING (-2.0847 39.6389, -2.0837 39.6399)'
transf_1095_0,1467,1468,220.0,400.0,'LINESTRING (-6.3429 39.6044, -6.3419 39.6054)'
transf_1103_0,1477,1478,220.0,400.0,'LINESTRING (-6.3688 39.093, -6.3678 39.094)'
transf_1132_0,1507,1508,220.0,400.0,'LINESTRING (26.0482 64.8468, 26.0492 64.8478)'
transf_1135_0,1511,1512,220.0,400.0,'LINESTRING (25.4515 64.1227, 25.4525 64.1237)'
transf_1145_0,1522,1523,220.0,400.0,'LINESTRING (25.345 66.2698, 25.346 66.2708)'
transf_1150_0,1528,1529,220.0,400.0,'LINESTRING (21.369 62.2776, 21.37 62.2786)'
transf_1152_0,1531,1532,220.0,400.0,'LINESTRING (27.1433 66.3395, 27.1443 66.3405)'
transf_1173_0,1553,1554,225.0,400.0,'LINESTRING (2.2561 47.1017, 2.2571 47.1027)'
transf_1174_0,1555,1556,225.0,400.0,'LINESTRING (2.186 48.6799, 2.187 48.6809)'
transf_1175_0,1557,1558,225.0,400.0,'LINESTRING (4.9735 45.6726, 4.9745 45.6736)'
transf_1176_0,1559,1560,200.0,225.0,'LINESTRING (5.0998 45.6593, 5.1008 45.6603)'
transf_1176_1,1560,1561,225.0,400.0,'LINESTRING (5.1008 45.6603, 5.1018 45.6613)'
transf_1177_0,1562,1563,225.0,400.0,'LINESTRING (5.0183 45.8478, 5.0193 45.8488)'
transf_1179_0,1565,1566,225.0,400.0,'LINESTRING (2.2932 48.5712, 2.2942 48.5722)'
transf_1182_0,1569,1570,225.0,400.0,'LINESTRING (3.7182 43.6315, 3.7192 43.6325)'
transf_1184_0,1572,1573,225.0,400.0,'LINESTRING (5.3507 43.4058, 5.3517 43.4068)'
transf_1185_0,1574,1575,225.0,400.0,'LINESTRING (2.6385 48.7785, 2.6395 48.7795)'
transf_1192_0,1582,1583,225.0,400.0,'LINESTRING (2.6596 48.8776, 2.6606 48.8786)'
transf_1196_0,1587,1588,225.0,400.0,'LINESTRING (7.5614 47.9108, 7.5624 47.9118)'
transf_1199_0,1591,1592,225.0,400.0,'LINESTRING (1.8004 47.8825, 1.8014 47.8835)'
transf_1200_0,1593,1594,225.0,400.0,'LINESTRING (0.2179 49.4925, 0.2189 49.4935)'
transf_1202_0,1596,1597,200.0,225.0,'LINESTRING (3.1313 50.6528, 3.1323 50.6538)'
transf_1205_0,1600,1601,225.0,400.0,'LINESTRING (2.7271 48.6884, 2.7281 48.6894)'
transf_1206_0,1602,1603,225.0,400.0,'LINESTRING (2.2549 49.9355, 2.2559 49.9365)'
transf_1211_0,1608,1609,225.0,400.0,'LINESTRING (6.6634 47.3683, 6.6644 47.3693)'
transf_1216_0,1614,1615,225.0,400.0,'LINESTRING (2.0999 49.033, 2.1009 49.034)'
transf_1220_0,1619,1620,225.0,400.0,'LINESTRING (7.5198 47.7974, 7.5208 47.7984)'
transf_1225_0,1625,1626,225.0,380.0,'LINESTRING (7.4931 47.6509, 7.4941 47.6519)'
transf_1225_1,1626,1627,380.0,400.0,'LINESTRING (7.4941 47.6519, 7.4951 47.6529)'
transf_1226_0,1628,1629,225.0,400.0,'LINESTRING (1.2703 43.8134, 1.2713 43.8144)'
transf_1228_0,1631,1632,225.0,400.0,'LINESTRING (6.4355 45.6404, 6.4365 45.6414)'
transf_1233_0,1637,1638,225.0,400.0,'LINESTRING (1.7859 50.9086, 1.7869 50.9096)'
transf_1235_0,1640,1641,200.0,225.0,'LINESTRING (2.8696 50.4774, 2.8706 50.4784)'
transf_1236_0,1642,1643,225.0,400.0,'LINESTRING (5.7062 45.1008, 5.7072 45.1018)'
transf_1239_0,1646,1647,225.0,400.0,'LINESTRING (3.2702 45.8137, 3.2712 45.8147)'
transf_1240_0,1648,1649,225.0,400.0,'LINESTRING (3.2961 46.2733, 3.2971 46.2743)'
transf_1243_0,1652,1653,200.0,225.0,'LINESTRING (5.3598 46.263, 5.3608 46.264)'
transf_1246_0,1656,1657,225.0,400.0,'LINESTRING (2.8606 48.3836, 2.8616 48.3846)'
transf_1248_0,1659,1660,225.0,400.0,'LINESTRING (2.8111 44.0445, 2.8121 44.0455)'
transf_1249_0,1661,1662,225.0,400.0,'LINESTRING (3.7418 47.886, 3.7428 47.887)'
transf_1250_0,1663,1664,220.0,225.0,'LINESTRING (7.5776 48.0209, 7.5786 48.0219)'
transf_1250_1,1664,1665,225.0,380.0,'LINESTRING (7.5786 48.0219, 7.5796 48.0229)'
transf_1250_2,1665,1666,380.0,400.0,'LINESTRING (7.5796 48.0229, 7.5806 48.0239)'
transf_1251_0,1667,1668,225.0,400.0,'LINESTRING (6.2771 49.1967, 6.2781 49.1977)'
transf_1252_0,1669,1670,225.0,400.0,'LINESTRING (6.103 48.8615, 6.104 48.8625)'
transf_1253_0,1671,1672,225.0,400.0,'LINESTRING (6.3291 48.3568, 6.3301 48.3578)'
transf_1256_0,1675,1676,225.0,400.0,'LINESTRING (2.2116 45.2423, 2.2126 45.2433)'
transf_1257_0,1677,1678,225.0,400.0,'LINESTRING (3.9219 48.5152, 3.9229 48.5162)'
transf_1259_0,1680,1681,225.0,400.0,'LINESTRING (2.4278 49.0263, 2.4288 49.0273)'
transf_1260_0,1682,1683,225.0,400.0,'LINESTRING (2.5805 48.9842, 2.5815 48.9852)'
transf_1261_0,1684,1685,225.0,400.0,'LINESTRING (4.2401 49.2013, 4.2411 49.2023)'
transf_1264_0,1688,1689,225.0,320.0,'LINESTRING (2.8027 42.7313, 2.8037 42.7323)'
transf_1264_1,1689,1690,320.0,400.0,'LINESTRING (2.8037 42.7323, 2.8047 42.7333)'
transf_1265_0,1691,1692,225.0,400.0,'LINESTRING (4.6402 49.9019, 4.6412 49.9029)'
transf_1266_0,1693,1694,225.0,400.0,'LINESTRING (3.3121 50.3209, 3.3131 50.3219)'
transf_1267_0,1695,1696,200.0,225.0,'LINESTRING (4.0975 49.2797, 4.0985 49.2807)'
transf_1269_0,1698,1699,225.0,400.0,'LINESTRING (5.8081 46.0592, 5.8091 46.0602)'
transf_1271_0,1701,1702,225.0,400.0,'LINESTRING (2.6887 44.7741, 2.6897 44.7751)'
transf_1272_0,1703,1704,225.0,400.0,'LINESTRING (5.4652 45.7537, 5.4662 45.7547)'
transf_1273_0,1705,1706,225.0,400.0,'LINESTRING (6.0307 45.4709, 6.0317 45.4719)'
transf_1274_0,1707,1708,225.0,400.0,'LINESTRING (4.6895 45.8208, 4.6905 45.8218)'
transf_1275_0,1709,1710,225.0,400.0,'LINESTRING (4.7186 45.5427, 4.7196 45.5437)'
transf_1277_0,1712,1713,225.0,400.0,'LINESTRING (4.7496 44.6426, 4.7506 44.6436)'
transf_1278_0,1714,1715,225.0,400.0,'LINESTRING (4.9461 45.0144, 4.9471 45.0154)'
transf_1279_0,1716,1717,225.0,400.0,'LINESTRING (2.2578 49.2215, 2.2588 49.2225)'
transf_1280_0,1718,1719,225.0,400.0,'LINESTRING (1.9135 50.92, 1.9145 50.921)'
transf_1281_0,1720,1721,225.0,400.0,'LINESTRING (2.1673 50.9518, 2.1683 50.9528)'
transf_1284_0,1724,1725,225.0,400.0,'LINESTRING (2.9375 49.6542, 2.9385 49.6552)'
transf_1285_0,1726,1727,225.0,400.0,'LINESTRING (2.6891 49.3335, 2.6901 49.3345)'
transf_1288_0,1730,1731,225.0,400.0,'LINESTRING (3.0711 50.5262, 3.0721 50.5272)'
transf_1289_0,1732,1733,225.0,400.0,'LINESTRING (2.8965 50.6526, 2.8975 50.6536)'
transf_1293_0,1737,1738,225.0,400.0,'LINESTRING (1.9328 49.2899, 1.9338 49.2909)'
transf_1294_0,1739,1740,225.0,400.0,'LINESTRING (0.7324 49.3465, 0.7334 49.3475)'
transf_1295_0,1741,1742,225.0,400.0,'LINESTRING (1.0218 49.4605, 1.0228 49.4615)'
transf_1299_0,1746,1747,225.0,400.0,'LINESTRING (-1.2577 48.5629, -1.2567 48.5639)'
transf_1300_0,1748,1749,225.0,400.0,'LINESTRING (-0.2545 49.1186, -0.2535 49.1196)'
transf_1302_0,1751,1752,225.0,400.0,'LINESTRING (-1.5632 48.1021, -1.5622 48.1031)'
transf_1303_0,1753,1754,225.0,400.0,'LINESTRING (-2.8702 48.4289, -2.8692 48.4299)'
transf_1304_0,1755,1756,225.0,400.0,'LINESTRING (0.2421 47.8862, 0.2431 47.8872)'
transf_1306_0,1758,1759,225.0,400.0,'LINESTRING (1.5905 47.7149, 1.5915 47.7159)'
transf_1307_0,1760,1761,225.0,400.0,'LINESTRING (1.8535 48.1044, 1.8545 48.1054)'
transf_1309_0,1763,1764,225.0,400.0,'LINESTRING (2.5259 47.7397, 2.5269 47.7407)'
transf_1315_0,1770,1771,225.0,400.0,'LINESTRING (1.7529 48.9527, 1.7539 48.9537)'
transf_1318_0,1774,1775,225.0,400.0,'LINESTRING (7.1918 43.8035, 7.1928 43.8045)'
transf_1322_0,1779,1780,225.0,400.0,'LINESTRING (6.0225 43.276, 6.0235 43.277)'
transf_1323_0,1781,1782,225.0,400.0,'LINESTRING (6.7145 45.2139, 6.7155 45.2149)'
transf_1333_0,1792,1793,225.0,400.0,'LINESTRING (2.6763 43.2411, 2.6773 43.2421)'
transf_1336_0,1796,1797,225.0,400.0,'LINESTRING (-0.113 47.2058, -0.112 47.2068)'
transf_1338_0,1799,1800,225.0,400.0,'LINESTRING (5.7912 43.6986, 5.7922 43.6996)'
transf_1339_0,1801,1802,225.0,400.0,'LINESTRING (6.2965 46.085, 6.2975 46.086)'
transf_1349_0,1812,1813,225.0,400.0,'LINESTRING (-0.679 45.2534, -0.678 45.2544)'
transf_1350_0,1814,1815,225.0,400.0,'LINESTRING (-0.6045 45.6743, -0.6035 45.6753)'
transf_1351_0,1816,1817,225.0,400.0,'LINESTRING (-0.5171 46.2192, -0.5161 46.2202)'
transf_1354_0,1820,1821,225.0,400.0,'LINESTRING (0.6513 46.4606, 0.6523 46.4616)'
transf_1355_0,1822,1823,225.0,400.0,'LINESTRING (1.6199 46.4588, 1.6209 46.4598)'
transf_1356_0,1824,1825,225.0,400.0,'LINESTRING (-0.5536 45.0162, -0.5526 45.0172)'
transf_1357_0,1826,1827,225.0,400.0,'LINESTRING (0.8278 44.091, 0.8288 44.092)'
transf_1361_0,1831,1832,225.0,400.0,'LINESTRING (2.1441 51.0109, 2.1451 51.0119)'
transf_1363_0,1834,1835,225.0,400.0,'LINESTRING (1.6733 43.6314, 1.6743 43.6324)'
transf_1365_0,1837,1838,225.0,400.0,'LINESTRING (4.6424 44.0147, 4.6434 44.0157)'
transf_1366_0,1839,1840,225.0,400.0,'LINESTRING (0.5123 43.1717, 0.5133 43.1727)'
transf_1367_0,1841,1842,225.0,400.0,'LINESTRING (-0.0866 46.8093, -0.0856 46.8103)'
transf_1373_0,1848,1849,225.0,400.0,'LINESTRING (-0.5946 43.3868, -0.5936 43.3878)'
transf_1374_0,1850,1851,225.0,400.0,'LINESTRING (-0.6133 44.6142, -0.6123 44.6152)'
transf_1375_0,1852,1853,225.0,400.0,'LINESTRING (-0.8874 44.0123, -0.8864 44.0133)'
transf_1376_0,1854,1855,225.0,400.0,'LINESTRING (-1.4342 43.4236, -1.4332 43.4246)'
transf_1382_0,1861,1862,225.0,400.0,'LINESTRING (-1.8733 47.2819, -1.8723 47.2829)'
transf_1388_0,1868,1869,225.0,400.0,'LINESTRING (4.5901 43.8313, 4.5911 43.8323)'
transf_1391_0,1872,1873,225.0,400.0,'LINESTRING (3.212 46.9896, 3.213 46.9906)'
transf_1392_0,1874,1875,225.0,250.0,'LINESTRING (5.019 43.3809, 5.02 43.3819)'
transf_1392_1,1875,1876,250.0,400.0,'LINESTRING (5.02 43.3819, 5.021 43.3829)'
transf_1397_0,1881,1882,225.0,400.0,'LINESTRING (1.8285 48.804, 1.8295 48.805)'
transf_1399_0,1884,1885,225.0,400.0,'LINESTRING (0.1655 47.2251, 0.1665 47.2261)'
transf_1402_0,1888,1889,225.0,400.0,'LINESTRING (2.8944 50.3311, 2.8954 50.3321)'
transf_1403_0,1890,1891,225.0,400.0,'LINESTRING (3.9354 49.9736, 3.9364 49.9746)'
transf_1404_0,1892,1893,225.0,400.0,'LINESTRING (7.3052 48.0805, 7.3062 48.0815)'
transf_1405_0,1894,1895,225.0,400.0,'LINESTRING (7.5753 48.6317, 7.5763 48.6327)'
transf_1417_0,1907,1908,225.0,400.0,'LINESTRING (3.5291 48.5266, 3.5301 48.5276)'
transf_1420_0,1911,1912,225.0,400.0,'LINESTRING (4.7911 50.0866, 4.7921 50.0876)'
transf_1428_0,1920,1921,225.0,400.0,'LINESTRING (4.1383 48.3459, 4.1393 48.3469)'
transf_1439_0,1932,1933,225.0,400.0,'LINESTRING (6.9827 48.1674, 6.9837 48.1684)'
transf_1442_0,1936,1937,225.0,400.0,'LINESTRING (6.4748 43.5083, 6.4758 43.5093)'
transf_1444_0,1939,1940,225.0,400.0,'LINESTRING (6.8482 43.5995, 6.8492 43.6005)'
transf_1445_0,1941,1942,225.0,250.0,'LINESTRING (5.0608 47.355, 5.0618 47.356)'
transf_1449_0,1946,1947,225.0,400.0,'LINESTRING (4.7108 46.6285, 4.7118 46.6295)'
transf_1452_0,1950,1951,200.0,225.0,'LINESTRING (5.2141 46.2245, 5.2151 46.2255)'
transf_1469_0,1968,1969,225.0,400.0,'LINESTRING (6.6959 49.139, 6.6969 49.14)'
transf_1494_0,1994,1995,225.0,400.0,'LINESTRING (6.2204 49.4053, 6.2214 49.4063)'
transf_1496_0,1997,1998,225.0,400.0,'LINESTRING (5.5734 45.2916, 5.5744 45.2926)'
transf_1520_0,2022,2023,225.0,400.0,'LINESTRING (4.9986 48.816, 4.9996 48.817)'
transf_1528_0,2031,2032,225.0,400.0,'LINESTRING (-0.2372 45.1753, -0.2362 45.1763)'
transf_1557_0,2061,2062,225.0,250.0,'LINESTRING (-4.2183 48.4227, -4.2173 48.4237)'
transf_1557_1,2062,2063,250.0,400.0,'LINESTRING (-4.2173 48.4237, -4.2163 48.4247)'
transf_1560_0,2066,2067,225.0,400.0,'LINESTRING (6.5215 45.5108, 6.5225 45.5118)'
transf_1561_0,2068,2069,225.0,400.0,'LINESTRING (6.5815 45.2052, 6.5825 45.2062)'
transf_1568_0,2076,2077,225.0,250.0,'LINESTRING (5.0712 43.5276, 5.0722 43.5286)'
transf_1594_0,2103,2104,225.0,400.0,'LINESTRING (6.0868 46.0395, 6.0878 46.0405)'
transf_1611_0,2121,2122,225.0,400.0,'LINESTRING (4.7186 44.3192, 4.7196 44.3202)'
transf_1621_0,2132,2133,225.0,400.0,'LINESTRING (4.7235 46.283, 4.7245 46.284)'
transf_1623_0,2135,2136,225.0,400.0,'LINESTRING (6.1637 46.8717, 6.1647 46.8727)'
transf_1631_0,2144,2145,225.0,400.0,'LINESTRING (2.2621 49.1418, 2.2631 49.1428)'
transf_1640_0,2154,2155,225.0,400.0,'LINESTRING (4.691 47.3247, 4.692 47.3257)'
transf_1644_0,2159,2160,225.0,400.0,'LINESTRING (6.0668 45.8733, 6.0678 45.8743)'
transf_1652_0,2168,2169,225.0,400.0,'LINESTRING (7.0859 48.7663, 7.0869 48.7673)'
transf_1661_0,2178,2179,225.0,400.0,'LINESTRING (-3.3034 47.8812, -3.3024 47.8822)'
transf_1662_0,2180,2181,225.0,400.0,'LINESTRING (7.5182 48.3565, 7.5192 48.3575)'
transf_1666_0,2185,2186,225.0,400.0,'LINESTRING (5.8079 49.4834, 5.8089 49.4844)'
transf_1667_0,2187,2188,225.0,400.0,'LINESTRING (6.0016 45.3819, 6.0026 45.3829)'
transf_1668_0,2189,2190,225.0,400.0,'LINESTRING (-0.4341 45.0661, -0.4331 45.0671)'
transf_1669_0,2191,2192,225.0,400.0,'LINESTRING (5.0177 43.8288, 5.0187 43.8298)'
transf_1683_0,2206,2207,225.0,400.0,'LINESTRING (6.7913 45.6196, 6.7923 45.6206)'
transf_1690_0,2214,2215,225.0,400.0,'LINESTRING (4.5041 46.7467, 4.5051 46.7477)'
transf_1700_0,2225,2226,225.0,400.0,'LINESTRING (5.2654 45.7968, 5.2664 45.7978)'
transf_1701_0,2227,2228,225.0,400.0,'LINESTRING (-1.0163 47.9938, -1.0153 47.9948)'
transf_1711_0,2238,2239,225.0,400.0,'LINESTRING (-0.8551 47.3102, -0.8541 47.3112)'
transf_1719_0,2247,2248,225.0,400.0,'LINESTRING (6.1454 48.4719, 6.1464 48.4729)'
transf_1729_0,2258,2259,225.0,400.0,'LINESTRING (1.8284 50.0105, 1.8294 50.0115)'
transf_1790_0,2320,2321,275.0,400.0,'LINESTRING (-0.3661 51.6544, -0.3651 51.6554)'
transf_1791_0,2322,2323,275.0,400.0,'LINESTRING (-0.2362 51.6155, -0.2352 51.6165)'
transf_1792_0,2324,2325,275.0,400.0,'LINESTRING (0.33 51.4577, 0.331 51.4587)'
transf_1794_0,2327,2328,275.0,400.0,'LINESTRING (-0.0115 51.7142, -0.0105 51.7152)'
transf_1796_0,2330,2331,275.0,400.0,'LINESTRING (-1.4188 53.3906, -1.4178 53.3916)'
transf_1798_0,2333,2334,275.0,400.0,'LINESTRING (-2.9474 53.2681, -2.9464 53.2691)'
transf_1799_0,2335,2336,275.0,400.0,'LINESTRING (-2.7188 53.3105, -2.7178 53.3115)'
transf_1804_0,2341,2342,275.0,400.0,'LINESTRING (-0.4978 51.5438, -0.4968 51.5448)'
transf_1806_0,2344,2345,275.0,400.0,'LINESTRING (-0.121 51.3723, -0.12 51.3733)'
transf_1807_0,2346,2347,275.0,400.0,'LINESTRING (-0.1885 51.4314, -0.1875 51.4324)'
transf_1808_0,2348,2349,275.0,400.0,'LINESTRING (0.0153 51.3495, 0.0163 51.3505)'
transf_1813_0,2354,2355,220.0,400.0,'LINESTRING (1.0592 52.0731, 1.0602 52.0741)'
transf_1816_0,2358,2359,275.0,400.0,'LINESTRING (-2.0105 52.5346, -2.0095 52.5356)'
transf_1820_0,2363,2364,275.0,400.0,'LINESTRING (-3.1664 55.9312, -3.1654 55.9322)'
transf_1826_0,2370,2371,275.0,400.0,'LINESTRING (-0.1333 51.5375, -0.1323 51.5385)'
transf_1828_0,2373,2374,275.0,400.0,'LINESTRING (0.1652 51.441, 0.1662 51.442)'
transf_1830_0,2376,2377,275.0,400.0,'LINESTRING (-0.4182 53.8035, -0.4172 53.8045)'
transf_1833_0,2380,2381,220.0,400.0,'LINESTRING (0.1971 52.7319, 0.1981 52.7329)'
transf_1834_0,2382,2383,275.0,400.0,'LINESTRING (-0.2671 51.526, -0.2661 51.527)'
transf_1836_0,2385,2386,275.0,400.0,'LINESTRING (-2.9791 51.5486, -2.9781 51.5496)'
transf_1837_0,2387,2388,275.0,400.0,'LINESTRING (-1.2184 54.6183, -1.2174 54.6193)'
transf_1838_0,2389,2390,275.0,400.0,'LINESTRING (-1.3651 54.5931, -1.3641 54.5941)'
transf_1840_0,2392,2393,275.0,400.0,'LINESTRING (-2.962 51.1489, -2.961 51.1499)'
transf_1841_0,2394,2395,275.0,400.0,'LINESTRING (-1.7141 52.5329, -1.7131 52.5339)'
transf_1843_0,2397,2398,275.0,400.0,'LINESTRING (-1.4647 52.4571, -1.4637 52.4581)'
transf_1845_0,2400,2401,275.0,400.0,'LINESTRING (-2.9668 55.9665, -2.9658 55.9675)'
transf_1846_0,2402,2403,275.0,400.0,'LINESTRING (-4.4919 57.4677, -4.4909 57.4687)'
transf_1852_0,2409,2410,275.0,400.0,'LINESTRING (-4.3698 55.9268, -4.3688 55.9278)'
transf_1853_0,2411,2412,275.0,400.0,'LINESTRING (-1.6543 52.7721, -1.6533 52.7731)'
transf_1862_0,2421,2422,275.0,400.0,'LINESTRING (-3.9466 52.9279, -3.9456 52.9289)'
transf_1868_0,2428,2429,275.0,400.0,'LINESTRING (-1.2393 52.5855, -1.2383 52.5865)'
transf_1870_0,2431,2432,275.0,400.0,'LINESTRING (-1.2762 53.7289, -1.2752 53.7299)'
transf_1871_0,2433,2434,275.0,400.0,'LINESTRING (-1.0906 53.5764, -1.0896 53.5774)'
transf_1877_0,2440,2441,275.0,400.0,'LINESTRING (-1.766 54.9893, -1.765 54.9903)'
transf_1878_0,2442,2443,275.0,400.0,'LINESTRING (-2.1128 52.6488, -2.1118 52.6498)'
transf_1882_0,2447,2448,275.0,400.0,'LINESTRING (-2.1302 53.2671, -2.1292 53.2681)'
transf_1883_0,2449,2450,275.0,400.0,'LINESTRING (-2.2257 52.5705, -2.2247 52.5715)'
transf_1886_0,2453,2454,275.0,400.0,'LINESTRING (-2.3892 53.4314, -2.3882 53.4324)'
transf_1888_0,2456,2457,275.0,400.0,'LINESTRING (-2.1341 53.4114, -2.1331 53.4124)'
transf_1889_0,2458,2459,200.0,220.0,'LINESTRING (-2.8962 54.0313, -2.8952 54.0323)'
transf_1889_1,2459,2460,220.0,400.0,'LINESTRING (-2.8952 54.0323, -2.8942 54.0333)'
transf_1890_0,2461,2462,275.0,400.0,'LINESTRING (-1.873 52.5148, -1.872 52.5158)'
transf_1893_0,2465,2466,275.0,400.0,'LINESTRING (-3.3007 51.6352, -3.2997 51.6362)'
transf_1896_0,2469,2470,275.0,400.0,'LINESTRING (-1.9633 52.2494, -1.9623 52.2504)'
transf_1898_0,2472,2473,275.0,400.0,'LINESTRING (-3.0362 55.9087, -3.0352 55.9097)'
transf_1899_0,2474,2475,275.0,400.0,'LINESTRING (-2.3584 53.5367, -2.3574 53.5377)'
transf_1901_0,2477,2478,275.0,400.0,'LINESTRING (-1.1332 54.5744, -1.1322 54.5754)'
transf_1905_0,2482,2483,275.0,400.0,'LINESTRING (-4.4743 55.5836, -4.4733 55.5846)'
transf_1909_0,2487,2488,275.0,400.0,'LINESTRING (0.1145 51.5217, 0.1155 51.5227)'
transf_1910_0,2489,2490,275.0,400.0,'LINESTRING (-2.1505 51.3951, -2.1495 51.3961)'
transf_1913_0,2493,2494,275.0,400.0,'LINESTRING (-1.1346 53.9911, -1.1336 53.9921)'
transf_1914_0,2495,2496,220.0,275.0,'LINESTRING (-2.9757 56.5219, -2.9747 56.5229)'
transf_1915_0,2497,2498,220.0,275.0,'LINESTRING (-2.9465 57.5281, -2.9455 57.5291)'
transf_1915_1,2498,2499,275.0,400.0,'LINESTRING (-2.9455 57.5291, -2.9445 57.5301)'
transf_1917_0,2501,2502,275.0,400.0,'LINESTRING (-2.3838 57.2184, -2.3828 57.2194)'
transf_1918_0,2503,2504,275.0,400.0,'LINESTRING (-4.1258 55.8014, -4.1248 55.8024)'
transf_1924_0,2510,2511,275.0,400.0,'LINESTRING (-1.8007 57.4754, -1.7997 57.4764)'
transf_1929_0,2516,2517,275.0,400.0,'LINESTRING (-1.8403 53.8171, -1.8393 53.8181)'
transf_1934_0,2522,2523,275.0,400.0,'LINESTRING (-4.4987 55.8126, -4.4977 55.8136)'
transf_1935_0,2524,2525,275.0,400.0,'LINESTRING (-0.7921 53.2288, -0.7911 53.2298)'
transf_1942_0,2532,2533,275.0,400.0,'LINESTRING (-2.2168 53.6222, -2.2158 53.6232)'
transf_1943_0,2534,2535,275.0,400.0,'LINESTRING (-1.8156 53.7046, -1.8146 53.7056)'
transf_1947_0,2539,2540,220.0,400.0,'LINESTRING (-0.2263 52.9357, -0.2253 52.9367)'
transf_1948_0,2541,2542,275.0,400.0,'LINESTRING (-1.4045 54.8055, -1.4035 54.8065)'
transf_1950_0,2544,2545,220.0,400.0,'LINESTRING (-0.2583 53.6456, -0.2573 53.6466)'
transf_1953_0,2548,2549,275.0,400.0,'LINESTRING (-3.9292 55.7642, -3.9282 55.7652)'
transf_1960_0,2556,2557,275.0,400.0,'LINESTRING (-4.7876 57.3271, -4.7866 57.3281)'
transf_1966_0,2563,2564,275.0,400.0,'LINESTRING (0.9501 50.9151, 0.9511 50.9161)'
transf_1969_0,2567,2568,220.0,400.0,'LINESTRING (-3.4752 53.2483, -3.4742 53.2493)'
transf_1971_0,2570,2571,275.0,400.0,'LINESTRING (-3.6468 55.4349, -3.6458 55.4359)'
transf_1972_0,2572,2573,275.0,400.0,'LINESTRING (-3.1283 51.2021, -3.1273 51.2031)'
transf_1974_0,2575,2576,220.0,400.0,'LINESTRING (-4.8874 55.7183, -4.8864 55.7193)'
transf_1982_0,2584,2585,275.0,400.0,'LINESTRING (-1.5336 55.1421, -1.5326 55.1431)'
transf_1991_0,2594,2595,275.0,400.0,'LINESTRING (-3.8797 56.0343, -3.8787 56.0353)'
transf_1993_0,2597,2598,275.0,400.0,'LINESTRING (-0.0626 51.4838, -0.0616 51.4848)'
transf_1995_0,2600,2601,275.0,400.0,'LINESTRING (-3.9473 56.262, -3.9463 56.263)'
transf_1996_0,2602,2603,275.0,400.0,'LINESTRING (-4.0286 56.7067, -4.0276 56.7077)'
transf_1997_0,2604,2605,275.0,320.0,'LINESTRING (-3.4523 58.4791, -3.4513 58.4801)'
transf_2017_0,2625,2626,220.0,400.0,'LINESTRING (-2.2842 57.4908, -2.2832 57.4918)'
transf_2028_0,2637,2638,275.0,400.0,'LINESTRING (-4.7177 57.1359, -4.7167 57.1369)'
transf_2048_0,2658,2659,220.0,400.0,'LINESTRING (16.5008 43.6004, 16.5018 43.6014)'
transf_2050_0,2661,2662,220.0,400.0,'LINESTRING (14.5497 45.3067, 14.5507 45.3077)'
transf_2053_0,2665,2666,220.0,400.0,'LINESTRING (16.164 45.876, 16.165 45.877)'
transf_2070_0,2683,2684,220.0,400.0,'LINESTRING (18.8335 47.3375, 18.8345 47.3385)'
transf_2074_0,2688,2689,220.0,400.0,'LINESTRING (19.1638 47.6927, 19.1648 47.6937)'
transf_2075_0,2690,2691,220.0,400.0,'LINESTRING (20.1314 46.2962, 20.1324 46.2972)'
transf_2078_0,2694,2695,220.0,400.0,'LINESTRING (17.7042 47.6736, 17.7052 47.6746)'
transf_2081_0,2698,2699,220.0,400.0,'LINESTRING (20.9693 47.9419, 20.9703 47.9429)'
transf_2086_0,2704,2705,220.0,400.0,'LINESTRING (18.2652 47.5062, 18.2662 47.5072)'
transf_2089_0,2708,2709,220.0,400.0,'LINESTRING (20.1472 47.2057, 20.1482 47.2067)'
transf_2091_0,2711,2712,220.0,400.0,'LINESTRING (22.1332 48.169, 22.1342 48.17)'
transf_2091_1,2712,2713,400.0,750.0,'LINESTRING (22.1342 48.17, 22.1352 48.171)'
transf_2094_0,2716,2717,220.0,400.0,'LINESTRING (19.3264 47.5362, 19.3274 47.5372)'
transf_2101_0,2724,2725,220.0,400.0,'LINESTRING (-6.6863 53.1549, -6.6853 53.1559)'
transf_2110_0,2734,2735,220.0,400.0,'LINESTRING (-8.2624 53.1368, -8.2614 53.1378)'
transf_2119_0,2744,2745,220.0,380.0,'LINESTRING (-9.3954 52.5963, -9.3944 52.5973)'
transf_2119_1,2745,2746,380.0,400.0,'LINESTRING (-9.3944 52.5973, -9.3934 52.5983)'
transf_2120_0,4298,2747,220.0,220.0,'LINESTRING (-6.4868 53.4871, -6.5686 53.4739)'
transf_2120_1,2747,2748,220.0,400.0,'LINESTRING (-6.5686 53.4739, -6.5676 53.4749)'
transf_2121_0,2749,2750,220.0,275.0,'LINESTRING (-6.5655 53.9703, -6.5645 53.9713)'
transf_2131_0,2760,2761,220.0,380.0,'LINESTRING (9.1 45.5043, 9.101 45.5053)'
transf_2133_0,2763,2764,220.0,380.0,'LINESTRING (13.5019 43.5728, 13.5029 43.5738)'
transf_2134_0,2765,2766,220.0,380.0,'LINESTRING (10.3071 44.7734, 10.3081 44.7744)'
transf_2135_0,2767,2768,220.0,380.0,'LINESTRING (11.159 43.8503, 11.16 43.8513)'
transf_2136_0,2769,2770,220.0,380.0,'LINESTRING (11.1267 43.7772, 11.1277 43.7782)'
transf_2137_0,2771,2772,220.0,380.0,'LINESTRING (13.4717 45.8521, 13.4727 45.8531)'
transf_2144_0,2779,2780,220.0,380.0,'LINESTRING (14.6422 37.0785, 14.6432 37.0795)'
transf_2148_0,2784,2785,220.0,380.0,'LINESTRING (10.1887 45.4996, 10.1897 45.5006)'
transf_2149_0,2786,2787,220.0,380.0,'LINESTRING (7.6476 45.0655, 7.6486 45.0665)'
transf_2152_0,2790,2791,220.0,380.0,'LINESTRING (12.4882 45.7205, 12.4892 45.7215)'
transf_2153_0,2792,2793,220.0,380.0,'LINESTRING (12.1158 45.4012, 12.1168 45.4022)'
transf_2155_0,2795,2796,220.0,380.0,'LINESTRING (11.9457 45.3836, 11.9467 45.3846)'
transf_2157_0,2798,2799,220.0,380.0,'LINESTRING (11.3053 45.391, 11.3063 45.392)'
transf_2158_0,2800,2801,220.0,380.0,'LINESTRING (13.2768 45.977, 13.2778 45.978)'
transf_2163_0,2806,2807,220.0,380.0,'LINESTRING (13.5617 45.8038, 13.5627 45.8048)'
transf_2166_0,2810,2811,220.0,380.0,'LINESTRING (17.905 40.5997, 17.906 40.6007)'
transf_2171_0,2816,2817,220.0,380.0,'LINESTRING (13.7059 42.5939, 13.7069 42.5949)'
transf_2173_0,2819,2820,220.0,380.0,'LINESTRING (12.6834 42.5629, 12.6844 42.5639)'
transf_2175_0,2822,2823,220.0,380.0,'LINESTRING (11.5588 45.652, 11.5598 45.653)'
transf_2178_0,2826,2827,220.0,380.0,'LINESTRING (9.2658 45.5174, 9.2668 45.5184)'
transf_2179_0,2828,2829,220.0,380.0,'LINESTRING (10.3527 46.0536, 10.3537 46.0546)'
transf_2184_0,2834,2835,220.0,380.0,'LINESTRING (8.9824 45.5404, 8.9834 45.5414)'
transf_2187_0,2838,2839,220.0,380.0,'LINESTRING (7.9363 45.2339, 7.9373 45.2349)'
transf_2189_0,2841,2842,220.0,380.0,'LINESTRING (8.9817 45.6538, 8.9827 45.6548)'
transf_2192_0,2845,2846,220.0,380.0,'LINESTRING (9.5082 45.5074, 9.5092 45.5084)'
transf_2193_0,2847,2848,220.0,380.0,'LINESTRING (12.5308 41.7199, 12.5318 41.7209)'
transf_2197_0,2852,2853,220.0,380.0,'LINESTRING (12.5434 42.0051, 12.5444 42.0061)'
transf_2201_0,2857,2858,220.0,380.0,'LINESTRING (11.1415 45.0591, 11.1425 45.0601)'
transf_2203_0,2860,2861,220.0,380.0,'LINESTRING (11.589 44.8674, 11.59 44.8684)'
transf_2205_0,2863,2864,220.0,380.0,'LINESTRING (11.7966 42.1373, 11.7976 42.1383)'
transf_2208_0,2867,2868,220.0,380.0,'LINESTRING (14.0918 41.3823, 14.0928 41.3833)'
transf_2214_0,2874,2875,220.0,380.0,'LINESTRING (14.3853 40.9781, 14.3863 40.9791)'
transf_2216_0,2877,2878,220.0,380.0,'LINESTRING (14.9992 40.6536, 15.0002 40.6546)'
transf_2221_0,2883,2884,220.0,380.0,'LINESTRING (14.2251 41.0225, 14.2261 41.0235)'
transf_2225_0,2888,2889,220.0,380.0,'LINESTRING (13.5574 42.5367, 13.5584 42.5377)'
transf_2234_0,2898,2899,220.0,380.0,'LINESTRING (7.4417 44.9701, 7.4427 44.9711)'
transf_2236_0,2901,2902,220.0,380.0,'LINESTRING (7.7655 44.8706, 7.7665 44.8716)'
transf_2239_0,2905,2906,220.0,380.0,'LINESTRING (12.2227 45.4484, 12.2237 45.4494)'
transf_2240_0,2907,2908,220.0,380.0,'LINESTRING (8.8847 44.7056, 8.8857 44.7066)'
transf_2244_0,2912,2913,220.0,380.0,'LINESTRING (7.9045 45.185, 7.9055 45.186)'
transf_2252_0,2921,2922,220.0,380.0,'LINESTRING (17.32 40.5315, 17.321 40.5325)'
transf_2257_0,2927,2928,220.0,225.0,'LINESTRING (7.6298 43.828, 7.6308 43.829)'
transf_2258_0,2929,2930,220.0,380.0,'LINESTRING (8.413 44.2719, 8.414 44.2729)'
transf_2264_0,2936,2937,220.0,380.0,'LINESTRING (7.7273 45.2065, 7.7283 45.2075)'
transf_2266_0,2939,2940,220.0,380.0,'LINESTRING (9.8819 44.1065, 9.8829 44.1075)'
transf_2268_0,2942,2943,220.0,380.0,'LINESTRING (9.4286 45.332, 9.4296 45.333)'
transf_2269_0,2944,2945,220.0,380.0,'LINESTRING (9.4902 45.0784, 9.4912 45.0794)'
transf_2273_0,2949,2950,220.0,380.0,'LINESTRING (16.027 39.9847, 16.028 39.9857)'
transf_2279_0,2956,2957,220.0,380.0,'LINESTRING (15.2838 38.1968, 15.2848 38.1978)'
transf_2284_0,2962,2963,220.0,380.0,'LINESTRING (14.0975 40.9239, 14.0985 40.9249)'
transf_2289_0,2968,2969,220.0,380.0,'LINESTRING (10.8624 45.1548, 10.8634 45.1558)'
transf_2290_0,2970,2971,220.0,380.0,'LINESTRING (9.1471 39.2974, 9.1481 39.2984)'
transf_2305_0,2986,2987,220.0,380.0,'LINESTRING (8.7121 40.6522, 8.7131 40.6532)'
transf_2306_0,2988,2989,220.0,380.0,'LINESTRING (11.463 44.4823, 11.464 44.4833)'
transf_2308_0,2991,2992,220.0,380.0,'LINESTRING (11.2217 43.713, 11.2227 43.714)'
transf_2315_0,2999,3000,220.0,380.0,'LINESTRING (17.9857 40.635, 17.9867 40.636)'
transf_2334_0,3019,3020,220.0,380.0,'LINESTRING (15.1912 37.1322, 15.1922 37.1332)'
transf_2338_0,3024,3025,220.0,380.0,'LINESTRING (8.7603 45.5196, 8.7613 45.5206)'
transf_2341_0,3028,3029,220.0,380.0,'LINESTRING (9.3324 46.3134, 9.3334 46.3144)'
transf_2366_0,3054,3055,220.0,380.0,'LINESTRING (8.9999 39.2281, 9.0009 39.2291)'
transf_2375_0,3064,3065,220.0,380.0,'LINESTRING (11.4792 43.5644, 11.4802 43.5654)'
transf_2378_0,3068,3069,220.0,380.0,'LINESTRING (13.5123 42.8506, 13.5133 42.8516)'
transf_2389_0,3080,3081,220.0,380.0,'LINESTRING (10.1436 46.2189, 10.1446 46.2199)'
transf_2403_0,3095,3096,220.0,380.0,'LINESTRING (14.1282 42.402, 14.1292 42.403)'
transf_2403_1,3096,3097,380.0,500.0,'LINESTRING (14.1292 42.403, 14.1302 42.404)'
transf_2407_0,3101,3102,220.0,380.0,'LINESTRING (9.4515 45.6539, 9.4525 45.6549)'
transf_2423_0,3118,3119,330.0,400.0,'LINESTRING (23.9685 54.4408, 23.9695 54.4418)'
transf_2435_0,3131,3132,220.0,225.0,'LINESTRING (5.9803 49.5159, 5.9813 49.5169)'
transf_2459_0,3156,3157,220.0,400.0,'LINESTRING (21.4557 42.0458, 21.4567 42.0468)'
transf_2463_0,3161,3162,220.0,380.0,'LINESTRING (4.0693 51.9581, 4.0703 51.9591)'
transf_2466_0,3165,3166,220.0,380.0,'LINESTRING (5.8253 52.6178, 5.8263 52.6188)'
transf_2468_0,3168,3169,220.0,380.0,'LINESTRING (6.4666 53.2125, 6.4676 53.2135)'
transf_2469_0,3170,3171,220.0,380.0,'LINESTRING (6.9487 53.124, 6.9497 53.125)'
transf_2470_0,3172,3173,220.0,380.0,'LINESTRING (6.189 52.5308, 6.19 52.5318)'
transf_2475_0,3178,3179,220.0,380.0,'LINESTRING (6.8647 53.4373, 6.8657 53.4383)'
transf_2486_0,3190,3191,220.0,380.0,'LINESTRING (4.64 52.4782, 4.641 52.4792)'
transf_2487_0,3192,3193,220.0,380.0,'LINESTRING (3.7194 51.4353, 3.7204 51.4363)'
transf_2495_0,3201,3202,300.0,420.0,'LINESTRING (10.7443 59.5169, 10.7453 59.5179)'
transf_2497_0,3204,3205,300.0,420.0,'LINESTRING (10.3817 59.3297, 10.3827 59.3307)'
transf_2499_0,3207,3208,300.0,420.0,'LINESTRING (11.1554 59.3144, 11.1564 59.3154)'
transf_2502_0,3211,3212,300.0,420.0,'LINESTRING (5.7503 58.8013, 5.7513 58.8023)'
transf_2504_0,3214,3215,300.0,420.0,'LINESTRING (9.6299 59.0831, 9.6309 59.0841)'
transf_2505_0,3216,3217,300.0,420.0,'LINESTRING (10.6364 59.5799, 10.6374 59.5809)'
transf_2510_0,3222,3223,300.0,420.0,'LINESTRING (10.2156 59.8672, 10.2166 59.8682)'
transf_2515_0,3229,3230,300.0,420.0,'LINESTRING (8.4988 62.7092, 8.4998 62.7102)'
transf_2517_0,3232,3233,300.0,420.0,'LINESTRING (9.5508 59.2757, 9.5518 59.2767)'
transf_2520_0,3236,3237,300.0,420.0,'LINESTRING (11.5031 63.7526, 11.5041 63.7536)'
transf_2530_0,3247,3248,300.0,420.0,'LINESTRING (9.8322 59.7234, 9.8332 59.7244)'
transf_2531_0,3249,3250,300.0,420.0,'LINESTRING (10.4191 63.3267, 10.4201 63.3277)'
transf_2534_0,3253,3254,300.0,420.0,'LINESTRING (7.7252 59.7751, 7.7262 59.7761)'
transf_2535_0,3255,3256,300.0,420.0,'LINESTRING (6.3997 59.6608, 6.4007 59.6618)'
transf_2540_0,3261,3262,300.0,420.0,'LINESTRING (11.1327 60.0056, 11.1337 60.0066)'
transf_2541_0,3263,3264,300.0,420.0,'LINESTRING (8.4113 60.5741, 8.4123 60.5751)'
transf_2544_0,3267,3268,300.0,420.0,'LINESTRING (5.8506 60.4017, 5.8516 60.4027)'
transf_2551_0,3275,3276,300.0,420.0,'LINESTRING (7.0358 61.1808, 7.0368 61.1818)'
transf_2575_0,3300,3301,300.0,420.0,'LINESTRING (7.018 58.7696, 7.019 58.7706)'
transf_2588_0,3314,3315,220.0,400.0,'LINESTRING (16.7809 52.367, 16.7819 52.368)'
transf_2589_0,3316,3317,220.0,400.0,'LINESTRING (14.8963 53.3563, 14.8973 53.3573)'
transf_2591_0,3319,3320,220.0,400.0,'LINESTRING (14.4772 53.2012, 14.4782 53.2022)'
transf_2593_0,3322,3323,220.0,400.0,'LINESTRING (19.3371 50.3646, 19.3381 50.3656)'
transf_2596_0,3326,3327,220.0,400.0,'LINESTRING (18.8098 53.4382, 18.8108 53.4392)'
transf_2597_0,3328,3329,220.0,400.0,'LINESTRING (18.1204 53.1208, 18.1214 53.1218)'
transf_2598_0,3330,3331,220.0,400.0,'LINESTRING (19.151 50.3677, 19.152 50.3687)'
transf_2608_0,3341,3342,220.0,400.0,'LINESTRING (21.293 52.2277, 21.294 52.2287)'
transf_2609_0,3343,3344,220.0,400.0,'LINESTRING (20.3487 53.8284, 20.3497 53.8294)'
transf_2610_0,3345,3346,220.0,400.0,'LINESTRING (20.5289 53.8069, 20.5299 53.8079)'
transf_2613_0,3349,3350,220.0,400.0,'LINESTRING (15.1103 51.0911, 15.1113 51.0921)'
transf_2615_0,3352,3353,220.0,400.0,'LINESTRING (21.6238 53.1054, 21.6248 53.1064)'
transf_2616_0,3354,3355,220.0,400.0,'LINESTRING (18.435 54.335, 18.436 54.336)'
transf_2617_0,3356,3357,220.0,400.0,'LINESTRING (16.9198 52.3145, 16.9208 52.3155)'
transf_2618_0,3358,3359,220.0,400.0,'LINESTRING (19.2928 50.1636, 19.2938 50.1646)'
transf_2620_0,3361,3362,220.0,400.0,'LINESTRING (18.5316 50.1304, 18.5326 50.1314)'
transf_2635_0,3377,3378,220.0,400.0,'LINESTRING (22.3098 53.7631, 22.3108 53.7641)'
transf_2641_0,3384,3385,220.0,400.0,'LINESTRING (21.4596 51.6635, 21.4606 51.6645)'
transf_2643_0,3387,3388,220.0,400.0,'LINESTRING (16.0942 54.1269, 16.0952 54.1279)'
transf_2646_0,3391,3392,220.0,400.0,'LINESTRING (16.7258 54.0375, 16.7268 54.0385)'
transf_2647_0,3393,3394,220.0,400.0,'LINESTRING (16.3545 50.8533, 16.3555 50.8543)'
transf_2650_0,3397,3398,220.0,400.0,'LINESTRING (16.076 51.4957, 16.077 51.4967)'
transf_2655_0,3403,3404,220.0,400.0,'LINESTRING (19.7985 49.9658, 19.7995 49.9668)'
transf_2660_0,3409,3410,220.0,400.0,'LINESTRING (23.4394 51.1583, 23.4404 51.1593)'
transf_2662_0,3412,3413,220.0,400.0,'LINESTRING (20.4151 50.8998, 20.4161 50.9008)'
transf_2663_0,3414,3415,220.0,400.0,'LINESTRING (21.3423 50.4388, 21.3433 50.4398)'
transf_2667_0,3419,3420,220.0,400.0,'LINESTRING (18.2424 52.2991, 18.2434 52.3001)'
transf_2670_0,3423,3424,220.0,400.0,'LINESTRING (16.874 53.0777, 16.875 53.0787)'
transf_2671_0,3425,3426,220.0,400.0,'LINESTRING (19.3172 50.7602, 19.3182 50.7612)'
transf_2672_0,3427,3428,220.0,400.0,'LINESTRING (20.742 52.2285, 20.743 52.2295)'
transf_2673_0,3429,3430,220.0,400.0,'LINESTRING (21.4528 50.9313, 21.4538 50.9323)'
transf_2674_0,3431,3432,220.0,400.0,'LINESTRING (17.1683 52.2812, 17.1693 52.2822)'
transf_2677_0,3435,3436,220.0,400.0,'LINESTRING (17.877 53.0886, 17.878 53.0896)'
transf_2679_0,3438,3439,400.0,450.0,'LINESTRING (16.8912 54.5012, 16.8922 54.5022)'
transf_2682_0,3442,3443,220.0,400.0,'LINESTRING (21.5549 52.2697, 21.5559 52.2707)'
transf_2684_0,3445,3446,220.0,400.0,'LINESTRING (19.3265 51.2837, 19.3275 51.2847)'
transf_2689_0,3451,3452,220.0,400.0,'LINESTRING (18.6651 53.9448, 18.6661 53.9458)'
transf_2690_0,3453,3454,220.0,400.0,'LINESTRING (18.3816 54.2823, 18.3826 54.2833)'
transf_2694_0,3458,3459,220.0,400.0,'LINESTRING (21.5056 52.6192, 21.5066 52.6202)'
transf_2696_0,3461,3462,220.0,400.0,'LINESTRING (-9.1351 38.8852, -9.1341 38.8862)'
transf_2697_0,3463,3464,220.0,400.0,'LINESTRING (-9.1801 38.7751, -9.1791 38.7761)'
transf_2700_0,3467,3468,220.0,400.0,'LINESTRING (-8.4553 41.1573, -8.4543 41.1583)'
transf_2701_0,3469,3470,220.0,400.0,'LINESTRING (-8.3429 41.1912, -8.3419 41.1922)'
transf_2703_0,3472,3473,220.0,400.0,'LINESTRING (-7.369 41.1701, -7.368 41.1711)'
transf_2705_0,3475,3476,220.0,400.0,'LINESTRING (-9.0006 39.338, -8.9996 39.339)'
transf_2709_0,3480,3481,220.0,400.0,'LINESTRING (-8.5749 41.2197, -8.5739 41.2207)'
transf_2711_0,3483,3484,220.0,400.0,'LINESTRING (-7.6911 40.9613, -7.6901 40.9623)'
transf_2712_0,3485,3486,220.0,400.0,'LINESTRING (-8.13 41.0819, -8.129 41.0829)'
transf_2718_0,3492,3493,220.0,400.0,'LINESTRING (-7.6905 41.1207, -7.6895 41.1217)'
transf_2725_0,3500,3501,220.0,400.0,'LINESTRING (-8.472 40.4683, -8.471 40.4693)'
transf_2726_0,3502,3503,220.0,400.0,'LINESTRING (-7.9926 40.702, -7.9916 40.703)'
transf_2730_0,3507,3508,220.0,400.0,'LINESTRING (-7.5534 39.8274, -7.5524 39.8284)'
transf_2732_0,3510,3511,220.0,400.0,'LINESTRING (-8.791 39.6538, -8.79 39.6548)'
transf_2742_0,3521,3522,220.0,400.0,'LINESTRING (-8.9477 39.0174, -8.9467 39.0184)'
transf_2764_0,3544,3545,220.0,400.0,'LINESTRING (-7.4369 40.1623, -7.4359 40.1633)'
transf_2770_0,3551,3552,220.0,400.0,'LINESTRING (26.1851 44.3985, 26.1861 44.3995)'
transf_2778_0,3560,3561,220.0,400.0,'LINESTRING (22.8306 45.9151, 22.8316 45.9161)'
transf_2782_0,3565,3566,220.0,400.0,'LINESTRING (21.3764 46.1736, 21.3774 46.1746)'
transf_2784_0,3568,3569,220.0,400.0,'LINESTRING (24.1788 45.7808, 24.1798 45.7818)'
transf_2788_0,3573,3574,220.0,400.0,'LINESTRING (26.8278 46.2174, 26.8288 46.2184)'
transf_2792_0,3578,3579,220.0,400.0,'LINESTRING (23.2195 47.7086, 23.2205 47.7096)'
transf_2799_0,3586,3587,220.0,400.0,'LINESTRING (27.8547 45.2233, 27.8557 45.2243)'
transf_2805_0,3593,3594,220.0,400.0,'LINESTRING (24.3792 44.436, 24.3802 44.437)'
transf_2809_0,3598,3599,220.0,400.0,'LINESTRING (23.2568 44.9713, 23.2578 44.9723)'
transf_2814_0,3604,3605,220.0,400.0,'LINESTRING (26.2443 47.6191, 26.2453 47.6201)'
transf_2818_0,3609,3610,220.0,400.0,'LINESTRING (24.9088 44.7702, 24.9098 44.7712)'
transf_2822_0,3614,3615,220.0,400.0,'LINESTRING (21.9191 45.3395, 21.9201 45.3405)'
transf_2830_0,3623,3624,220.0,400.0,'LINESTRING (25.981 44.8908, 25.982 44.8918)'
transf_2831_0,3625,3626,220.0,400.0,'LINESTRING (24.6355 45.3307, 24.6365 45.3317)'
transf_2832_0,3627,3628,220.0,400.0,'LINESTRING (27.9804 45.4126, 27.9814 45.4136)'
transf_2834_0,3630,3631,400.0,750.0,'LINESTRING (28.4742 45.2601, 28.4752 45.2611)'
transf_2835_0,3632,3633,220.0,400.0,'LINESTRING (22.5299 44.6692, 22.5309 44.6702)'
transf_2839_0,3637,3638,220.0,400.0,'LINESTRING (24.1833 46.4635, 24.1843 46.4645)'
transf_2851_0,3650,3651,220.0,400.0,'LINESTRING (20.6874 44.847, 20.6884 44.848)'
transf_2852_0,3652,3653,220.0,400.0,'LINESTRING (20.1552 44.6708, 20.1562 44.6718)'
transf_2854_0,3655,3656,220.0,400.0,'LINESTRING (19.8478 45.3443, 19.8488 45.3453)'
transf_2855_0,3657,3658,220.0,400.0,'LINESTRING (21.971 43.302, 21.972 43.303)'
transf_2860_0,3663,3664,220.0,400.0,'LINESTRING (19.607 45.0143, 19.608 45.0153)'
transf_2865_0,3669,3670,220.0,400.0,'LINESTRING (20.9518 44.584, 20.9528 44.585)'
transf_2866_0,3671,3672,220.0,400.0,'LINESTRING (20.5875 44.736, 20.5885 44.737)'
transf_2871_0,3677,3678,220.0,400.0,'LINESTRING (20.5194 44.7868, 20.5204 44.7878)'
transf_2874_0,3681,3682,220.0,400.0,'LINESTRING (21.0701 42.6934, 21.0711 42.6944)'
transf_2876_0,3684,3685,220.0,400.0,'LINESTRING (20.7396 43.6807, 20.7406 43.6817)'
transf_2883_0,3692,3693,220.0,400.0,'LINESTRING (17.9872 59.4937, 17.9882 59.4947)'
transf_2884_0,3694,3695,220.0,400.0,'LINESTRING (18.0275 59.3891, 18.0285 59.3901)'
transf_2885_0,3696,3697,220.0,400.0,'LINESTRING (17.7026 59.2023, 17.7036 59.2033)'
transf_2887_0,3699,3700,220.0,400.0,'LINESTRING (18.0699 59.2626, 18.0709 59.2636)'
transf_2890_0,3703,3704,220.0,400.0,'LINESTRING (17.8533 59.6874, 17.8543 59.6884)'
transf_2909_0,3723,3724,220.0,400.0,'LINESTRING (17.8918 59.6172, 17.8928 59.6182)'
transf_2910_0,3725,3726,220.0,400.0,'LINESTRING (15.1051 59.2758, 15.1061 59.2768)'
transf_2912_0,3728,3729,220.0,400.0,'LINESTRING (18.052 59.9614, 18.053 59.9624)'
transf_2917_0,3734,3735,220.0,400.0,'LINESTRING (15.2551 63.2327, 15.2561 63.2337)'
transf_2922_0,3740,3741,220.0,236.0,'LINESTRING (13.3858 63.3891, 13.3868 63.3901)'
transf_2922_1,3741,3742,236.0,400.0,'LINESTRING (13.3868 63.3901, 13.3878 63.3911)'
transf_2922_2,3742,3743,400.0,412.0,'LINESTRING (13.3878 63.3911, 13.3888 63.3921)'
transf_2925_0,3746,3747,220.0,400.0,'LINESTRING (17.2419 59.7318, 17.2429 59.7328)'
transf_2929_0,3751,3752,220.0,400.0,'LINESTRING (17.0519 63.1691, 17.0529 63.1701)'
transf_2938_0,3761,3762,220.0,400.0,'LINESTRING (14.9197 59.0291, 14.9207 59.0301)'
transf_2939_0,3763,3764,220.0,400.0,'LINESTRING (18.1001 59.183, 18.1011 59.184)'
transf_2949_0,3774,3775,220.0,400.0,'LINESTRING (16.7935 63.5454, 16.7945 63.5464)'
transf_2951_0,3777,3778,220.0,400.0,'LINESTRING (16.7792 63.6345, 16.7802 63.6355)'
transf_2963_0,3790,3791,220.0,400.0,'LINESTRING (16.9414 62.3707, 16.9424 62.3717)'
transf_2973_0,3801,3802,220.0,400.0,'LINESTRING (17.5795 64.9644, 17.5805 64.9654)'
transf_2975_0,3804,3805,220.0,400.0,'LINESTRING (15.678 62.5162, 15.679 62.5172)'
transf_2989_0,3819,3820,220.0,236.0,'LINESTRING (13.6845 63.2989, 13.6855 63.2999)'
transf_3015_0,3846,3847,220.0,400.0,'LINESTRING (13.9688 45.6913, 13.9698 45.6923)'
transf_3017_0,3849,3850,220.0,400.0,'LINESTRING (15.7355 46.395, 15.7365 46.396)'
transf_3019_0,3852,3853,220.0,400.0,'LINESTRING (15.1297 46.2761, 15.1307 46.2771)'
transf_3020_0,3854,3855,220.0,400.0,'LINESTRING (14.6144 46.093, 14.6154 46.094)'
transf_3023_0,3858,3859,220.0,400.0,'LINESTRING (15.052 46.3718, 15.053 46.3728)'
transf_3026_0,3862,3863,220.0,400.0,'LINESTRING (17.6608 48.3374, 17.6618 48.3384)'
transf_3027_0,3864,3865,220.0,400.0,'LINESTRING (17.6943 48.4938, 17.6953 48.4948)'
transf_3028_0,3866,3867,220.0,400.0,'LINESTRING (21.255 48.8574, 21.256 48.8584)'
transf_3033_0,3872,3873,220.0,400.0,'LINESTRING (18.5111 48.6705, 18.5121 48.6715)'
transf_3035_0,3875,3876,220.0,400.0,'LINESTRING (21.9761 48.5564, 21.9771 48.5574)'
transf_3040_0,3881,3882,220.0,400.0,'LINESTRING (18.977 49.0907, 18.978 49.0917)'
transf_3043_0,3885,3886,220.0,400.0,'LINESTRING (21.8463 48.8561, 21.8473 48.8571)'
transf_3050_0,3893,3894,330.0,750.0,'LINESTRING (30.1022 51.3853, 30.1032 51.3863)'
transf_3051_0,3895,3896,330.0,750.0,'LINESTRING (34.6171 47.511, 34.6181 47.512)'
transf_3052_0,3897,3898,330.0,750.0,'LINESTRING (31.2155 47.8133, 31.2165 47.8143)'
transf_3054_0,3900,3901,220.0,330.0,'LINESTRING (33.6339 46.2326, 33.6349 46.2336)'
transf_3055_0,3902,3903,220.0,330.0,'LINESTRING (34.3658 45.6994, 34.3668 45.7004)'
transf_3061_0,3909,3910,220.0,330.0,'LINESTRING (34.2134 44.9286, 34.2144 44.9296)'
transf_3072_0,3921,3922,220.0,500.0,'LINESTRING (38.488 48.5137, 38.489 48.5147)'
transf_3075_0,3925,3926,330.0,750.0,'LINESTRING (24.2473 49.3852, 24.2483 49.3862)'
transf_3078_0,3929,3930,330.0,750.0,'LINESTRING (29.6941 50.4929, 29.6951 50.4939)'
transf_3089_0,3941,3942,220.0,330.0,'LINESTRING (37.9248 48.0155, 37.9258 48.0165)'
transf_3091_0,3944,3945,330.0,750.0,'LINESTRING (34.0352 48.4353, 34.0362 48.4363)'
transf_3096_0,3950,3951,330.0,750.0,'LINESTRING (37.4277 47.3251, 37.4287 47.3261)'
transf_3105_0,3960,3961,220.0,330.0,'LINESTRING (24.0323 49.7439, 24.0333 49.7449)'
transf_3110_0,3966,3967,220.0,330.0,'LINESTRING (24.1354 49.4274, 24.1364 49.4284)'
transf_3112_0,3969,3970,220.0,330.0,'LINESTRING (24.1938 50.7056, 24.1948 50.7066)'
transf_3113_0,3971,3972,220.0,400.0,'LINESTRING (22.6211 48.4158, 22.6221 48.4168)'
transf_3117_0,3976,3977,220.0,330.0,'LINESTRING (24.7164 51.1916, 24.7174 51.1926)'
transf_3125_0,3985,3986,330.0,750.0,'LINESTRING (35.5078 47.9992, 35.5088 48.0002)'
transf_3126_0,3987,3988,330.0,750.0,'LINESTRING (33.7696 50.6904, 33.7706 50.6914)'
transf_3129_0,3991,3992,330.0,500.0,'LINESTRING (38.0896 48.5584, 38.0906 48.5594)'
transf_3129_1,3992,3993,500.0,750.0,'LINESTRING (38.0906 48.5594, 38.0916 48.5604)'
transf_3144_0,4008,4009,220.0,330.0,'LINESTRING (33.3847 46.748, 33.3857 46.749)'
transf_3149_0,4014,4015,220.0,330.0,'LINESTRING (37.5428 47.1776, 37.5438 47.1786)'
transf_3155_0,4021,4022,220.0,330.0,'LINESTRING (38.2665 48.0216, 38.2675 48.0226)'
transf_3159_0,4026,4027,220.0,500.0,'LINESTRING (39.6512 48.1578, 39.6522 48.1588)'
transf_3171_0,4039,4040,220.0,330.0,'LINESTRING (31.837 47.1171, 31.838 47.1181)'
transf_3178_0,4047,4048,330.0,750.0,'LINESTRING (33.1912 46.7221, 33.1922 46.7231)'
transf_3184_0,4054,4055,330.0,333.0,'LINESTRING (25.8981 51.3237, 25.8991 51.3247)'
transf_3184_1,4055,4056,333.0,750.0,'LINESTRING (25.8991 51.3247, 25.9001 51.3257)'
transf_3188_0,4060,4061,220.0,330.0,'LINESTRING (26.1135 50.7122, 26.1145 50.7132)'
transf_3189_0,4062,4063,220.0,330.0,'LINESTRING (33.6064 46.2893, 33.6074 46.2903)'
transf_3190_0,4064,4065,220.0,330.0,'LINESTRING (33.608 44.5632, 33.609 44.5642)'
transf_3192_0,4067,4068,220.0,500.0,'LINESTRING (38.062 48.9738, 38.063 48.9748)'
transf_3193_0,4069,4070,220.0,330.0,'LINESTRING (37.7637 48.8719, 37.7647 48.8729)'
transf_3199_0,4076,4077,220.0,330.0,'LINESTRING (31.0572 46.9081, 31.0582 46.9091)'
transf_3200_0,4078,4079,330.0,400.0,'LINESTRING (26.6406 50.2997, 26.6416 50.3007)'
transf_3200_1,4079,4080,400.0,750.0,'LINESTRING (26.6416 50.3007, 26.6426 50.3017)'
transf_3204_0,4084,4085,330.0,400.0,'LINESTRING (29.9367 46.6334, 29.9377 46.6344)'
transf_3208_0,4089,4090,220.0,380.0,'LINESTRING (5.4719 50.5403, 5.4729 50.5413)'
transf_3209_0,4091,4092,220.0,380.0,'LINESTRING (10.3328 46.8045, 10.3338 46.8055)'
transf_3211_0,4094,4095,220.0,400.0,'LINESTRING (1.8973 41.3627, 1.8983 41.3637)'
transf_3216_0,4100,4101,275.0,400.0,'LINESTRING (-3.9569 51.6873, -3.9559 51.6883)'
transf_3217_0,4102,4103,275.0,400.0,'LINESTRING (-0.4832 51.3515, -0.4822 51.3525)'
transf_3221_0,4107,4108,275.0,400.0,'LINESTRING (-2.758 53.7445, -2.757 53.7455)'
transf_3224_0,4111,4112,275.0,400.0,'LINESTRING (-2.0428 53.4927, -2.0418 53.4937)'
transf_3232_0,4120,4121,275.0,400.0,'LINESTRING (-1.2652 52.8618, -1.2642 52.8628)'
transf_3233_0,4122,4123,275.0,400.0,'LINESTRING (-2.9613 54.9421, -2.9603 54.9431)'
transf_3235_0,4125,4126,220.0,400.0,'LINESTRING (21.514 47.611, 21.515 47.612)'
transf_3237_0,4128,4129,200.0,220.0,'LINESTRING (10.9909 45.7522, 10.9919 45.7532)'
transf_3238_0,4130,4131,220.0,380.0,'LINESTRING (10.2636 45.5791, 10.2646 45.5801)'
transf_3247_0,4140,4141,300.0,420.0,'LINESTRING (7.3017 60.8614, 7.3027 60.8624)'
transf_3257_0,4151,4152,300.0,420.0,'LINESTRING (8.9492 60.2642, 8.9502 60.2652)'
transf_3261_0,4156,4157,300.0,420.0,'LINESTRING (7.9004 58.2597, 7.9014 58.2607)'
transf_3263_0,4159,4160,300.0,420.0,'LINESTRING (6.8604 58.2735, 6.8614 58.2745)'
transf_3267_0,4164,4165,220.0,300.0,'LINESTRING (13.783 66.0508, 13.784 66.0518)'
transf_3267_1,4165,4166,300.0,420.0,'LINESTRING (13.784 66.0518, 13.785 66.0528)'
transf_3271_0,4170,4171,300.0,420.0,'LINESTRING (12.8371 64.7039, 12.8381 64.7049)'
transf_3285_0,4185,4186,300.0,420.0,'LINESTRING (6.6528 59.0591, 6.6538 59.0601)'
transf_3286_0,4187,4188,300.0,420.0,'LINESTRING (6.7277 58.6584, 6.7287 58.6594)'
transf_3292_0,4194,4195,300.0,420.0,'LINESTRING (6.6745 59.484, 6.6755 59.485)'
transf_3301_0,4204,4205,220.0,400.0,'LINESTRING (16.9847 60.603, 16.9857 60.604)'
transf_3306_0,4210,4211,400.0,420.0,'LINESTRING (11.7245 58.8432, 11.7255 58.8442)'
transf_3310_0,4215,4216,220.0,400.0,'LINESTRING (16.7008 62.8008, 16.7018 62.8018)'
transf_3312_0,4218,4219,220.0,400.0,'LINESTRING (14.6401 62.4904, 14.6411 62.4914)'
transf_3320_0,4227,4228,220.0,330.0,'LINESTRING (25.266 50.1185, 25.267 50.1195)'
transf_3321_0,4229,4230,220.0,330.0,'LINESTRING (24.6646 49.2071, 24.6656 49.2081)'
transf_3321_1,4230,4231,330.0,400.0,'LINESTRING (24.6656 49.2081, 24.6666 49.2091)'
transf_3327_0,4237,4238,220.0,330.0,'LINESTRING (38.5451 48.6599, 38.5461 48.6609)'
transf_3327_1,4238,4239,330.0,400.0,'LINESTRING (38.5461 48.6609, 38.5471 48.6619)'
transf_3331_0,4243,4244,330.0,750.0,'LINESTRING (28.7223 49.165, 28.7233 49.166)'
transf_3333_0,4246,4247,220.0,330.0,'LINESTRING (25.387 50.7757, 25.388 50.7767)'
transf_3358_0,4272,4273,220.0,400.0,'LINESTRING (-8.2922 40.9579, -8.2912 40.9589)'
transf_3362_0,4277,4278,220.0,400.0,'LINESTRING (-7.8266 41.1314, -7.8256 41.1324)'
transf_3367_0,4283,4284,220.0,400.0,'LINESTRING (-7.4516 41.1534, -7.4506 41.1544)'
transf_3376_0,4293,4294,220.0,400.0,'LINESTRING (-6.7798 42.6133, -6.7788 42.6143)'
transf_3381_0,4300,4301,220.0,400.0,'LINESTRING (-6.2054 42.5789, -6.2044 42.5799)'
transf_3390_0,4310,4311,220.0,400.0,'LINESTRING (-5.983 42.4338, -5.982 42.4348)'
transf_3400_0,4321,4322,220.0,400.0,'LINESTRING (-5.5399 43.38, -5.5389 43.381)'
transf_3402_0,4324,4325,220.0,400.0,'LINESTRING (-5.4651 43.3782, -5.4641 43.3792)'
transf_3403_0,4326,4327,220.0,400.0,'LINESTRING (-5.3867 43.3696, -5.3857 43.3706)'
transf_3404_0,4328,4329,220.0,400.0,'LINESTRING (-5.2523 43.3762, -5.2513 43.3772)'
transf_3405_0,4330,4331,220.0,400.0,'LINESTRING (-5.1874 42.0866, -5.1864 42.0876)'
transf_3411_0,4337,4338,220.0,400.0,'LINESTRING (-4.5765 43.3342, -4.5755 43.3352)'
transf_3413_0,4340,4341,220.0,400.0,'LINESTRING (-4.4871 41.2697, -4.4861 41.2707)'
transf_3422_0,4350,4351,220.0,400.0,'LINESTRING (-3.6371 40.6374, -3.6361 40.6384)'
transf_3451_0,4380,4381,220.0,400.0,'LINESTRING (-0.6509 39.3994, -0.6499 39.4004)'
transf_3453_0,4383,4384,220.0,225.0,'LINESTRING (-0.0693 42.7109, -0.0683 42.7119)'
transf_3454_0,4385,4386,220.0,400.0,'LINESTRING (-0.0291 40.0471, -0.0281 40.0481)'
transf_3484_0,4416,4417,220.0,225.0,'LINESTRING (4.7654 50.1386, 4.7664 50.1396)'
transf_3488_0,4421,4422,220.0,380.0,'LINESTRING (6.1105 52.5734, 6.1115 52.5744)'
transf_3491_0,4425,4426,220.0,380.0,'LINESTRING (6.5299 51.7384, 6.5309 51.7394)'
transf_3499_0,4434,4435,220.0,225.0,'LINESTRING (6.7136 49.2255, 6.7146 49.2265)'
transf_3500_0,4436,4437,220.0,380.0,'LINESTRING (6.7651 51.6691, 6.7661 51.6701)'
transf_3502_0,4439,4440,220.0,380.0,'LINESTRING (6.8336 53.3026, 6.8346 53.3036)'
transf_3503_0,4441,4442,220.0,380.0,'LINESTRING (6.8561 51.6797, 6.8571 51.6807)'
transf_3505_0,4444,4445,220.0,380.0,'LINESTRING (6.8867 49.526, 6.8877 49.527)'
transf_3506_0,4446,4447,220.0,380.0,'LINESTRING (6.8893 49.6456, 6.8903 49.6466)'
transf_3507_0,4448,4449,220.0,380.0,'LINESTRING (6.9291 53.174, 6.9301 53.175)'
transf_3508_0,4450,4451,220.0,380.0,'LINESTRING (6.9667 52.0091, 6.9677 52.0101)'
transf_3509_0,4452,4453,220.0,380.0,'LINESTRING (7.0091 50.6891, 7.0101 50.6901)'
transf_3510_0,4454,4455,220.0,380.0,'LINESTRING (7.0299 50.7513, 7.0309 50.7523)'
transf_3513_0,4458,4459,220.0,380.0,'LINESTRING (7.0909 50.5857, 7.0919 50.5867)'
transf_3516_0,4462,4463,220.0,380.0,'LINESTRING (7.1562 50.5527, 7.1572 50.5537)'
transf_3518_0,4465,4466,220.0,380.0,'LINESTRING (7.2088 50.5144, 7.2098 50.5154)'
transf_3521_0,4469,4470,220.0,380.0,'LINESTRING (7.3822 52.1841, 7.3832 52.1851)'
transf_3522_0,4471,4472,220.0,380.0,'LINESTRING (7.4155 52.031, 7.4165 52.032)'
transf_3523_0,4473,4474,220.0,380.0,'LINESTRING (7.4948 50.3492, 7.4958 50.3502)'
transf_3526_0,4477,4478,220.0,380.0,'LINESTRING (7.5681 47.3271, 7.5691 47.3281)'
transf_3528_0,4480,4481,220.0,380.0,'LINESTRING (7.6099 51.6888, 7.6109 51.6898)'
transf_3530_0,4483,4484,220.0,380.0,'LINESTRING (7.6474 47.0942, 7.6484 47.0952)'
transf_3533_0,4487,4488,220.0,380.0,'LINESTRING (7.7687 51.1831, 7.7697 51.1841)'
transf_3538_0,4493,4494,220.0,380.0,'LINESTRING (7.8354 52.456, 7.8364 52.457)'
transf_3539_0,4495,4496,220.0,380.0,'LINESTRING (7.8677 52.3851, 7.8687 52.3861)'
transf_3540_0,4497,4498,220.0,380.0,'LINESTRING (7.8839 49.863, 7.8849 49.864)'
transf_3543_0,4501,4502,220.0,380.0,'LINESTRING (7.9366 47.4236, 7.9376 47.4246)'
transf_3544_0,4503,4504,220.0,380.0,'LINESTRING (7.9831 52.4576, 7.9841 52.4586)'
transf_3546_0,4506,4507,220.0,380.0,'LINESTRING (8.0196 52.2526, 8.0206 52.2536)'
transf_3549_0,4510,4511,220.0,380.0,'LINESTRING (8.1215 49.5768, 8.1225 49.5778)'
transf_3554_0,4516,4517,220.0,380.0,'LINESTRING (8.173 47.6511, 8.174 47.6521)'
transf_3555_0,4518,4519,220.0,380.0,'LINESTRING (8.1763 47.4816, 8.1773 47.4826)'
transf_3561_0,4525,4526,220.0,380.0,'LINESTRING (8.3093 49.3133, 8.3103 49.3143)'
transf_3562_0,4527,4528,220.0,380.0,'LINESTRING (8.373 46.4839, 8.374 46.4849)'
transf_3563_0,4529,4530,220.0,380.0,'LINESTRING (8.3191 52.4511, 8.3201 52.4521)'
transf_3565_0,4532,4533,220.0,380.0,'LINESTRING (8.3777 49.0782, 8.3787 49.0792)'
transf_3566_0,4534,4535,220.0,380.0,'LINESTRING (8.4025 52.4977, 8.4035 52.4987)'
transf_3575_0,4544,4545,220.0,380.0,'LINESTRING (8.6282 46.8798, 8.6292 46.8808)'
transf_3576_0,4546,4547,220.0,380.0,'LINESTRING (8.6366 45.4921, 8.6376 45.4931)'
transf_3577_0,4548,4549,220.0,380.0,'LINESTRING (8.6785 49.9582, 8.6795 49.9592)'
transf_3580_0,4552,4553,220.0,380.0,'LINESTRING (8.9127 47.1779, 8.9137 47.1789)'
transf_3582_0,4555,4556,220.0,380.0,'LINESTRING (8.9864 46.8815, 8.9874 46.8825)'
transf_3585_0,4559,4560,220.0,380.0,'LINESTRING (9.0817 47.1293, 9.0827 47.1303)'
transf_3586_0,4561,4562,220.0,380.0,'LINESTRING (9.0962 46.9989, 9.0972 46.9999)'
transf_3587_0,4563,4564,220.0,380.0,'LINESTRING (9.0961 50.1192, 9.0971 50.1202)'
transf_3589_0,4566,4567,220.0,380.0,'LINESTRING (9.1917 46.8925, 9.1927 46.8935)'
transf_3590_0,4568,4569,220.0,380.0,'LINESTRING (9.3207 52.3512, 9.3217 52.3522)'
transf_3592_0,4571,4572,220.0,380.0,'LINESTRING (9.3794 47.0679, 9.3804 47.0689)'
transf_3600_0,4580,4581,220.0,380.0,'LINESTRING (9.5631 46.6648, 9.5641 46.6658)'
transf_3601_0,4582,4583,220.0,380.0,'LINESTRING (9.6116 46.582, 9.6126 46.583)'
transf_3605_0,4587,4588,220.0,380.0,'LINESTRING (9.8585 51.7973, 9.8595 51.7983)'
transf_3607_0,4590,4591,220.0,380.0,'LINESTRING (9.9116 51.7064, 9.9126 51.7074)'
transf_3610_0,4594,4595,220.0,380.0,'LINESTRING (10.147 47.9912, 10.148 47.9922)'
transf_3612_0,4597,4598,220.0,380.0,'LINESTRING (10.282 49.9012, 10.283 49.9022)'
transf_3619_0,4605,4606,220.0,380.0,'LINESTRING (10.6583 47.5592, 10.6593 47.5602)'
transf_3620_0,4607,4608,220.0,380.0,'LINESTRING (10.6845 47.1361, 10.6855 47.1371)'
transf_3631_0,4619,4620,220.0,380.0,'LINESTRING (11.5701 48.2993, 11.5711 48.3003)'
transf_3642_0,4631,4632,220.0,380.0,'LINESTRING (12.2658 45.6037, 12.2668 45.6047)'
transf_3665_0,4655,4656,220.0,400.0,'LINESTRING (14.1363 58.7219, 14.1373 58.7229)'
transf_3666_0,4657,4658,220.0,400.0,'LINESTRING (14.1688 63.3245, 14.1698 63.3255)'
transf_3685_0,4677,4678,220.0,400.0,'LINESTRING (14.9115 50.9498, 14.9125 50.9508)'
transf_3687_0,4680,4681,220.0,400.0,'LINESTRING (15.0334 52.7644, 15.0344 52.7654)'
transf_3702_0,4696,4697,220.0,400.0,'LINESTRING (16.0131 61.3706, 16.0141 61.3716)'
transf_3703_0,4698,4699,220.0,400.0,'LINESTRING (16.0497 61.3215, 16.0507 61.3225)'
transf_3709_0,4705,4706,220.0,380.0,'LINESTRING (16.3742 47.9836, 16.3752 47.9846)'
transf_3710_0,4707,4708,220.0,400.0,'LINESTRING (16.3993 49.2226, 16.4003 49.2236)'
transf_3719_0,4717,4718,220.0,400.0,'LINESTRING (16.8873 62.5444, 16.8883 62.5454)'
transf_3722_0,4721,4722,220.0,400.0,'LINESTRING (16.9174 62.4439, 16.9184 62.4449)'
transf_3731_0,4731,4732,220.0,380.0,'LINESTRING (17.1026 47.9138, 17.1036 47.9148)'
transf_3731_1,4732,4733,380.0,400.0,'LINESTRING (17.1036 47.9148, 17.1046 47.9158)'
transf_3733_0,4735,4736,220.0,400.0,'LINESTRING (17.201 60.525, 17.202 60.526)'
transf_3754_0,4757,4758,220.0,400.0,'LINESTRING (18.685 47.379, 18.686 47.38)'
transf_3759_0,4763,4764,220.0,400.0,'LINESTRING (19.0698 44.4039, 19.0708 44.4049)'
transf_3761_0,4766,4767,220.0,400.0,'LINESTRING (19.2179 50.2097, 19.2189 50.2107)'
transf_3763_0,4769,4770,220.0,400.0,'LINESTRING (19.2446 50.2532, 19.2456 50.2542)'
transf_3764_0,4771,4772,220.0,400.0,'LINESTRING (19.2814 43.7922, 19.2824 43.7932)'
transf_3766_0,4774,4775,220.0,400.0,'LINESTRING (19.326 43.3373, 19.327 43.3383)'
transf_3780_0,4789,4790,220.0,400.0,'LINESTRING (20.0078 44.6562, 20.0088 44.6572)'
transf_3785_0,4795,4796,220.0,400.0,'LINESTRING (20.157 45.1794, 20.158 45.1804)'
transf_3798_0,4809,4810,220.0,400.0,'LINESTRING (21.0782 47.9183, 21.0792 47.9193)'
transf_3801_0,4813,4814,220.0,400.0,'LINESTRING (21.1427 50.1055, 21.1437 50.1065)'
transf_3810_0,4823,4824,220.0,400.0,'LINESTRING (22.3182 48.3294, 22.3192 48.3304)'
transf_3816_0,4830,4831,220.0,400.0,'LINESTRING (23.1389 44.9089, 23.1399 44.9099)'
transf_3831_0,4846,4847,220.0,400.0,'LINESTRING (23.9649 43.4908, 23.9659 43.4918)'
transf_3838_0,4854,4855,220.0,400.0,'LINESTRING (24.3183 42.1512, 24.3193 42.1522)'
transf_3852_0,4869,4870,220.0,400.0,'LINESTRING (25.5723 64.2453, 25.5733 64.2463)'
transf_3858_0,4876,4877,220.0,400.0,'LINESTRING (25.9281 44.8586, 25.9291 44.8596)'
transf_3860_0,4879,4880,220.0,400.0,'LINESTRING (26.1356 42.2579, 26.1366 42.2589)'
transf_3869_0,4889,4890,220.0,400.0,'LINESTRING (27.3056 43.0621, 27.3066 43.0631)'
transf_3870_0,4891,4892,220.0,400.0,'LINESTRING (27.9213 45.167, 27.9223 45.168)'
transf_3873_0,4895,4896,220.0,330.0,'LINESTRING (33.4719 46.6665, 33.4729 46.6675)'
transf_3874_0,4897,4898,220.0,330.0,'LINESTRING (33.4942 46.5784, 33.4952 46.5794)'
transf_3944_0,4968,4969,225.0,400.0,'LINESTRING (4.5364 46.5897, 4.5374 46.5907)'
transf_3945_0,4970,4971,225.0,400.0,'LINESTRING (4.5651 46.9021, 4.5661 46.9031)'
transf_3948_0,4974,4975,225.0,400.0,'LINESTRING (4.7689 49.9857, 4.7699 49.9867)'
transf_3970_0,4997,4998,225.0,400.0,'LINESTRING (6.6306 48.2555, 6.6316 48.2565)'
transf_3987_0,5015,5016,275.0,400.0,'LINESTRING (-4.5083 55.8682, -4.5073 55.8692)'
transf_3990_0,5019,5020,275.0,400.0,'LINESTRING (-3.9038 56.189, -3.9028 56.19)'
transf_3997_0,5027,5028,275.0,400.0,'LINESTRING (-2.6906 51.6032, -2.6896 51.6042)'
transf_3998_0,5029,5030,275.0,400.0,'LINESTRING (-2.5956 51.5955, -2.5946 51.5965)'
transf_4000_0,5032,5033,275.0,400.0,'LINESTRING (-2.1525 52.364, -2.1515 52.365)'
transf_4003_0,5036,5037,275.0,400.0,'LINESTRING (-2.0685 53.656, -2.0675 53.657)'
transf_4004_0,5038,5039,275.0,400.0,'LINESTRING (-1.8398 52.7278, -1.8388 52.7288)'
transf_4005_0,5040,5041,275.0,400.0,'LINESTRING (-1.7508 52.6163, -1.7498 52.6173)'
transf_4006_0,5042,5043,275.0,400.0,'LINESTRING (-1.7162 52.3953, -1.7152 52.3963)'
transf_4007_0,5044,5045,275.0,400.0,'LINESTRING (-1.7101 52.4541, -1.7091 52.4551)'
transf_4008_0,5046,5047,275.0,400.0,'LINESTRING (-1.4719 53.7175, -1.4709 53.7185)'
transf_4010_0,5049,5050,275.0,400.0,'LINESTRING (-1.3719 52.844, -1.3709 52.845)'
transf_4030_0,5070,5071,300.0,420.0,'LINESTRING (8.6264 62.8462, 8.6274 62.8472)'
transf_4033_0,5074,5075,300.0,420.0,'LINESTRING (9.023 59.7853, 9.024 59.7863)'
transf_4047_0,5089,5090,300.0,420.0,'LINESTRING (10.9049 59.9886, 10.9059 59.9896)'
transf_4170_0,5213,5214,380.0,400.0,'LINESTRING (4.8211 50.0178, 4.8221 50.0188)'
transf_4190_0,5234,5235,380.0,400.0,'LINESTRING (6.8884 45.6783, 6.8894 45.6793)'
transf_4194_0,5239,5240,380.0,400.0,'LINESTRING (6.9632 45.2036, 6.9642 45.2046)'
transf_4199_0,5245,5246,380.0,400.0,'LINESTRING (7.1285 47.3474, 7.1295 47.3484)'
transf_4200_0,5247,5248,380.0,400.0,'LINESTRING (7.1976 47.4334, 7.1986 47.4344)'
transf_4274_0,5322,5323,380.0,400.0,'LINESTRING (9.3221 54.8058, 9.3231 54.8068)'
transf_4347_0,5396,5397,380.0,400.0,'LINESTRING (12.5189 49.6417, 12.5199 49.6427)'
transf_4354_0,5404,5405,380.0,400.0,'LINESTRING (13.2101 50.5289, 13.2111 50.5299)'
transf_4357_0,5408,5409,380.0,400.0,'LINESTRING (13.5873 45.8715, 13.5883 45.8725)'
transf_4366_0,5418,5419,380.0,400.0,'LINESTRING (15.6506 46.6923, 15.6516 46.6933)'
transf_4370_0,5423,5424,380.0,400.0,'LINESTRING (16.0882 48.746, 16.0892 48.747)'
transf_4503_0,5557,5558,400.0,420.0,'LINESTRING (11.8172 59.3375, 11.8182 59.3385)'
transf_4506_0,5561,5562,400.0,420.0,'LINESTRING (12.0596 63.1767, 12.0606 63.1777)'
transf_4537_0,5593,5594,400.0,412.0,'LINESTRING (13.9907 63.3402, 13.9917 63.3412)'
transf_4623_0,5680,5681,400.0,420.0,'LINESTRING (17.4645 68.0817, 17.4655 68.0827)'
transf_4719_0,5777,5778,400.0,750.0,'LINESTRING (22.5069 48.4623, 22.5079 48.4633)'
